{
  "group_name": "extratic\\assets\\extratic\\textures\\items\\parts\\twilightforest\\knightmetal_toughrod.png",
  "segment_dicts": [
    {
      "equivalent": false,
      "hues": [
        0.07539682539682539
      ],
      "lightness": 0.3254901960784314,
      "sats": [
        0.5060240963855421
      ],
      "vals": [
        0.3254901960784314
      ],
      "variance": 0.6153113828172816
    },
    {
      "equivalent": false,
      "hues": [
        0.07291666666666662,
        0.07338238068289,
        0.07930107526881719
      ],
      "lightness": 0.5395566922421142,
      "sats": [
        0.6358974358974359,
        0.560952380952381,
        0.5106382978723405
      ],
      "vals": [
        0.3686274509803922,
        0.5147058823529412,
        0.7647058823529412
      ],
      "variance": 0.37118958122869034
    }
  ]
}