{
  "group_name": "extratic\\assets\\extratic\\textures\\items\\excavator\\generic\\amethyst_excavator_handle.png",
  "segment_dicts": [
    {
      "equivalent": false,
      "hues": [
        0.7573529411764706,
        0.7587612061939691,
        0.7589531680440772
      ],
      "lightness": 0.6160539215686274,
      "sats": [
        0.7234042553191491,
        0.7202380952380952,
        0.3686345200540785
      ],
      "vals": [
        0.3686274509803923,
        0.6588235294117647,
        0.8701960784313725
      ],
      "variance": 0.23869851596886968
    }
  ]
}