{
  "group_name": "tinker\\assets\\tinker\\textures\\blocks\\glass\\stainedglass_gray.png",
  "segment_dicts": [
    {
      "equivalent": false,
      "hues": [
        0.7754385964912281
      ],
      "lightness": 0.9999999999999998,
      "sats": [
        0.37254901960784315
      ],
      "vals": [
        1.0
      ],
      "variance": 0.14510960454490845
    },
    {
      "equivalent": false,
      "hues": [
        0.7758620689655172
      ],
      "lightness": 0.8470588235294099,
      "sats": [
        0.5370370370370371
      ],
      "vals": [
        0.8470588235294118
      ],
      "variance": 0.17130994980996173
    },
    {
      "equivalent": false,
      "hues": [
        0.7701149425287356
      ],
      "lightness": 0.44705882352941173,
      "sats": [
        0.763157894736842
      ],
      "vals": [
        0.4470588235294118
      ],
      "variance": 0.3245872733241373
    },
    {
      "equivalent": false,
      "hues": [
        0.7701149425287356,
        0.7754385964912281
      ],
      "lightness": 0.6928104575163399,
      "sats": [
        0.763157894736842,
        0.37254901960784315
      ],
      "vals": [
        0.4470588235294118,
        1.0
      ],
      "variance": 0.20945065561670745
    }
  ]
}