{
  "group_name": "tinker\\assets\\tinker\\textures\\blocks\\glass\\stained\\gray\\glass_1_u.png",
  "segment_dicts": [
    {
      "equivalent": false,
      "hues": [
        0.7701149425287356
      ],
      "lightness": 0.44705882352941173,
      "sats": [
        0.763157894736842
      ],
      "vals": [
        0.4470588235294118
      ],
      "variance": 0.3098426329841078
    },
    {
      "equivalent": false,
      "hues": [
        0.7758620689655172
      ],
      "lightness": 0.8470588235294096,
      "sats": [
        0.5370370370370371
      ],
      "vals": [
        0.8470588235294118
      ],
      "variance": 0.1635280562971684
    },
    {
      "equivalent": false,
      "hues": [
        0.7701149425287356,
        0.7754385964912281
      ],
      "lightness": 0.6840336134453782,
      "sats": [
        0.7631578947368423,
        0.37254901960784315
      ],
      "vals": [
        0.44705882352941184,
        1.0
      ],
      "variance": 0.20250157339993285
    },
    {
      "equivalent": false,
      "hues": [
        0.7754385964912281
      ],
      "lightness": 1.0000000000000002,
      "sats": [
        0.37254901960784315
      ],
      "vals": [
        1.0
      ],
      "variance": 0.13851788298113052
    }
  ]
}