{
  "group_name": "witchery\\assets\\witchery\\textures\\blocks\\circleglyph2.12.png",
  "segment_dicts": [
    {
      "equivalent": false,
      "hues": [
        0.0
      ],
      "lightness": 0.9663035584604212,
      "sats": [
        0.0
      ],
      "vals": [
        0.8862745098039215,
        1.0
      ],
      "variance": 0.30765190016801486
    }
  ]
}