{
  "group_name": "witchery\\assets\\witchery\\textures\\blocks\\critterSnare_magmacube.png",
  "segment_dicts": [
    {
      "equivalent": true,
      "hues": [
        0.09681881051175656,
        0.13333333333333333,
        0.20472972972972978
      ],
      "lightness": 0.36479925303454713,
      "sats": [
        0.6089703095388502,
        0.5692307692307693,
        0.3529411764705882
      ],
      "vals": [
        0.25490196078431376,
        0.34488017429193896,
        1.0
      ],
      "variance": 0.997845207011964
    },
    {
      "equivalent": true,
      "hues": [
        0.0111536010197578,
        0.07727272727272727,
        0.14942528735632182
      ],
      "lightness": 0.24836601307189543,
      "sats": [
        1.0,
        0.6755373592630501,
        0.5132743362831858
      ],
      "vals": [
        0.12064590542099193,
        0.3831372549019608,
        0.9970588235294118
      ],
      "variance": 1.465632039020956
    }
  ]
}