{
  "group_name": "witchery\\assets\\witchery\\textures\\blocks\\bramble_ender.png",
  "segment_dicts": [
    {
      "equivalent": false,
      "hues": [
        0.9517133956386292,
        0.05937328202308961,
        0.06060606060606061
      ],
      "lightness": 0.3479910556968676,
      "sats": [
        0.5409836065573771,
        0.5397626112759644,
        0.48213710975217244
      ],
      "vals": [
        0.23921568627450981,
        0.3073415412676699,
        0.3749019607843137
      ],
      "variance": 0.953371759194083
    },
    {
      "equivalent": false,
      "hues": [
        0.7819148936170213,
        0.7964416535845107,
        0.8025415444770284
      ],
      "lightness": 0.3010784313725491,
      "sats": [
        0.9791666666666667,
        0.8561827956989247,
        0.8378378378378378
      ],
      "vals": [
        0.22443438914027147,
        0.22801120448179268,
        0.3764705882352941
      ],
      "variance": 1.1019216602168653
    }
  ]
}