{
  "group_name": "extratic\\assets\\extratic\\textures\\items\\longbow\\generic\\amethyst_bow_top_1.png",
  "segment_dicts": [
    {
      "equivalent": false,
      "hues": [
        0.7492354740061162,
        0.7501517911353978,
        0.7570921985815603
      ],
      "lightness": 0.6755916159567275,
      "sats": [
        1.0,
        0.9631578947368421,
        0.40343347639484983
      ],
      "vals": [
        0.42745098039215684,
        0.7450980392156863,
        0.9137254901960784
      ],
      "variance": 0.17683474656056714
    }
  ]
}