{
  "group_name": "extratic\\assets\\extratic\\textures\\items\\longbow\\generic\\amethyst_bow_top_1.png",
  "segment_dicts": [
    {
      "equivalent": false,
      "hues": [
        0.2706855791962175,
        0.27304964539007087,
        0.2733333333333334
      ],
      "lightness": 0.4823529411764706,
      "sats": [
        0.7362924281984334,
        0.7352941176470588,
        0.6778846153846154
      ],
      "vals": [
        0.2666666666666667,
        0.5006535947712418,
        0.8156862745098039
      ],
      "variance": 0.36396639378887574
    }
  ]
}