{
  "group_name": "redstone_lamp_on",
  "segment_dicts": [
    {
      "colorize": true,
      "hues": [
        0.07777777777777778,
        0.07777777777777778,
        0.07777777777777778,
        0.07777777777777778,
        0.08333333333333331,
        0.08333333333333331,
        0.08333333333333331,
        0.08333333333333337,
        0.08571428571428574,
        0.08574879227053145,
        0.09523809523809523
      ],
      "id": 0,
      "lightness": 0.46787683823529413,
      "sats": [
        0.4411764705882353,
        0.4411764705882353,
        0.4411764705882353,
        0.4411764705882353,
        0.4411764705882353,
        0.4411764705882353,
        0.391304347826087,
        0.36078431372549025,
        0.3043478260869565,
        0.29411764705882354,
        0.29411764705882354
      ],
      "vals": [
        0.13333333333333333,
        0.13333333333333333,
        0.13333333333333333,
        0.13333333333333333,
        0.1803921568627451,
        0.26666666666666666,
        0.26666666666666666,
        0.5411764705882353,
        0.7647058823529411,
        0.7764705882352941,
        1.0
      ],
      "variance": 0.6929193942174903
    }
  ]
}