{
  "group_name": "extratic\\assets\\extratic\\textures\\items\\axe\\natura\\ghostwood_axe_handle.png",
  "segment_dicts": [
    {
      "equivalent": false,
      "hues": [
        0.4268292682926829,
        0.42892156862745096,
        0.42924528301886794
      ],
      "lightness": 0.4989441930618401,
      "sats": [
        0.6235294117647059,
        0.6204889406286379,
        0.31481481481481477
      ],
      "vals": [
        0.37429193899782137,
        0.6666666666666666,
        0.8470588235294118
      ],
      "variance": 0.42955402206285576
    }
  ]
}