{
  "group_name": "extratic\\assets\\extratic\\textures\\items\\axe\\oodmod\\kroostyl_axe_head_broken.png",
  "segment_dicts": [
    {
      "equivalent": false,
      "hues": [
        0.0
      ],
      "lightness": 0.4987394957983193,
      "sats": [
        1.0
      ],
      "vals": [
        0.4235294117647059,
        0.5098039215686274,
        0.638095238095238
      ],
      "variance": 0.40221962108800763
    }
  ]
}