{
  "group_name": "extratic\\assets\\extratic\\textures\\items\\axe\\natura\\ghostwood_axe_handle.png",
  "segment_dicts": [
    {
      "equivalent": false,
      "hues": [
        0.06607929515418497,
        0.06666666666666667,
        0.06770833333333331
      ],
      "lightness": 0.2907993966817497,
      "sats": [
        0.4840085287846481,
        0.3368421052631579,
        0.2836879432624113
      ],
      "vals": [
        0.20435729847494552,
        0.37254901960784315,
        0.5529411764705883
      ],
      "variance": 1.0647103227175525
    }
  ]
}