{
  "group_name": "extratic\\assets\\extratic\\textures\\items\\hammer\\generic\\amethyst_hammer_handle.png",
  "segment_dicts": [
    {
      "equivalent": false,
      "hues": [
        0.42824074074074076,
        0.42924528301886794,
        0.42948717948717946
      ],
      "lightness": 0.6996078431372548,
      "sats": [
        0.6235294117647059,
        0.6206896551724139,
        0.2305986696230598
      ],
      "vals": [
        0.45490196078431366,
        0.6666666666666666,
        0.884313725490196
      ],
      "variance": 0.1778183105513864
    }
  ]
}