{
  "group_name": "extratic\\assets\\extratic\\textures\\items\\hammer\\oodmod\\kroostyl_hammer_head.png",
  "segment_dicts": [
    {
      "equivalent": false,
      "hues": [
        0.8008409785932722,
        0.8010204081632653,
        0.802213001383126
      ],
      "lightness": 0.5381404174573055,
      "sats": [
        0.5948158253751704,
        0.5185185185185185,
        0.21711711711711718
      ],
      "vals": [
        0.4106442577030812,
        0.7411764705882353,
        0.8705882352941177
      ],
      "variance": 0.4102876552198257
    }
  ]
}