{
  "group_name": "extratic\\assets\\extratic\\textures\\items\\trident\\metallurgy3\\precious\\brass_trident_head.png",
  "segment_dicts": [
    {
      "equivalent": false,
      "hues": [
        0.10135135135135138,
        0.10256410256410255,
        0.12830687830687829
      ],
      "lightness": 0.9860130718954249,
      "sats": [
        1.0,
        0.296,
        0.15600000000000003
      ],
      "vals": [
        0.9803921568627451,
        0.9882352941176471
      ],
      "variance": 0.14226140344821414
    }
  ]
}