{
  "group_name": "extratic\\assets\\extratic\\textures\\items\\excavator\\metallurgy3\\precious\\brass_excavator_head_broken.png",
  "segment_dicts": [
    {
      "equivalent": false,
      "hues": [
        0.8589743589743588,
        0.8699275362318841,
        0.8703703703703703
      ],
      "lightness": 0.9050779286073403,
      "sats": [
        0.5142857142857142,
        0.19110926464478606,
        0.025793650793650924
      ],
      "vals": [
        0.8235294117647058,
        0.943921568627451,
        0.9882352941176471
      ],
      "variance": 0.38745040435618555
    }
  ]
}