{
  "group_name": "extratic\\assets\\extratic\\textures\\items\\excavator\\metallurgy3\\precious\\brass_excavator_head_broken.png",
  "segment_dicts": [
    {
      "equivalent": false,
      "hues": [
        0.07142857142857151,
        0.07861970828886518,
        0.10599721059972111
      ],
      "lightness": 0.5339366515837104,
      "sats": [
        0.6086956521739132,
        0.599488163787588,
        0.557109557109557
      ],
      "vals": [
        0.27058823529411763,
        0.6129411764705882,
        0.8411764705882352
      ],
      "variance": 0.4668860338212941
    }
  ]
}