{
  "group_name": "extratic\\assets\\extratic\\textures\\items\\excavator\\metallurgy3\\precious\\brass_excavator_head.png",
  "segment_dicts": [
    {
      "equivalent": false,
      "hues": [
        0.0
      ],
      "lightness": 0.3554035567715458,
      "sats": [
        0.0
      ],
      "vals": [
        0.04686274509803934,
        0.4230065359477124,
        1.0
      ],
      "variance": 1.0458531209502648
    }
  ]
}