{
  "group_name": "extratic\\assets\\extratic\\textures\\items\\excavator\\generic\\amethyst_excavator_handle.png",
  "segment_dicts": [
    {
      "equivalent": false,
      "hues": [
        0.9857142857142857,
        0.0026881720430107503,
        0.0055471507816438614
      ],
      "lightness": 0.7219362745098039,
      "sats": [
        0.46969696969696983,
        0.3664921465968587,
        0.27576136837713794
      ],
      "vals": [
        0.5176470588235296,
        0.7490196078431373,
        0.94
      ],
      "variance": 0.37678604301698154
    }
  ]
}