{
  "group_name": "tinker\\assets\\tinker\\textures\\items\\excavator\\pigiron_excavator_binding.png",
  "segment_dicts": [
    {
      "equivalent": true,
      "hues": [
        0.9857142857142857,
        0.004310344827586206
      ],
      "lightness": 0.7819607843137255,
      "sats": [
        0.4978540772532189,
        0.3664921465968587
      ],
      "vals": [
        0.7490196078431373,
        0.9137254901960784
      ],
      "variance": 0.43988420566191655
    },
    {
      "equivalent": true,
      "hues": [
        0.002347417840375584,
        0.004310344827586206,
        0.008771929824561375
      ],
      "lightness": 0.7215686274509804,
      "sats": [
        0.4978540772532189,
        0.489655172413793,
        0.3166666666666666
      ],
      "vals": [
        0.5686274509803921,
        0.9137254901960784,
        0.9411764705882353
      ],
      "variance": 0.4767006011357944
    }
  ]
}