{
  "group_name": "extratic\\assets\\extratic\\textures\\items\\excavator\\erebus\\jade_excavator_binding.png",
  "segment_dicts": [
    {
      "equivalent": false,
      "hues": [
        0.3101851851851852,
        0.3121212121212121,
        0.3133802816901408
      ],
      "lightness": 0.5142156862745098,
      "sats": [
        0.4337349397590362,
        0.4296875,
        0.4226190476190476
      ],
      "vals": [
        0.32549019607843144,
        0.5019607843137255,
        0.6588235294117647
      ],
      "variance": 0.4028006710665308
    }
  ]
}