{
  "group_name": "extratic\\assets\\extratic\\textures\\items\\excavator\\erebus\\jade_excavator_binding.png",
  "segment_dicts": [
    {
      "equivalent": false,
      "hues": [
        0.7058823529411765,
        0.7076023391812866,
        0.7105263157894738
      ],
      "lightness": 0.3480392156862745,
      "sats": [
        0.4634146341463417,
        0.4596774193548387,
        0.3908045977011494
      ],
      "vals": [
        0.1607843137254902,
        0.48627450980392156,
        0.6823529411764706
      ],
      "variance": 0.28025995872650783
    }
  ]
}