{
  "group_name": "extratic\\assets\\extratic\\textures\\items\\excavator\\metallurgy3\\precious\\platinum_excavator_grip.png",
  "segment_dicts": [
    {
      "equivalent": false,
      "hues": [
        0.7032520325203252,
        0.7043010752688171,
        0.7105263157894738
      ],
      "lightness": 0.2330065359477124,
      "sats": [
        0.4696969696969697,
        0.4634146341463415,
        0.46067415730337075
      ],
      "vals": [
        0.1607843137254902,
        0.25882352941176473,
        0.34901960784313724
      ],
      "variance": 0.22075026039301357
    }
  ]
}