{
  "group_name": "extratic\\assets\\extratic\\textures\\items\\excavator\\generic\\amethyst_excavator_handle.png",
  "segment_dicts": [
    {
      "equivalent": false,
      "hues": [
        0.1064690026954178,
        0.10884353741496595,
        0.10919540229885061
      ],
      "lightness": 0.30404411764705885,
      "sats": [
        0.7250000000000001,
        0.7153284671532847,
        0.7120921305182342
      ],
      "vals": [
        0.15686274509803924,
        0.3143288084464555,
        0.5372549019607844
      ],
      "variance": 0.43687590207330007
    }
  ]
}