{
  "group_name": "chisel\\assets\\chisel\\textures\\blocks\\glass\\japanese.png",
  "segment_dicts": [
    {
      "equivalent": true,
      "hues": [
        0.0762438187506308,
        0.08345932869670396,
        0.16666666666666666
      ],
      "lightness": 0.41076000648193156,
      "sats": [
        0.733185349611543,
        0.5462504129501157,
        0.051063829787233984
      ],
      "vals": [
        0.27604166666666674,
        0.4946078431372549,
        0.9215686274509803
      ],
      "variance": 0.5896985392338797
    }
  ]
}