{
  "group_name": "chisel\\assets\\chisel\\textures\\blocks\\glass\\terrain-glass-thingrid.png",
  "segment_dicts": [
    {
      "equivalent": true,
      "hues": [
        0.6666666666666666,
        0.7333333333333334,
        0.8333333333333334
      ],
      "lightness": 0.4642701525054466,
      "sats": [
        0.014388489208633044,
        0.012048192771084295,
        0.002619172341540064
      ],
      "vals": [
        0.3254901960784314,
        0.4678921568627451,
        0.5450980392156862
      ],
      "variance": 0.7551870153275673
    },
    {
      "equivalent": true,
      "hues": [
        0.6666666666666679,
        0.7193436960276344,
        0.8333333333333286
      ],
      "lightness": 0.4386615515771526,
      "sats": [
        0.03508771929824622,
        0.024128016002000457,
        0.012048192771084633
      ],
      "vals": [
        0.22352941176470595,
        0.32549019607843144,
        0.5228104575163399
      ],
      "variance": 0.7992740405802278
    },
    {
      "equivalent": true,
      "hues": [
        0.6666666666666666
      ],
      "lightness": 0.2235294117647059,
      "sats": [
        0.03508771929824561
      ],
      "vals": [
        0.2235294117647059
      ],
      "variance": 1.568521958735912
    }
  ]
}