{
  "group_name": "extratic\\assets\\extratic\\textures\\items\\battleaxe\\oodmod\\kroostyl_battleaxe_backhead.png",
  "segment_dicts": [
    {
      "equivalent": false,
      "hues": [
        0.5017182130584192,
        0.5024875621890548,
        0.5033851055356431
      ],
      "lightness": 0.27450980392156865,
      "sats": [
        0.8660714285714285,
        0.8626609442060085,
        0.8575819672131149
      ],
      "vals": [
        0.2251441753171857,
        0.3045751633986928,
        0.4392156862745098
      ],
      "variance": 0.5734931678227225
    }
  ]
}