{
  "group_name": "extratic\\assets\\extratic\\textures\\items\\battleaxe\\metallurgy3\\precious\\brass_battleaxe_fronthead.png",
  "segment_dicts": [
    {
      "equivalent": false,
      "hues": [
        0.08111111111111109,
        0.16066666666666665,
        0.18367346938775517
      ],
      "lightness": 0.8473493100944081,
      "sats": [
        0.8737864077669903,
        0.4851228978007763,
        0.20588235294117646
      ],
      "vals": [
        0.807843137254902,
        0.8661064425770308,
        0.9333333333333333
      ],
      "variance": 0.03064055946156218
    }
  ]
}