{
  "group_name": "extratic\\assets\\extratic\\textures\\items\\crossbow\\ae\\certus_quartz_crossbow_bow_3.png",
  "segment_dicts": [
    {
      "equivalent": false,
      "hues": [
        0.14637681159420288
      ],
      "lightness": 0.611764705882353,
      "sats": [
        0.7371794871794872
      ],
      "vals": [
        0.611764705882353
      ],
      "variance": 0.08799417707223056
    },
    {
      "equivalent": false,
      "hues": [
        0.13999999999999993,
        0.14583333333333334,
        0.14750957854406133
      ],
      "lightness": 0.8960058097313,
      "sats": [
        0.6570048309178745,
        0.3866666666666667,
        0.10204081632653071
      ],
      "vals": [
        0.8117647058823529,
        0.8823529411764706,
        0.9607843137254902
      ],
      "variance": 0.06007966831386532
    }
  ]
}