{
  "group_name": "extratic\\assets\\extratic\\textures\\items\\longbow\\metallurgy3\\nether\\ceruclase_bow_bottom_3.png",
  "segment_dicts": [
    {
      "equivalent": false,
      "hues": [
        0.04227053140096617,
        0.04973821989528795,
        0.05078125
      ],
      "lightness": 0.5526881720430107,
      "sats": [
        0.8565022421524664,
        0.745945945945946,
        0.5470085470085471
      ],
      "vals": [
        0.36274509803921573,
        0.8745098039215686,
        0.9176470588235294
      ],
      "variance": 0.3139205171283567
    }
  ]
}