{
  "group_name": "extratic\\assets\\extratic\\textures\\items\\longbow\\generic\\amethyst_bow_bottom_1.png",
  "segment_dicts": [
    {
      "equivalent": false,
      "hues": [
        0.47303921568627444,
        0.4770114942528736,
        0.4774305555555556
      ],
      "lightness": 0.7376344086021505,
      "sats": [
        0.6666666666666665,
        0.41232227488151657,
        0.07108478341355057
      ],
      "vals": [
        0.39999999999999997,
        0.8274509803921568,
        0.9629233511586452
      ],
      "variance": 0.16210949763611615
    }
  ]
}