{
  "group_name": "extratic\\assets\\extratic\\textures\\items\\longbow\\metallurgy3\\nether\\ceruclase_bow_top_3.png",
  "segment_dicts": [
    {
      "equivalent": false,
      "hues": [
        0.04861111111111118,
        0.04957264957264956,
        0.049586776859504134
      ],
      "lightness": 0.8369168356997972,
      "sats": [
        1.0,
        0.7647058823529411,
        0.2823529411764707
      ],
      "vals": [
        0.47450980392156855,
        1.0
      ],
      "variance": 0.11564106418599208
    }
  ]
}