{
  "group_name": "projectred\\assets\\projectred\\textures\\blocks\\gates\\pluschipon.png",
  "segment_dicts": [
    {
      "equivalent": false,
      "hues": [
        0.14285714285714382,
        0.16666666666666666,
        0.3333333333333333
      ],
      "lightness": 0.1653352699104333,
      "sats": [
        0.004310344827586122,
        0.0029347028613354244,
        2.1497601206964916e-16
      ],
      "vals": [
        0.12911010558069383,
        0.1592156862745098,
        0.19089635854341738
      ],
      "variance": 2.2139548381301015
    },
    {
      "equivalent": false,
      "hues": [
        0.702127659574468
      ],
      "lightness": 0.4627450980392157,
      "sats": [
        0.7966101694915254
      ],
      "vals": [
        0.4627450980392157
      ],
      "variance": 0.7910290617508157
    },
    {
      "equivalent": false,
      "hues": [
        0.6025641025641023,
        0.6025641025641026,
        0.6037735849056606
      ],
      "lightness": 0.7601960784313726,
      "sats": [
        0.14518900343642605,
        0.09182287421896212,
        0.05465795806118934
      ],
      "vals": [
        0.7597523219814241,
        0.7605228758169934,
        0.7607843137254902
      ],
      "variance": 0.48151369247663783
    },
    {
      "equivalent": false,
      "hues": [
        0.6028806584362139,
        0.9871794871794872,
        0.9935400516795866
      ],
      "lightness": 0.6871459694989106,
      "sats": [
        0.80625,
        0.6459627329192547,
        0.10438144329896899
      ],
      "vals": [
        0.6274509803921569,
        0.6313725490196078,
        0.7607843137254902
      ],
      "variance": 0.53270314748216
    }
  ]
}