{
  "group_name": "projectred\\assets\\projectred\\textures\\blocks\\gates\\pluschipon.png",
  "segment_dicts": [
    {
      "equivalent": true,
      "hues": [
        0.14285714285714382,
        0.16666666666666666,
        0.3333333333333333
      ],
      "lightness": 0.1653352699104333,
      "sats": [
        0.004310344827586122,
        0.0029347028613354244,
        2.1497601206964916e-16
      ],
      "vals": [
        0.12911010558069383,
        0.1592156862745098,
        0.19089635854341738
      ],
      "variance": 2.213186205214407
    },
    {
      "equivalent": true,
      "hues": [
        0.702127659574468
      ],
      "lightness": 0.4627450980392157,
      "sats": [
        0.7966101694915254
      ],
      "vals": [
        0.4627450980392157
      ],
      "variance": 0.7907544351127013
    },
    {
      "equivalent": true,
      "hues": [
        0.6025641025641023,
        0.6025641025641026,
        0.6037735849056606
      ],
      "lightness": 0.7601960784313726,
      "sats": [
        0.14518900343642605,
        0.09182287421896212,
        0.05465795806118934
      ],
      "vals": [
        0.7597523219814241,
        0.7605228758169934,
        0.7607843137254902
      ],
      "variance": 0.481346522276496
    },
    {
      "equivalent": true,
      "hues": [
        0.9904904904904905,
        0.9928940568475453,
        0.9952885747938751
      ],
      "lightness": 0.6278867102396514,
      "sats": [
        0.8927444794952681,
        0.8075117370892019,
        0.6865979381443299
      ],
      "vals": [
        0.6215686274509804,
        0.6264705882352941,
        0.6339869281045751
      ],
      "variance": 0.5827766898609916
    }
  ]
}