{
  "group_name": "extratic\\assets\\extratic\\textures\\items\\excavator\\generic\\amethyst_excavator_handle.png",
  "segment_dicts": [
    {
      "equivalent": false,
      "hues": [
        0.0
      ],
      "lightness": 0.36470588235294116,
      "sats": [
        0.0
      ],
      "vals": [
        0.20000000000000004,
        0.4470588235294118,
        0.6
      ],
      "variance": 0.4958939756315233
    }
  ]
}