{
  "group_name": "minecraft\\assets\\minecraft\\textures\\items\\gold_sword.png",
  "segment_dicts": [
    {
      "equivalent": false,
      "hues": [
        0.5122282608695653,
        0.5275459098497494,
        0.5333333333333333
      ],
      "lightness": 0.492156862745098,
      "sats": [
        0.5082872928176806,
        0.22122475152292398,
        0.1437830052808449
      ],
      "vals": [
        0.2226835832372166,
        0.7644607843137254,
        0.9610149942329872
      ],
      "variance": 0.6046682204815773
    }
  ]
}