{
  "group_name": "thermalfoundation\\assets\\thermalfoundation\\textures\\items\\tool\\lead\\LeadShears.png",
  "segment_dicts": [
    {
      "equivalent": false,
      "hues": [
        0.04475308641975306,
        0.04487179487179486,
        0.04710144927536233
      ],
      "lightness": 0.3198879551820728,
      "sats": [
        0.46464646464646464,
        0.4235294117647058,
        0.37681159420289845
      ],
      "vals": [
        0.27058823529411763,
        0.3333333333333333,
        0.38823529411764707
      ],
      "variance": 1.0351704975801277
    },
    {
      "equivalent": false,
      "hues": [
        0.52183908045977,
        0.524822695035461,
        0.5282186948853616
      ],
      "lightness": 0.4107843137254902,
      "sats": [
        0.532394366197183,
        0.4154727793696275,
        0.35074626865671643
      ],
      "vals": [
        0.3480392156862745,
        0.4562091503267974,
        0.5254901960784314
      ],
      "variance": 0.8061129957289503
    },
    {
      "equivalent": false,
      "hues": [
        0.5373443983402489,
        0.5377166156982671,
        0.5378323108384458
      ],
      "lightness": 0.7390374331550802,
      "sats": [
        0.31627296587926507,
        0.2193808882907133,
        0.17228661749209703
      ],
      "vals": [
        0.4980392156862745,
        0.7284313725490196,
        0.9303921568627451
      ],
      "variance": 0.4480673899318297
    }
  ]
}