{
  "group_name": "extratic\\assets\\extratic\\textures\\items\\crossbow\\aoa\\crystalitestone_crossbow_body.png",
  "segment_dicts": [
    {
      "equivalent": false,
      "hues": [
        0.392330383480826,
        0.39301587301587304,
        0.3937625754527163
      ],
      "lightness": 0.6811145510835913,
      "sats": [
        0.7404648390941597,
        0.5978835978835979,
        0.49763033175355453
      ],
      "vals": [
        0.598217468805704,
        0.7411764705882353,
        0.8274509803921568
      ],
      "variance": 0.09868184515293058
    }
  ]
}