{
  "group_name": "binniecore\\assets\\extratrees\\textures\\blocks\\patterns\\creeper3.0.png",
  "segment_dicts": [
    {
      "equivalent": false,
      "hues": [
        0.36904761904761924
      ],
      "lightness": 0.9764705882352941,
      "sats": [
        0.0562248995983936
      ],
      "vals": [
        0.9764705882352941
      ],
      "variance": 0.463932035072092
    },
    {
      "equivalent": false,
      "hues": [
        0.02083333333333326,
        0.08333333333333333
      ],
      "lightness": 0.9843137254901961,
      "sats": [
        0.04858299595141706,
        0.03137254901960784
      ],
      "vals": [
        0.9686274509803922,
        1.0
      ],
      "variance": 0.4602353654699239
    },
    {
      "equivalent": false,
      "hues": [
        0.6901172529313233,
        0.0703125,
        0.24370370370370376
      ],
      "lightness": 0.9769289533995418,
      "sats": [
        0.034419458467186886,
        0.0295383701944486,
        0.011053540587219305
      ],
      "vals": [
        0.946078431372549,
        0.9785039941902687,
        0.9859728506787331
      ],
      "variance": 0.4637143628629558
    }
  ]
}