{
  "group_name": "binniecore\\assets\\botany\\textures\\blocks\\ceramic\\diagonal1edged2.0.png",
  "segment_dicts": [
    {
      "equivalent": true,
      "hues": [
        0.37777777777777793,
        0.6397849462365593,
        0.6481481481481483
      ],
      "lightness": 0.9937254901960786,
      "sats": [
        0.061143984220907305,
        0.05882352941176472,
        0.01782178217821787
      ],
      "vals": [
        0.9901960784313726,
        0.9941176470588236,
        1.0
      ],
      "variance": 0.19230911505539042
    },
    {
      "equivalent": true,
      "hues": [
        0.009259259259259208,
        0.12643678160919553,
        0.22916666666666644
      ],
      "lightness": 0.9788235294117648,
      "sats": [
        0.07142857142857151,
        0.03846153846153844,
        0.03305785123966942
      ],
      "vals": [
        0.9490196078431372,
        0.9856209150326797,
        0.9882352941176471
      ],
      "variance": 0.195236898057035
    }
  ]
}