{
  "group_name": "binniecore\\assets\\extratrees\\textures\\blocks\\patterns\\diagonalbend.1.png",
  "segment_dicts": [
    {
      "equivalent": false,
      "hues": [
        0.05835156819839521,
        0.22477064220183487,
        0.5926323319027186
      ],
      "lightness": 0.980781716660174,
      "sats": [
        0.04311222129706729,
        0.03028094354624963,
        0.009404659188955963
      ],
      "vals": [
        0.9468954248366013,
        0.9857729138166895,
        0.9864052287581699
      ],
      "variance": 0.48812074434161873
    },
    {
      "equivalent": false,
      "hues": [
        0.0,
        0.06589147286821712,
        0.29166666666666674
      ],
      "lightness": 0.9819607843137256,
      "sats": [
        0.05665349143610015,
        0.047999999999999945,
        0.03292181069958848
      ],
      "vals": [
        0.9529411764705882,
        0.9803921568627451,
        0.9921568627450981
      ],
      "variance": 0.4875346441735932
    }
  ]
}