{
  "group_name": "binniecore\\assets\\extratrees\\textures\\blocks\\patterns\\thickdiagonal4edged.0.png",
  "segment_dicts": [
    {
      "equivalent": false,
      "hues": [
        0.6920529801324502,
        0.043681085665818964,
        0.23357142857142854
      ],
      "lightness": 0.9798293391430647,
      "sats": [
        0.03500028973749783,
        0.03441156228492767,
        0.024426626887935822
      ],
      "vals": [
        0.9559714795008912,
        0.9807899971582836,
        0.9848462841926894
      ],
      "variance": 0.36348683065100923
    }
  ]
}