{
  "group_name": "binniecore\\assets\\botany\\textures\\blocks\\ceramic\\thickdiagonal3edged2.1.png",
  "segment_dicts": [
    {
      "equivalent": false,
      "hues": [
        0.5238095238095237,
        0.8611111111111109,
        0.12499999999999933
      ],
      "lightness": 0.9810457516339868,
      "sats": [
        0.05555555555555558,
        0.023715415019762872,
        0.02179836512261584
      ],
      "vals": [
        0.9594771241830066,
        0.9882352941176471,
        0.9921568627450981
      ],
      "variance": 0.31918078950499096
    },
    {
      "equivalent": false,
      "hues": [
        0.25999999999999984,
        0.456140350877193,
        0.7805907172995782
      ],
      "lightness": 0.9740740740740741,
      "sats": [
        0.05287817938420352,
        0.021788990825688,
        0.020712510356255223
      ],
      "vals": [
        0.9466666666666667,
        0.9764705882352941,
        0.9770308123249299
      ],
      "variance": 0.3214652415882295
    },
    {
      "equivalent": false,
      "hues": [
        0.5392156862745097,
        0.6333333333333333,
        0.9722222222222223
      ],
      "lightness": 0.9633986928104574,
      "sats": [
        0.047999999999999945,
        0.034205231388329975,
        0.00696378830083563
      ],
      "vals": [
        0.938562091503268,
        0.9745098039215686,
        0.9803921568627451
      ],
      "variance": 0.3250273846994514
    }
  ]
}