{
  "group_name": "binniecore\\assets\\botany\\textures\\blocks\\ceramic\\diagonal1edged4.0.png",
  "segment_dicts": [
    {
      "equivalent": true,
      "hues": [
        0.1111111111111105,
        0.33333333333333437,
        0.4919354838709678
      ],
      "lightness": 0.9815686274509804,
      "sats": [
        0.04936305732484084,
        0.02057613168724284,
        0.01768172888015722
      ],
      "vals": [
        0.9529411764705883,
        0.9850980392156863,
        0.9980392156862745
      ],
      "variance": 0.19377621650561205
    }
  ]
}