{
  "group_name": "binniecore\\assets\\extratrees\\textures\\blocks\\patterns\\halved2.1.png",
  "segment_dicts": [
    {
      "equivalent": false,
      "hues": [
        0.8745098039215687,
        0.9149543378995435,
        0.36692844677137887
      ],
      "lightness": 0.9830575980392158,
      "sats": [
        0.04349311169304341,
        0.027767211867630336,
        0.020380434782608602
      ],
      "vals": [
        0.9590515275877793,
        0.9813333333333333,
        0.9840896358543417
      ],
      "variance": 0.5001236779069111
    }
  ]
}