{
  "group_name": "binniecore\\assets\\extratrees\\textures\\blocks\\patterns\\letters3.0.png",
  "segment_dicts": [
    {
      "equivalent": false,
      "hues": [
        0.43849206349206366,
        0.7540322580645161,
        0.06782945736434176
      ],
      "lightness": 0.9759388501163176,
      "sats": [
        0.05590682196339426,
        0.02070462514610111,
        0.015426008968609883
      ],
      "vals": [
        0.9505541346973572,
        0.97859477124183,
        0.9820261437908496
      ],
      "variance": 0.43970742282456027
    },
    {
      "equivalent": false,
      "hues": [
        0.8817204301075271,
        0.26666666666666633,
        0.45833333333333354
      ],
      "lightness": 0.9764705882352942,
      "sats": [
        0.04761904761904767,
        0.031031031031031144,
        0.03099173553719009
      ],
      "vals": [
        0.9490196078431372,
        0.9794117647058824,
        0.9882352941176471
      ],
      "variance": 0.4394679796700713
    }
  ]
}