{
  "group_name": "binniecore\\assets\\botany\\textures\\blocks\\ceramic\\multiply.0.png",
  "segment_dicts": [
    {
      "equivalent": true,
      "hues": [
        0.3301282051282051,
        0.4638694638694636,
        0.8670212765957447
      ],
      "lightness": 0.9831173147224992,
      "sats": [
        0.040636544472861684,
        0.039953899346907386,
        0.03769045709703288
      ],
      "vals": [
        0.9721755368814192,
        0.9780392156862745,
        0.9857142857142858
      ],
      "variance": 0.4985812370906402
    },
    {
      "equivalent": true,
      "hues": [
        0.09166666666666663,
        0.29166666666666713,
        0.29569892473118214
      ],
      "lightness": 0.9823529411764707,
      "sats": [
        0.05667327854916409,
        0.025598678777869626,
        0.010582010582010656
      ],
      "vals": [
        0.9498039215686275,
        0.9882352941176471,
        0.988515406162465
      ],
      "variance": 0.49896918554806713
    },
    {
      "equivalent": true,
      "hues": [
        0.7244444444444441,
        0.7605633802816905,
        0.9230769230769234
      ],
      "lightness": 0.9801742919389977,
      "sats": [
        0.06445215666831929,
        0.03200341369746097,
        0.03111305872042061
      ],
      "vals": [
        0.9673890608875129,
        0.9887254901960785,
        0.9943355119825708
      ],
      "variance": 0.500078252419701
    },
    {
      "equivalent": true,
      "hues": [
        0.9166666666666665,
        0.9444444444444445,
        0.9761904761904763
      ],
      "lightness": 0.9777777777777776,
      "sats": [
        0.047999999999999945,
        0.04780876494023899,
        0.028340080971659933
      ],
      "vals": [
        0.9686274509803922,
        0.9803921568627451,
        0.984313725490196
      ],
      "variance": 0.5013039344109259
    }
  ]
}