{
  "group_name": "binniecore\\assets\\extratrees\\textures\\blocks\\patterns\\ornatebarred2.0.png",
  "segment_dicts": [
    {
      "equivalent": false,
      "hues": [
        0.21296296296296294,
        0.5354817708333338,
        0.8504901960784312
      ],
      "lightness": 0.9812758906379454,
      "sats": [
        0.044413601665510095,
        0.04279869925521874,
        0.022824938358576935
      ],
      "vals": [
        0.9597701149425287,
        0.9827791986359762,
        0.983797729618163
      ],
      "variance": 0.4961790081284233
    },
    {
      "equivalent": false,
      "hues": [
        0.5740740740740738,
        0.705128205128205
      ],
      "lightness": 0.9705882352941176,
      "sats": [
        0.051587301587301626,
        0.03703703703703702
      ],
      "vals": [
        0.9529411764705882,
        0.9882352941176471
      ],
      "variance": 0.5016426950297094
    }
  ]
}