{
  "group_name": "binniecore\\assets\\extratrees\\textures\\blocks\\patterns\\crossed.1.png",
  "segment_dicts": [
    {
      "equivalent": false,
      "hues": [
        0.8761384335154826,
        0.27073170731707336,
        0.47885572139303473
      ],
      "lightness": 0.9807189542483661,
      "sats": [
        0.053386454183266985,
        0.043303360151443426,
        0.03924947348267277
      ],
      "vals": [
        0.9748558246828143,
        0.9753501400560224,
        0.9843137254901961
      ],
      "variance": 0.43318974726572834
    },
    {
      "equivalent": false,
      "hues": [
        0.10555555555555574,
        0.5138888888888888,
        0.5751173708920189
      ],
      "lightness": 0.9816176470588236,
      "sats": [
        0.04671052631578953,
        0.039920159680638695,
        0.01242236024844716
      ],
      "vals": [
        0.9470588235294117,
        0.9823529411764705,
        0.9934640522875817
      ],
      "variance": 0.4327931524076407
    }
  ]
}