{
  "group_name": "binniecore\\assets\\extratrees\\textures\\blocks\\patterns\\splitbarredtsection.0.png",
  "segment_dicts": [
    {
      "equivalent": false,
      "hues": [
        0.34627831715210355,
        0.5406378600823046,
        0.9263565891472868
      ],
      "lightness": 0.9814319667260845,
      "sats": [
        0.040513484866329066,
        0.029852188194377363,
        0.023113140248252166
      ],
      "vals": [
        0.9664799253034547,
        0.9793540945790081,
        0.9816526610644257
      ],
      "variance": 0.4998876744562303
    }
  ]
}