{
  "group_name": "binniecore\\assets\\botany\\textures\\blocks\\ceramic\\thickcorner.1.png",
  "segment_dicts": [
    {
      "equivalent": true,
      "hues": [
        0.8125,
        0.8157894736842106,
        0.9509803921568627
      ],
      "lightness": 0.9696078431372549,
      "sats": [
        0.07480314960629927,
        0.03483606557377037,
        0.032388663967611336
      ],
      "vals": [
        0.9568627450980391,
        0.9686274509803922,
        0.996078431372549
      ],
      "variance": 0.24460446575587988
    },
    {
      "equivalent": true,
      "hues": [
        0.22839506172839505,
        0.35087719298245656,
        0.3935185185185186
      ],
      "lightness": 0.9830065359477123,
      "sats": [
        0.07133421400264209,
        0.0408626560726448,
        0.03893442622950818
      ],
      "vals": [
        0.9568627450980391,
        0.9871148459383754,
        0.9895424836601308
      ],
      "variance": 0.24127042882237223
    }
  ]
}