{
  "group_name": "binniecore\\assets\\botany\\textures\\blocks\\ceramic\\diagonal3edged.0.png",
  "segment_dicts": [
    {
      "equivalent": false,
      "hues": [
        0.08647798742138363,
        0.4444444444444446,
        0.6993769470404984
      ],
      "lightness": 0.9822595704948647,
      "sats": [
        0.04922923918448527,
        0.040250617049553905,
        0.033395755305867664
      ],
      "vals": [
        0.9665158371040724,
        0.9835667600373483,
        0.9857843137254901
      ],
      "variance": 0.3216586743355613
    },
    {
      "equivalent": false,
      "hues": [
        0.1219768664563613,
        0.42515723270440264,
        0.7064935064935066
      ],
      "lightness": 0.9793945648434812,
      "sats": [
        0.03863522328148518,
        0.033113966363731324,
        0.030168488160291447
      ],
      "vals": [
        0.9625942684766214,
        0.9769607843137255,
        0.9842016806722689
      ],
      "variance": 0.3225996167839556
    },
    {
      "equivalent": false,
      "hues": [
        0.32443365695792853,
        0.6593749999999999,
        0.9343696027633852
      ],
      "lightness": 0.984123972169513,
      "sats": [
        0.040563261874737216,
        0.0402921178544447,
        0.030267411107845997
      ],
      "vals": [
        0.9732843137254902,
        0.9820433436532507,
        0.9885257806826434
      ],
      "variance": 0.3210492989031406
    },
    {
      "equivalent": false,
      "hues": [
        0.2008547008547008,
        0.2962962962962963,
        0.5263157894736841
      ],
      "lightness": 0.9779411764705882,
      "sats": [
        0.05199999999999993,
        0.025165562913907306,
        0.018749999999999933
      ],
      "vals": [
        0.9411764705882353,
        0.9803921568627451,
        0.9869281045751634
      ],
      "variance": 0.3230790551626786
    }
  ]
}