{
  "group_name": "computercraft\\assets\\computercraft\\textures\\blocks\\monitor20.png",
  "segment_dicts": [
    {
      "equivalent": false,
      "hues": [
        0.16590214067278275,
        0.4875,
        0.8046783625730995
      ],
      "lightness": 0.9788770053475936,
      "sats": [
        0.03517215845982964,
        0.032895729591066895,
        0.017152658662092563
      ],
      "vals": [
        0.9625272331154684,
        0.9629233511586452,
        0.9798319327731092
      ],
      "variance": 0.4750502706337642
    }
  ]
}