{
  "group_name": "binniecore\\assets\\botany\\textures\\blocks\\ceramic\\thickcorner4.1.png",
  "segment_dicts": [
    {
      "equivalent": true,
      "hues": [
        0.5158730158730158,
        0.6111111111111115,
        0.7101449275362318
      ],
      "lightness": 0.9871148459383753,
      "sats": [
        0.08235294117647063,
        0.04655870445344124,
        0.020750988142292526
      ],
      "vals": [
        0.9686274509803922,
        0.9921568627450981,
        1.0
      ],
      "variance": 0.24205957157500818
    },
    {
      "equivalent": true,
      "hues": [
        0.9487179487179486,
        0.9537037037037038
      ],
      "lightness": 1.0,
      "sats": [
        0.07058823529411762,
        0.050980392156862786
      ],
      "vals": [
        1.0
      ],
      "variance": 0.23894059670317333
    },
    {
      "equivalent": true,
      "hues": [
        0.05555555555555534,
        0.16312056737588654,
        0.35606060606060597
      ],
      "lightness": 0.9831932773109244,
      "sats": [
        0.06225165562913908,
        0.04373757455268396,
        0.030487804878048787
      ],
      "vals": [
        0.9647058823529412,
        0.9862745098039216,
        0.9869281045751634
      ],
      "variance": 0.243025051347672
    }
  ]
}