{
  "group_name": "binniecore\\assets\\extratrees\\textures\\blocks\\patterns\\thickdiagonal2.1.png",
  "segment_dicts": [
    {
      "equivalent": false,
      "hues": [
        0.03106060606060586,
        0.3357487922705311,
        0.6683417085427136
      ],
      "lightness": 0.9840432724814063,
      "sats": [
        0.045890696704213536,
        0.03688853247794701,
        0.033078457446808505
      ],
      "vals": [
        0.9780392156862745,
        0.9830065359477124,
        0.9894736842105263
      ],
      "variance": 0.44947666648124807
    },
    {
      "equivalent": false,
      "hues": [
        0.9040404040404041,
        0.19369369369369327,
        0.5377777777777776
      ],
      "lightness": 0.9809954751131222,
      "sats": [
        0.06547619047619047,
        0.049006622516556235,
        0.037917087967644064
      ],
      "vals": [
        0.9696078431372549,
        0.9869281045751633,
        0.9882352941176471
      ],
      "variance": 0.4508731192029578
    },
    {
      "equivalent": false,
      "hues": [
        0.017543859649122973
      ],
      "lightness": 0.9921568627450981,
      "sats": [
        0.07509881422924908
      ],
      "vals": [
        0.9921568627450981
      ],
      "variance": 0.4458009679683852
    }
  ]
}