{
  "group_name": "binniecore\\assets\\botany\\textures\\blocks\\ceramic\\thickdiagonal3edged2.1.png",
  "segment_dicts": [
    {
      "equivalent": true,
      "hues": [
        0.604166666666667,
        0.6458333333333334,
        0.8809523809523813
      ],
      "lightness": 0.9758169934640522,
      "sats": [
        0.037786774628879874,
        0.03305785123966942,
        0.03143418467583497
      ],
      "vals": [
        0.9490196078431372,
        0.9686274509803922,
        0.9980392156862745
      ],
      "variance": 0.3221277354593661
    },
    {
      "equivalent": true,
      "hues": [
        0.3568075117370891,
        0.5535714285714287,
        0.7698412698412693
      ],
      "lightness": 0.9812636165577342,
      "sats": [
        0.04711347047113476,
        0.024518388791593723,
        0.022204599524187164
      ],
      "vals": [
        0.9596638655462185,
        0.984967320261438,
        0.9890196078431372
      ],
      "variance": 0.3203397262705375
    },
    {
      "equivalent": true,
      "hues": [
        0.02380952380952439,
        0.07971014492753624,
        0.18115942028985507
      ],
      "lightness": 0.9660130718954247,
      "sats": [
        0.04655870445344124,
        0.03146374829001357,
        0.028000000000000014
      ],
      "vals": [
        0.9555555555555555,
        0.9686274509803922,
        0.9803921568627451
      ],
      "variance": 0.32539696146199837
    }
  ]
}