{
  "group_name": "binniecore\\assets\\extratrees\\textures\\blocks\\patterns\\thincurvedbarredcorner.0.png",
  "segment_dicts": [
    {
      "equivalent": false,
      "hues": [
        0.5510204081632649,
        0.7293064876957492,
        0.08414239482200676
      ],
      "lightness": 0.9792717086834732,
      "sats": [
        0.03774062816616006,
        0.03190830235439901,
        0.019603920784156896
      ],
      "vals": [
        0.9676470588235294,
        0.9737556561085973,
        0.9801960784313726
      ],
      "variance": 0.40215789710779887
    },
    {
      "equivalent": false,
      "hues": [
        0.902777777777778,
        0.30769230769230776,
        0.3958333333333331
      ],
      "lightness": 0.9699346405228757,
      "sats": [
        0.05199999999999993,
        0.04838709677419349,
        0.032786885245901634
      ],
      "vals": [
        0.9568627450980393,
        0.9725490196078431,
        0.9803921568627451
      ],
      "variance": 0.40602926692978386
    }
  ]
}