{
  "group_name": "binniecore\\assets\\extratrees\\textures\\blocks\\patterns\\thinedged4.1.png",
  "segment_dicts": [
    {
      "equivalent": false,
      "hues": [
        0.6021650879566981,
        0.916325602546612,
        0.23855633802816886
      ],
      "lightness": 0.9812324929971987,
      "sats": [
        0.04593307432009024,
        0.03592086715598109,
        0.029436152570480947
      ],
      "vals": [
        0.9720292936451689,
        0.9778186274509804,
        0.9827349121466769
      ],
      "variance": 0.3310296504606429
    }
  ]
}