{
  "group_name": "binniecore\\assets\\extratrees\\textures\\blocks\\patterns\\thinbarredend3.0.png",
  "segment_dicts": [
    {
      "equivalent": false,
      "hues": [
        0.7927350427350429,
        0.20833333333333415,
        0.28142076502732233
      ],
      "lightness": 0.9785039941902688,
      "sats": [
        0.044853364002300125,
        0.02777777777777787,
        0.01166180758017499
      ],
      "vals": [
        0.9568627450980393,
        0.9742296918767507,
        0.97825311942959
      ],
      "variance": 0.3636832543694135
    },
    {
      "equivalent": false,
      "hues": [
        0.6140350877192983,
        0.9152046783625731,
        0.2407407407407404
      ],
      "lightness": 0.9813725490196077,
      "sats": [
        0.05632411067193678,
        0.04581993569131841,
        0.02425876010781674
      ],
      "vals": [
        0.9699346405228758,
        0.9756862745098039,
        0.9921568627450981
      ],
      "variance": 0.36262020715384463
    },
    {
      "equivalent": false,
      "hues": [
        0.75
      ],
      "lightness": 1.0,
      "sats": [
        0.04705882352941182
      ],
      "vals": [
        1.0
      ],
      "variance": 0.35586551702058666
    }
  ]
}