{
  "group_name": "binniecore\\assets\\extratrees\\textures\\blocks\\patterns\\thinbarredcorner2.1.png",
  "segment_dicts": [
    {
      "equivalent": false,
      "hues": [
        0.9556159420289857,
        0.28956228956228974,
        0.5896755162241888
      ],
      "lightness": 0.9802696078431372,
      "sats": [
        0.03975233940758467,
        0.028837751237984283,
        0.027788964961739812
      ],
      "vals": [
        0.961624649859944,
        0.9778465772273822,
        0.9860511293124845
      ],
      "variance": 0.43328503581144856
    }
  ]
}