{
  "group_name": "binniecore\\assets\\extratrees\\textures\\blocks\\patterns\\thincorner2.0.png",
  "segment_dicts": [
    {
      "equivalent": false,
      "hues": [
        0.13574660633484162,
        0.35076252723311585,
        0.6263520157325467
      ],
      "lightness": 0.9797953964194372,
      "sats": [
        0.03530351437699676,
        0.033751493428912864,
        0.023280584297017685
      ],
      "vals": [
        0.9545388525780683,
        0.9819607843137255,
        0.9847058823529412
      ],
      "variance": 0.4960009771066275
    },
    {
      "equivalent": false,
      "hues": [
        0.06333333333333363,
        0.325,
        0.6788617886178862
      ],
      "lightness": 0.9781045751633985,
      "sats": [
        0.05394736842105266,
        0.03996802557953645,
        0.020449897750511176
      ],
      "vals": [
        0.9588235294117646,
        0.9811764705882353,
        0.9934640522875817
      ],
      "variance": 0.4968583997344357
    },
    {
      "equivalent": false,
      "hues": [
        0.42473118279569894,
        0.6,
        0.9583333333333335
      ],
      "lightness": 0.9759803921568628,
      "sats": [
        0.07058823529411762,
        0.0610236220472441,
        0.025746652935118346
      ],
      "vals": [
        0.9519607843137254,
        0.996078431372549,
        1.0
      ],
      "variance": 0.49793979253479514
    }
  ]
}