{
  "group_name": "binniecore\\assets\\extratrees\\textures\\blocks\\patterns\\verythincorner3.0.png",
  "segment_dicts": [
    {
      "equivalent": false,
      "hues": [
        0.5461847389558238,
        0.8270944741532976,
        0.15362318840579717
      ],
      "lightness": 0.9816993464052288,
      "sats": [
        0.049893276414087494,
        0.03145130731337628,
        0.01958113400306492
      ],
      "vals": [
        0.959640522875817,
        0.9798692810457517,
        0.9856209150326798
      ],
      "variance": 0.42366915562900437
    }
  ]
}