{
  "group_name": "binniecore\\assets\\extratrees\\textures\\blocks\\patterns\\wavybarred2.1.png",
  "segment_dicts": [
    {
      "equivalent": false,
      "hues": [
        0.30218855218855234,
        0.5452091767881241,
        0.8572139303482584
      ],
      "lightness": 0.9802340290955092,
      "sats": [
        0.04291752465590118,
        0.02731126691668023,
        0.026604911676001756
      ],
      "vals": [
        0.9620392156862745,
        0.9779544250132486,
        0.9839957604663487
      ],
      "variance": 0.5001561607434573
    },
    {
      "equivalent": false,
      "hues": [
        0.6354166666666665
      ],
      "lightness": 0.984313725490196,
      "sats": [
        0.06374501992031872
      ],
      "vals": [
        0.984313725490196
      ],
      "variance": 0.49808315776389467
    },
    {
      "equivalent": false,
      "hues": [
        0.3541666666666669,
        0.37499999999999983,
        0.3888888888888888
      ],
      "lightness": 0.980392156862745,
      "sats": [
        0.064,
        0.05976095617529871,
        0.0321285140562249
      ],
      "vals": [
        0.9764705882352941,
        0.9803921568627451,
        0.984313725490196
      ],
      "variance": 0.5000754903949503
    }
  ]
}