{
  "group_name": "extratic\\assets\\extratic\\textures\\items\\rapier\\thermal\\lumium_rapier_blade_broken.png",
  "segment_dicts": [
    {
      "equivalent": false,
      "hues": [
        0.5021645021645021,
        0.5034722222222222
      ],
      "lightness": 0.2627450980392157,
      "sats": [
        0.8651685393258427,
        0.8571428571428571
      ],
      "vals": [
        0.2196078431372549,
        0.34901960784313724
      ],
      "variance": 0.4661155153128518
    }
  ]
}