{
  "group_name": "extratic\\assets\\extratic\\textures\\items\\cutlass\\metallurgy3\\nether\\amordrine_cutlass_blade_broken.png",
  "segment_dicts": [
    {
      "equivalent": false,
      "hues": [
        0.5,
        0.5079365079365078,
        0.5128205128205128
      ],
      "lightness": 0.5441176470588236,
      "sats": [
        0.2800000000000002,
        0.058558558558558606,
        0.024896265560166005
      ],
      "vals": [
        0.2941176470588235,
        0.8705882352941177,
        0.9450980392156862
      ],
      "variance": 0.4210713652625322
    }
  ]
}