{
  "group_name": "extratic\\assets\\extratic\\textures\\items\\cutlass\\metallurgy3\\precious\\platinum_cutlass_guard.png",
  "segment_dicts": [
    {
      "equivalent": false,
      "hues": [
        0.5079365079365079
      ],
      "lightness": 0.29411764705882354,
      "sats": [
        0.28
      ],
      "vals": [
        0.29411764705882354
      ],
      "variance": 0.3913992327215269
    },
    {
      "equivalent": false,
      "hues": [
        0.5079365079365079
      ],
      "lightness": 0.29411764705882354,
      "sats": [
        0.28
      ],
      "vals": [
        0.29411764705882354
      ],
      "variance": 0.3913992327215269
    },
    {
      "equivalent": false,
      "hues": [
        0.5079365079365079
      ],
      "lightness": 0.29411764705882354,
      "sats": [
        0.28
      ],
      "vals": [
        0.29411764705882354
      ],
      "variance": 0.3913992327215269
    }
  ]
}