{
  "group_name": "extratic\\assets\\extratic\\textures\\items\\cutlass\\metallurgy3\\nether\\ceruclase_cutlass_blade.png",
  "segment_dicts": [
    {
      "equivalent": false,
      "hues": [
        0.5789473684210522,
        0.5880503144654088,
        0.5919540229885053
      ],
      "lightness": 0.5521708683473389,
      "sats": [
        0.5087719298245621,
        0.25480769230769246,
        0.07949790794979064
      ],
      "vals": [
        0.22352941176470587,
        0.815686274509804,
        0.9372549019607842
      ],
      "variance": 0.4372887916280133
    }
  ]
}