{
  "group_name": "extratic\\assets\\extratic\\textures\\items\\cutlass\\metallurgy3\\nether\\ceruclase_cutlass_blade.png",
  "segment_dicts": [
    {
      "equivalent": false,
      "hues": [
        0.04166666666666661,
        0.04973821989528795,
        0.05078125
      ],
      "lightness": 0.5350840336134454,
      "sats": [
        0.8565022421524664,
        0.7272727272727277,
        0.5470085470085471
      ],
      "vals": [
        0.17254901960784325,
        0.8745098039215686,
        0.9176470588235294
      ],
      "variance": 0.47917522207932484
    }
  ]
}