{
  "group_name": "extratic\\assets\\extratic\\textures\\items\\cutlass\\metallurgy3\\precious\\platinum_cutlass_guard.png",
  "segment_dicts": [
    {
      "equivalent": false,
      "hues": [
        0.2647058823529412
      ],
      "lightness": 0.12156862745098039,
      "sats": [
        0.5483870967741935
      ],
      "vals": [
        0.12156862745098039
      ],
      "variance": 1.1784062920648124
    },
    {
      "equivalent": false,
      "hues": [
        0.2647058823529412
      ],
      "lightness": 0.12156862745098038,
      "sats": [
        0.5483870967741935
      ],
      "vals": [
        0.12156862745098039
      ],
      "variance": 1.1784062920648126
    },
    {
      "equivalent": false,
      "hues": [
        0.2647058823529412
      ],
      "lightness": 0.12156862745098038,
      "sats": [
        0.5483870967741935
      ],
      "vals": [
        0.12156862745098039
      ],
      "variance": 1.1784062920648126
    }
  ]
}