{
  "group_name": "extratic\\assets\\extratic\\textures\\items\\cutlass\\natura\\netherquartz_cutlass_handle.png",
  "segment_dicts": [
    {
      "equivalent": false,
      "hues": [
        0.04957264957264956,
        0.049586776859504134,
        0.05000000000000001
      ],
      "lightness": 0.3309200603318251,
      "sats": [
        1.0,
        0.7647058823529411
      ],
      "vals": [
        0.23529411764705882,
        0.4745098039215686,
        1.0
      ],
      "variance": 0.4666400068917037
    }
  ]
}