{
  "group_name": "iron_axe",
  "segment_dicts": [
    {
      "colorize": true,
      "hues": [
        0.5333333333333332,
        0.5370370370370369,
        0.5370370370370372,
        0.5370370370370372,
        0.5392156862745097,
        0.5416666666666665,
        0.5416666666666665,
        0.5416666666666665,
        0.5416666666666665,
        0.5416666666666665,
        0.5416666666666665,
        0.54320987654321,
        0.5434782608695651,
        0.5486111111111112
      ],
      "id": 0,
      "lightness": 0.6736383442265794,
      "sats": [
        0.19148936170212766,
        0.15584415584415584,
        0.15483870967741936,
        0.15483870967741936,
        0.15483870967741936,
        0.14197530864197533,
        0.11847368784054073,
        0.09497206703910613,
        0.09424083769633504,
        0.09424083769633504,
        0.09326424870466318,
        0.053921568627451066,
        0.04950495049504947,
        0.0
      ],
      "vals": [
        0.5529411764705883,
        0.6039215686274509,
        0.6078431372549019,
        0.6078431372549019,
        0.6078431372549019,
        0.6352941176470588,
        0.6686274509803921,
        0.7019607843137254,
        0.7490196078431373,
        0.7490196078431373,
        0.7568627450980392,
        0.792156862745098,
        0.8,
        1.0
      ],
      "variance": 0.2574553258769359
    },
    {
      "colorize": true,
      "hues": [
        0.8318965517241379,
        0.8318965517241379,
        0.8322510822510822,
        0.8333333333333334,
        0.8333333333333334,
        0.8333333333333334,
        0.8333333333333334,
        0.8333333333333334,
        0.8350340136054422,
        0.8350340136054422,
        0.8371212121212122
      ],
      "id": 1,
      "lightness": 0.9341651812240048,
      "sats": [
        0.823529411764706,
        0.823529411764706,
        0.603921568627451,
        0.4549019607843138,
        0.4549019607843138,
        0.22745098039215683,
        0.1725490196078432,
        0.15483870967741936,
        0.09497206703910613,
        0.0,
        0.0
      ],
      "vals": [
        1.0,
        1.0,
        1.0,
        1.0,
        1.0,
        1.0,
        1.0,
        1.0,
        1.0,
        1.0,
        1.0
      ],
      "variance": 0.1856542963941471
    }
  ]
}