{
  "group_name": "ender_pearl",
  "segment_dicts": [
    {
      "colorize": true,
      "hues": [
        0.5277777777777778,
        0.5279642058165548,
        0.528,
        0.528,
        0.528,
        0.528,
        0.5292620865139949,
        0.5297157622739018,
        0.5304136253041363,
        0.5317982456140351,
        0.532448377581121
      ],
      "id": 0,
      "lightness": 0.5938745746232377,
      "sats": [
        1.0,
        1.0,
        1.0,
        1.0,
        1.0,
        1.0,
        1.0,
        1.0,
        1.0,
        1.0,
        1.0
      ],
      "vals": [
        0.44313725490196076,
        0.49019607843137253,
        0.49019607843137253,
        0.5058823529411764,
        0.5137254901960784,
        0.5254901960784314,
        0.5372549019607843,
        0.5843137254901961,
        0.596078431372549,
        0.6588235294117647,
        0.7843137254901961
      ],
      "variance": 0.3610542194523132
    }
  ]
}