{
  "group_name": "string",
  "segment_dicts": [
    {
      "colorize": true,
      "hues": [
        0.0,
        0.0,
        0.0,
        0.0,
        0.0,
        0.0,
        0.0,
        0.0,
        0.0,
        0.0,
        0.0
      ],
      "id": 0,
      "lightness": 0.6252549019607844,
      "sats": [
        0.8961038961038961,
        0.8961038961038961,
        0.8961038961038961,
        0.8961038961038961,
        0.8504273504273503,
        0.8504273504273503,
        0.8504273504273503,
        0.8504273504273503,
        0.8504273504273503,
        0.8504273504273503,
        0.8504273504273503
      ],
      "vals": [
        0.30196078431372547,
        0.30196078431372547,
        0.30196078431372547,
        0.30196078431372547,
        0.9176470588235294,
        0.9176470588235294,
        0.9176470588235294,
        0.9176470588235294,
        0.9176470588235294,
        0.9176470588235294,
        0.9176470588235294
      ],
      "variance": 0.730911203644771
    }
  ]
}