{
  "group_name": "jabba\\assets\\jabba\\textures\\blocks\\facade_redstone.png",
  "segment_dicts": [
    {
      "equivalent": false,
      "hues": [
        0.5836053681537904,
        0.7291666666666666,
        0.7306967984934087
      ],
      "lightness": 0.49088235294117655,
      "sats": [
        0.5591397849462365,
        0.48882978723404263,
        0.46866725507502205
      ],
      "vals": [
        0.2730573710965868,
        0.7294117647058823,
        0.9873638344226578
      ],
      "variance": 0.4389855570188755
    }
  ]
}