{
  "group_name": "buildcraft\\assets\\buildcraft\\textures\\blocks\\gates\\gate_or_lit.png",
  "segment_dicts": [
    {
      "equivalent": false,
      "hues": [
        0.3423581809657759,
        0.39606741573033705,
        0.39613526570048313
      ],
      "lightness": 0.47058823529411764,
      "sats": [
        1.0,
        0.7325102880658436,
        0.2705882352941177
      ],
      "vals": [
        0.39831932773109247,
        0.9529411764705882,
        1.0
      ],
      "variance": 0.2668375103774663
    }
  ]
}