{
  "group_name": "extratic\\assets\\extratic\\textures\\items\\crossbow\\ae\\certus_quartz_crossbow_bow_2.png",
  "segment_dicts": [
    {
      "equivalent": false,
      "hues": [
        0.6666666666666666
      ],
      "lightness": 0.12156862745098039,
      "sats": [
        1.0
      ],
      "vals": [
        0.12156862745098039
      ],
      "variance": 2.27288649540682
    },
    {
      "equivalent": false,
      "hues": [
        0.6666666666666666
      ],
      "lightness": 0.32091503267973853,
      "sats": [
        1.0,
        0.9741379310344828
      ],
      "vals": [
        0.16470588235294117,
        0.27058823529411763,
        0.4549019607843138
      ],
      "variance": 0.8610119921500379
    }
  ]
}