{
  "group_name": "extratic\\assets\\extratic\\textures\\items\\crossbow\\generic\\sapphire_crossbow_bow_1.png",
  "segment_dicts": [
    {
      "equivalent": false,
      "hues": [
        0.6666666666666666
      ],
      "lightness": 0.2917647058823529,
      "sats": [
        1.0,
        0.9741379310344828
      ],
      "vals": [
        0.16470588235294117,
        0.28431372549019607,
        0.4549019607843138
      ],
      "variance": 0.9703397122737467
    }
  ]
}