{
  "group_name": "extratic\\assets\\extratic\\textures\\items\\bolt\\generic\\sapphire_bolt_shaft.png",
  "segment_dicts": [
    {
      "equivalent": false,
      "hues": [
        0.7889908256880734,
        0.7944444444444444,
        0.7962962962962963
      ],
      "lightness": 0.6638146167557932,
      "sats": [
        0.31578947368421034,
        0.2033898305084745,
        0.059890109890109684
      ],
      "vals": [
        0.3725490196078431,
        0.6941176470588235,
        0.892156862745098
      ],
      "variance": 0.16494306405990097
    }
  ]
}