{
  "group_name": "extratic\\assets\\extratic\\textures\\items\\bolt\\generic\\sapphire_bolt_head.png",
  "segment_dicts": [
    {
      "equivalent": false,
      "hues": [
        0.08333333333333333,
        0.08368347338935574
      ],
      "lightness": 0.9655773420479302,
      "sats": [
        1.0,
        0.6745098039215687,
        0.3111111111111111
      ],
      "vals": [
        0.6901960784313725,
        1.0
      ],
      "variance": 0.018979102399177626
    }
  ]
}