{
  "group_name": "extratic\\assets\\extratic\\textures\\items\\bolt\\generic\\sapphire_bolt_head.png",
  "segment_dicts": [
    {
      "equivalent": false,
      "hues": [
        0.42517006802721086,
        0.42924528301886794,
        0.4293532338308457
      ],
      "lightness": 0.7673202614379084,
      "sats": [
        0.6235294117647059,
        0.620253164556962,
        0.2496274217585693
      ],
      "vals": [
        0.30980392156862746,
        0.6666666666666666,
        0.8771241830065359
      ],
      "variance": 0.04565790223259888
    }
  ]
}