{
  "group_name": "extratic\\assets\\extratic\\textures\\items\\bolt\\generic\\sapphire_bolt_shaft.png",
  "segment_dicts": [
    {
      "equivalent": false,
      "hues": [
        0.42517006802721086,
        0.42924528301886794,
        0.4293333333333334
      ],
      "lightness": 0.6372549019607843,
      "sats": [
        0.6235294117647059,
        0.620253164556962,
        0.20469432314410485
      ],
      "vals": [
        0.30980392156862746,
        0.6666666666666666,
        0.8980392156862744
      ],
      "variance": 0.12392630355212404
    }
  ]
}