{
  "group_name": "tinker\\assets\\tinker\\textures\\items\\shovel\\copper_shovel_handle.png",
  "segment_dicts": [
    {
      "equivalent": false,
      "hues": [
        0.0
      ],
      "lightness": 0.6908496732026144,
      "sats": [
        0.0
      ],
      "vals": [
        0.592156862745098,
        0.8588235294117647,
        0.984313725490196
      ],
      "variance": 0.2999707507086714
    }
  ]
}