{
  "group_name": "extratic\\assets\\extratic\\textures\\items\\shovel\\natura\\ghostwood_shovel_handle.png",
  "segment_dicts": [
    {
      "equivalent": false,
      "hues": [
        0.0
      ],
      "lightness": 0.027450980392156862,
      "sats": [
        0.0
      ],
      "vals": [
        0.027450980392156862
      ],
      "variance": 3.635837619861898
    },
    {
      "equivalent": false,
      "hues": [
        0.0
      ],
      "lightness": 0.22383107088989443,
      "sats": [
        0.0
      ],
      "vals": [
        0.09215686274509802,
        0.4176470588235294,
        0.8274509803921568
      ],
      "variance": 0.4459046137566478
    }
  ]
}