{
  "group_name": "extratic\\assets\\extratic\\textures\\items\\shovel\\natura\\ghostwood_shovel_handle.png",
  "segment_dicts": [
    {
      "equivalent": false,
      "hues": [
        0.0026881720430107503
      ],
      "lightness": 0.5176470588235295,
      "sats": [
        0.4696969696969697
      ],
      "vals": [
        0.5176470588235295
      ],
      "variance": 0.44039343716079016
    },
    {
      "equivalent": false,
      "hues": [
        0.9857142857142857,
        0.0007524454477049561,
        0.0026881720430107503
      ],
      "lightness": 0.7273001508295627,
      "sats": [
        0.46969696969696983,
        0.3664921465968587,
        0.23133159268929493
      ],
      "vals": [
        0.5176470588235296,
        0.7490196078431373,
        0.9387254901960784
      ],
      "variance": 0.3134446860920431
    }
  ]
}