{
  "group_name": "extratic\\assets\\extratic\\textures\\items\\shovel\\natura\\darkwood_shovel_head.png",
  "segment_dicts": [
    {
      "equivalent": false,
      "hues": [
        0.7032520325203252,
        0.7072463768115941,
        0.7105263157894736
      ],
      "lightness": 0.28522875816993465,
      "sats": [
        0.46370967741935487,
        0.4634146341463417,
        0.46067415730337075
      ],
      "vals": [
        0.16078431372549024,
        0.34901960784313724,
        0.4862745098039216
      ],
      "variance": 0.3641985467144677
    }
  ]
}