{
  "group_name": "extratic\\assets\\extratic\\textures\\items\\longbow\\generic\\sapphire_bow_top.png",
  "segment_dicts": [
    {
      "equivalent": false,
      "hues": [
        0.8250581846392553,
        0.826530612244898,
        0.8304093567251463
      ],
      "lightness": 0.9466666666666668,
      "sats": [
        0.8104265402843602,
        0.7237507018528917,
        0.1967871485943775
      ],
      "vals": [
        0.8274509803921568,
        0.9764705882352941,
        0.9977591036414566
      ],
      "variance": 0.04582706625406569
    }
  ]
}