{
  "group_name": "extratic\\assets\\extratic\\textures\\items\\hammer\\metallurgy3\\nether\\kalendrite_hammer_handle_broken.png",
  "segment_dicts": [
    {
      "equivalent": false,
      "hues": [
        0.13333333333333333,
        0.13380975850172502,
        0.1344086021505376
      ],
      "lightness": 0.8598692810457516,
      "sats": [
        0.5978260869565217,
        0.5100553041729512,
        0.2627118644067797
      ],
      "vals": [
        0.7215686274509804,
        0.9176470588235294,
        0.9254901960784314
      ],
      "variance": 0.036376513881073644
    }
  ]
}