{
  "group_name": "extratic\\assets\\extratic\\textures\\items\\hammer\\oodmod\\kroostyl_hammer_front.png",
  "segment_dicts": [
    {
      "equivalent": false,
      "hues": [
        0.11501706484641638,
        0.11507936507936507,
        0.1169154228855721
      ],
      "lightness": 0.5709803921568628,
      "sats": [
        1.0,
        0.9918754231550441,
        0.49411764705882366
      ],
      "vals": [
        0.26274509803921575,
        0.8274509803921568,
        1.0
      ],
      "variance": 0.24075647932137034
    }
  ]
}