{
  "group_name": "extratic\\assets\\extratic\\textures\\items\\hammer\\oodmod\\kroostyl_hammer_head.png",
  "segment_dicts": [
    {
      "equivalent": false,
      "hues": [
        0.33662092624356776,
        0.34415584415584416,
        0.3452380952380952
      ],
      "lightness": 0.4394686907020873,
      "sats": [
        0.6885245901639343,
        0.6630785791173305,
        0.6431329288472145
      ],
      "vals": [
        0.23921568627450987,
        0.5078431372549019,
        0.7286274509803922
      ],
      "variance": 0.2767816962880748
    }
  ]
}