{
  "group_name": "extratic\\assets\\extratic\\textures\\items\\hammer\\generic\\amethyst_hammer_handle.png",
  "segment_dicts": [
    {
      "equivalent": false,
      "hues": [
        0.6154452324665091,
        0.6254789272030651,
        0.6270833333333333
      ],
      "lightness": 0.6507563025210084,
      "sats": [
        1.0,
        0.9570135746606335
      ],
      "vals": [
        0.3137254901960785,
        0.6823529411764706,
        0.8666666666666666
      ],
      "variance": 0.14099247202389825
    }
  ]
}