{
  "group_name": "extratic\\assets\\extratic\\textures\\items\\longsword\\natura\\darkwood_longsword_blade.png",
  "segment_dicts": [
    {
      "equivalent": false,
      "hues": [
        0.6711711711711712,
        0.682033096926714,
        0.6862318840579711
      ],
      "lightness": 0.694419306184012,
      "sats": [
        1.0,
        0.9929577464788732,
        0.691588785046729
      ],
      "vals": [
        0.5568627450980392,
        0.8392156862745098,
        0.9019607843137256
      ],
      "variance": 0.08880494522049567
    }
  ]
}