{
  "group_name": "extratic\\assets\\extratic\\textures\\items\\crossbow\\generic\\sapphire_crossbow_bow_1.png",
  "segment_dicts": [
    {
      "equivalent": false,
      "hues": [
        0.0,
        0.01881720430107527,
        0.019009725906277624
      ],
      "lightness": 0.3957647058823529,
      "sats": [
        0.8493150684931506,
        0.8481439820022497,
        2.359223927328457e-16
      ],
      "vals": [
        0.05882352941176472,
        0.2862745098039216,
        0.4980392156862745
      ],
      "variance": 0.1726636458249272
    }
  ]
}