{
  "group_name": "extratic\\assets\\extratic\\textures\\items\\crossbow\\metallurgy3\\fantasy\\oureclase_crossbow_binding.png",
  "segment_dicts": [
    {
      "equivalent": false,
      "hues": [
        0.07246376811594196,
        0.07738095238095248,
        0.07894736842105264
      ],
      "lightness": 0.838235294117647,
      "sats": [
        0.12785388127853875,
        0.11111111111111113,
        0.0822510822510822
      ],
      "vals": [
        0.8117647058823529,
        0.8588235294117647,
        0.9058823529411765
      ],
      "variance": 0.11350225550046766
    }
  ]
}