{
  "group_name": "extratic\\assets\\extratic\\textures\\items\\cleaver\\metallurgy3\\precious\\brass_cleaver_head.png",
  "segment_dicts": [
    {
      "equivalent": false,
      "hues": [
        0.7668621700879766,
        0.7685624012638231,
        0.7777777777777778
      ],
      "lightness": 0.5867172675521821,
      "sats": [
        0.9999999999999999,
        0.9551820728291317,
        0.890295358649789
      ],
      "vals": [
        0.2352941176470587,
        0.7,
        0.9294117647058824
      ],
      "variance": 0.2482813066433968
    }
  ]
}