{
  "group_name": "extratic\\assets\\extratic\\textures\\items\\cleaver\\erebus\\jade_cleaver_head_broken.png",
  "segment_dicts": [
    {
      "equivalent": false,
      "hues": [
        0.6244588744588745,
        0.625,
        0.6253753753753754
      ],
      "lightness": 0.4609871534820825,
      "sats": [
        1.0
      ],
      "vals": [
        0.23529411764705893,
        0.6039215686274509,
        0.8705882352941177
      ],
      "variance": 0.3473789743031882
    }
  ]
}