{
  "group_name": "extratic\\assets\\extratic\\textures\\items\\longbow\\metallurgy3\\nether\\ceruclase_bow_top_3.png",
  "segment_dicts": [
    {
      "equivalent": false,
      "hues": [
        0.018425460636515918,
        0.019071310116086242,
        0.02
      ],
      "lightness": 0.7883705206220419,
      "sats": [
        1.0,
        0.9407176287051482,
        0.7803921568627451
      ],
      "vals": [
        0.5882352941176471,
        0.8379084967320262,
        1.0
      ],
      "variance": 0.07077551593882224
    }
  ]
}