{
  "group_name": "extratic\\assets\\extratic\\textures\\items\\longbow\\metallurgy3\\nether\\ceruclase_bow_bottom_2.png",
  "segment_dicts": [
    {
      "equivalent": false,
      "hues": [
        0.018425460636515918,
        0.019071310116086242,
        0.01999999999999998
      ],
      "lightness": 0.788741302972802,
      "sats": [
        1.0,
        0.9407176287051482,
        0.7803921568627451
      ],
      "vals": [
        0.5882352941176472,
        0.8379084967320262,
        1.0
      ],
      "variance": 0.07446210277624682
    }
  ]
}