{
  "group_name": "extratic\\assets\\extratic\\textures\\items\\longbow\\fun_stuff\\pokefennium_bow_grip.png",
  "segment_dicts": [
    {
      "equivalent": false,
      "hues": [
        0.9950099800399201,
        0.016666666666666663
      ],
      "lightness": 0.5156862745098039,
      "sats": [
        1.0,
        0.912568306010929
      ],
      "vals": [
        0.31372549019607837,
        0.3137254901960784,
        0.7176470588235294
      ],
      "variance": 0.16661681355363525
    }
  ]
}