{
  "group_name": "extratic\\assets\\extratic\\textures\\items\\longbow\\generic\\sapphire_bow_top.png",
  "segment_dicts": [
    {
      "equivalent": false,
      "hues": [
        0.6154452324665091,
        0.6254789272030651,
        0.6270833333333333
      ],
      "lightness": 0.6381176470588236,
      "sats": [
        1.0,
        0.9570135746606335
      ],
      "vals": [
        0.31372549019607837,
        0.6823529411764706,
        0.8666666666666667
      ],
      "variance": 0.11300921400880291
    }
  ]
}