{
  "group_name": "extratic\\assets\\extratic\\textures\\items\\longbow\\generic\\amethyst_bow_top_1.png",
  "segment_dicts": [
    {
      "equivalent": false,
      "hues": [
        0.0968992248062015,
        0.10852713178294571,
        0.11728395061728396
      ],
      "lightness": 0.6609871534820825,
      "sats": [
        0.29347826086956524,
        0.21827411167512697,
        0.20574162679425834
      ],
      "vals": [
        0.3607843137254902,
        0.7725490196078432,
        0.8196078431372549
      ],
      "variance": 0.10386474495810509
    }
  ]
}