{
  "group_name": "extratic\\assets\\extratic\\textures\\items\\excavator\\generic\\amethyst_excavator_handle.png",
  "segment_dicts": [
    {
      "equivalent": false,
      "hues": [
        0.8165374677002584,
        0.8185840707964601,
        0.8194444444444445
      ],
      "lightness": 0.8089460784313725,
      "sats": [
        0.7635135135135135,
        0.6666666666666666,
        0.2076458752515091
      ],
      "vals": [
        0.5803921568627453,
        0.9176470588235294,
        0.9745098039215686
      ],
      "variance": 0.1104040108432766
    }
  ]
}