{
  "group_name": "extratic\\assets\\extratic\\textures\\items\\excavator\\metallurgy3\\precious\\platinum_excavator_grip.png",
  "segment_dicts": [
    {
      "equivalent": false,
      "hues": [
        0.0625,
        0.06756756756756756,
        0.07051282051282054
      ],
      "lightness": 0.2640522875816993,
      "sats": [
        0.4642857142857143,
        0.46249999999999997,
        0.4444444444444444
      ],
      "vals": [
        0.2196078431372549,
        0.2823529411764706,
        0.3137254901960784
      ],
      "variance": 0.05883713146704256
    }
  ]
}