{
  "group_name": "advancedsolarpanel\\assets\\advancedsolarpanel\\textures\\items\\SunnariumAlloy.png",
  "segment_dicts": [
    {
      "equivalent": false,
      "hues": [
        0.49999999999999994,
        0.505376344086021,
        0.574357218925909
      ],
      "lightness": 0.35719414526373927,
      "sats": [
        0.9134875964144257,
        0.6505016722408028,
        0.23210865401358102
      ],
      "vals": [
        0.21449112978524726,
        0.752470588235294,
        0.7816993464052289
      ],
      "variance": 1.0333986631679268
    },
    {
      "equivalent": false,
      "hues": [
        0.5
      ],
      "lightness": 0.776470588235294,
      "sats": [
        0.6391752577319587,
        0.6188118811881188
      ],
      "vals": [
        0.7607843137254902,
        0.792156862745098
      ],
      "variance": 0.4753869081453253
    }
  ]
}