{
  "group_name": "advancedsolarpanel\\assets\\advancedsolarpanel\\textures\\items\\SunnariumAlloy.png",
  "segment_dicts": [
    {
      "equivalent": false,
      "hues": [
        0.55269607843137,
        0.5757223642420017,
        0.7927051450225914
      ],
      "lightness": 0.40941728804197736,
      "sats": [
        0.9218080548414737,
        0.7409687348128948,
        0.03415369161225518
      ],
      "vals": [
        0.18590102707749764,
        0.71199538638985,
        0.7627450980392156
      ],
      "variance": 0.8738117325491445
    },
    {
      "equivalent": false,
      "hues": [
        0.7925925925925926,
        0.7934782608695653
      ],
      "lightness": 0.8509803921568627,
      "sats": [
        0.6388888888888888,
        0.6192660550458715
      ],
      "vals": [
        0.8470588235294118,
        0.8549019607843137
      ],
      "variance": 0.4204017308704182
    }
  ]
}