{
  "group_name": "advancedsolarpanel\\assets\\advancedsolarpanel\\textures\\items\\SunnariumAlloy.png",
  "segment_dicts": [
    {
      "equivalent": false,
      "hues": [
        0.5513784461152856,
        0.6262499999999998,
        0.07610544217687076
      ],
      "lightness": 0.3848660590996962,
      "sats": [
        0.8964656964656965,
        0.3113446195757926,
        0.03337515683814436
      ],
      "vals": [
        0.18828254193243565,
        0.5757983193277307,
        0.7859477124183005
      ],
      "variance": 0.9322293363890438
    },
    {
      "equivalent": false,
      "hues": [
        0.6276041666666666,
        0.6287878787878788
      ],
      "lightness": 0.7843137254901961,
      "sats": [
        0.3251231527093596,
        0.3248730964467005
      ],
      "vals": [
        0.7725490196078432,
        0.796078431372549
      ],
      "variance": 0.45744887436329973
    }
  ]
}