{
  "group_name": "extratic\\assets\\extratic\\textures\\items\\battlesign\\natura\\netherquartz_battlesign_head_broken.png",
  "segment_dicts": [
    {
      "equivalent": false,
      "hues": [
        0.8333333333333334
      ],
      "lightness": 0.3869041194459436,
      "sats": [
        0.21396011396011372,
        0.18240146654445458,
        0.11111111111111117
      ],
      "vals": [
        0.22565091610414673,
        0.5348039215686275,
        0.7058823529411765
      ],
      "variance": 0.8495919763707841
    }
  ]
}