{
  "group_name": "extratic\\assets\\extratic\\textures\\items\\parts\\bop\\mud_binding.png",
  "segment_dicts": [
    {
      "equivalent": false,
      "hues": [
        0.11463303794592139,
        0.11666666666666665,
        0.11691542288557222
      ],
      "lightness": 0.4324509803921569,
      "sats": [
        1.0,
        0.8218487394957983
      ],
      "vals": [
        0.26274509803921564,
        0.5882352941176471,
        1.0
      ],
      "variance": 0.5102376895435103
    }
  ]
}