{
  "group_name": "extratic\\assets\\extratic\\textures\\items\\parts\\aoa\\crystalitestone_crossbow_body.png",
  "segment_dicts": [
    {
      "equivalent": true,
      "hues": [
        0.1150725467735777,
        0.1151635720601238,
        0.11691542288557216
      ],
      "lightness": 0.8170278637770898,
      "sats": [
        1.0,
        0.8558823529411765
      ],
      "vals": [
        0.26274509803921564,
        0.7040149393090569,
        1.0
      ],
      "variance": 0.10142458367451551
    }
  ]
}