{
  "group_name": "extratic\\assets\\extratic\\textures\\items\\parts\\aoa\\limonite_crossbow_limb.png",
  "segment_dicts": [
    {
      "equivalent": false,
      "hues": [
        0.11494169798593044,
        0.11507936507936507,
        0.11666666666666665
      ],
      "lightness": 0.8596638655462184,
      "sats": [
        1.0,
        0.9846285226302306,
        0.49411764705882355
      ],
      "vals": [
        0.5882352941176471,
        0.9840336134453781,
        1.0
      ],
      "variance": 0.11199254501461843
    }
  ]
}