{
  "group_name": "extratic\\assets\\extratic\\textures\\items\\parts\\natura\\netherquartz_scythe_head.png",
  "segment_dicts": [
    {
      "equivalent": false,
      "hues": [
        0.11486403346868464,
        0.11507936507936507,
        0.11672766087221713
      ],
      "lightness": 0.6980392156862745,
      "sats": [
        0.9999999999999999,
        0.9783315276273024,
        0.49411764705882355
      ],
      "vals": [
        0.45118679050567595,
        0.9871657754010695,
        1.0
      ],
      "variance": 0.20119837294561418
    }
  ]
}