{
  "group_name": "extratic\\assets\\extratic\\textures\\items\\bolt\\generic\\sapphire_bolt_head.png",
  "segment_dicts": [
    {
      "equivalent": false,
      "hues": [
        0.11473922902494331,
        0.11581920903954801,
        0.11666666666666665
      ],
      "lightness": 0.9490196078431372,
      "sats": [
        1.0,
        0.9683794466403162,
        0.34705882352941186
      ],
      "vals": [
        0.5882352941176471,
        0.9921568627450981,
        1.0
      ],
      "variance": 0.025318789523513904
    }
  ]
}