{
  "group_name": "extratic\\assets\\extratic\\textures\\items\\parts\\aoa\\limonite_crossbow_limb.png",
  "segment_dicts": [
    {
      "equivalent": false,
      "hues": [
        0.9927536231884058,
        0.017316017316017285,
        0.02777777777777903
      ],
      "lightness": 0.48788515406162464,
      "sats": [
        0.9871794871794869,
        0.8846153846153846,
        0.0372439478584731
      ],
      "vals": [
        0.3058823529411765,
        0.33250773993808047,
        0.8156862745098039
      ],
      "variance": 0.30859148789193885
    }
  ]
}