{
  "group_name": "extratic\\assets\\extratic\\textures\\items\\parts\\thermal\\signalum_large_sword_blade.png",
  "segment_dicts": [
    {
      "equivalent": false,
      "hues": [
        0.9921875,
        0.014619883040935588,
        0.02777777777777844
      ],
      "lightness": 0.4104977375565611,
      "sats": [
        0.9827586206896549,
        0.8672086720867209,
        0.0348837209302326
      ],
      "vals": [
        0.2274509803921568,
        0.33725490196078434,
        0.7235294117647059
      ],
      "variance": 0.43624605939583383
    }
  ]
}