{
  "group_name": "extratic\\assets\\extratic\\textures\\items\\parts\\bop\\mud_large_guard.png",
  "segment_dicts": [
    {
      "equivalent": false,
      "hues": [
        0.9927536231884058,
        0.01461988304093568,
        0.017316017316017323
      ],
      "lightness": 0.3309803921568628,
      "sats": [
        0.9871794871794872,
        0.9827586206896552,
        0.8846153846153846
      ],
      "vals": [
        0.22745098039215683,
        0.3058823529411765,
        0.8156862745098039
      ],
      "variance": 0.41006326693248407
    }
  ]
}