{
  "group_name": "extratic\\assets\\extratic\\textures\\items\\bolt\\generic\\sapphire_bolt_head.png",
  "segment_dicts": [
    {
      "equivalent": false,
      "hues": [
        0.9927536231884058,
        0.0,
        0.01893939393939396
      ],
      "lightness": 0.4435729847494553,
      "sats": [
        0.8846153846153846,
        0.5301204819277108,
        0.0
      ],
      "vals": [
        0.21699346405228756,
        0.42745098039215684,
        0.8156862745098039
      ],
      "variance": 0.15204475668998593
    }
  ]
}