{
  "group_name": "extratic\\assets\\tinker\\textures\\items\\parts\\signalum_knife_blade.png",
  "segment_dicts": [
    {
      "equivalent": false,
      "hues": [
        0.34375,
        0.3448275862068966,
        0.3452380952380953
      ],
      "lightness": 0.4371872887085869,
      "sats": [
        0.6885245901639344,
        0.6863905325443787,
        0.649746192893401
      ],
      "vals": [
        0.23921568627450984,
        0.6627450980392157,
        0.7725490196078432
      ],
      "variance": 0.23122286096264963
    }
  ]
}