{
  "group_name": "extratic\\assets\\tinker\\textures\\items\\parts\\terrasteel_chunk.png",
  "segment_dicts": [
    {
      "equivalent": false,
      "hues": [
        0.33640466340729597,
        0.3442622950819671,
        0.34476661951909465
      ],
      "lightness": 0.5525631939522797,
      "sats": [
        0.6880778588807784,
        0.6252792475014698,
        0.26872246696035235
      ],
      "vals": [
        0.2599620493358635,
        0.7096370463078849,
        0.8901960784313725
      ],
      "variance": 0.2524936451356994
    }
  ]
}