{
  "group_name": "extratic\\assets\\extratic\\textures\\items\\parts\\bop\\mud_shovel_head.png",
  "segment_dicts": [
    {
      "equivalent": false,
      "hues": [
        0.11036036036036034,
        0.11065573770491804,
        0.11095679012345679
      ],
      "lightness": 0.5529411764705883,
      "sats": [
        1.0,
        0.9568627450980393
      ],
      "vals": [
        0.24913494809688586,
        0.8705882352941177,
        1.0
      ],
      "variance": 0.25907007643641927
    }
  ]
}