{
  "group_name": "extratic\\assets\\extratic\\textures\\items\\parts\\natura\\netherquartz_medium_guard.png",
  "segment_dicts": [
    {
      "equivalent": false,
      "hues": [
        0.9950099800399201,
        0.9958540630182421,
        0.016666666666666663
      ],
      "lightness": 0.3782352941176471,
      "sats": [
        1.0,
        0.9136363636363637,
        0.912568306010929
      ],
      "vals": [
        0.24575163398692806,
        0.7176470588235294,
        0.8627450980392157
      ],
      "variance": 0.36483773440041156
    }
  ]
}