{
  "group_name": "extratic\\assets\\extratic\\textures\\items\\parts\\oodmod\\kroostyl_largeplate.png",
  "segment_dicts": [
    {
      "equivalent": false,
      "hues": [
        0.6148051361465995,
        0.6246205221615058,
        0.6261695906432748
      ],
      "lightness": 0.5925970388155262,
      "sats": [
        1.0,
        0.9543691113984851
      ],
      "vals": [
        0.2737094837935172,
        0.615126050420168,
        0.866426570628251
      ],
      "variance": 0.3358022495219517
    }
  ]
}