{
  "group_name": "extratic\\assets\\extratic\\textures\\items\\parts\\aoa\\crystalitestone_crossbow_body.png",
  "segment_dicts": [
    {
      "equivalent": false,
      "hues": [
        0.6231343283582089,
        0.6247555555555556,
        0.6261904761904762
      ],
      "lightness": 0.6882352941176471,
      "sats": [
        1.0,
        0.9742790335151987
      ],
      "vals": [
        0.27450980392156865,
        0.5254901960784315,
        0.9433823529411764
      ],
      "variance": 0.12902430245614033
    }
  ]
}