{
  "group_name": "extratic\\assets\\extratic\\textures\\items\\parts\\metallurgy3\\precious\\silver_sword_blade.png",
  "segment_dicts": [
    {
      "equivalent": false,
      "hues": [
        0.09459459459459467,
        0.11111111111111101,
        0.11904761904761905
      ],
      "lightness": 0.5660130718954248,
      "sats": [
        0.2916666666666668,
        0.2300469483568076,
        0.18048780487804897
      ],
      "vals": [
        0.2823529411764707,
        0.803921568627451,
        0.8352941176470589
      ],
      "variance": 0.20246056347614821
    },
    {
      "equivalent": false,
      "hues": [
        0.11111111111111109
      ],
      "lightness": 0.2823529411764706,
      "sats": [
        0.29166666666666663
      ],
      "vals": [
        0.2823529411764706
      ],
      "variance": 0.4058584443757971
    }
  ]
}