{
  "group_name": "extratic\\assets\\extratic\\textures\\items\\bolt\\generic\\sapphire_bolt_shaft.png",
  "segment_dicts": [
    {
      "equivalent": false,
      "hues": [
        0.09999999999999994,
        0.11337513061650982,
        0.11728395061728396
      ],
      "lightness": 0.657397504456328,
      "sats": [
        0.29347826086956524,
        0.22307202039515622,
        0.216271186440678
      ],
      "vals": [
        0.3607843137254902,
        0.7691176470588236,
        0.8263305322128852
      ],
      "variance": 0.09155402013198355
    }
  ]
}