{
  "group_name": "extratic\\assets\\extratic\\textures\\items\\parts\\natura\\netherquartz_scythe_head.png",
  "segment_dicts": [
    {
      "equivalent": false,
      "hues": [
        0.1041666666666667,
        0.11111111111111116,
        0.11728395061728399
      ],
      "lightness": 0.5445378151260505,
      "sats": [
        0.29347826086956535,
        0.29166666666666696,
        0.2102689486552568
      ],
      "vals": [
        0.28235294117647064,
        0.36078431372549025,
        0.8019607843137255
      ],
      "variance": 0.17182916041165916
    }
  ]
}