{
  "group_name": "extratic\\assets\\extratic\\textures\\items\\mattock\\metallurgy3\\precious\\brass_mattock_head.png",
  "segment_dicts": [
    {
      "equivalent": false,
      "hues": [
        0.8260841673081858,
        0.826530612244898,
        0.8323754789272031
      ],
      "lightness": 0.8340686274509803,
      "sats": [
        0.9942857142857143,
        0.7565521258008154,
        0.1967871485943775
      ],
      "vals": [
        0.6862745098039216,
        0.9619047619047619,
        0.9764705882352941
      ],
      "variance": 0.09045999436562015
    }
  ]
}