{
  "group_name": "binniecore\\assets\\extratrees\\textures\\items\\food\\Banana.png",
  "segment_dicts": [
    {
      "equivalent": false,
      "hues": [
        0.04997723132969036,
        0.05310734463276836,
        0.05574214012501166
      ],
      "lightness": 0.6652868554829339,
      "sats": [
        0.8611764705882353,
        0.8354310887350536,
        0.8342283446182582
      ],
      "vals": [
        0.5128205128205128,
        0.6559339525283798,
        0.763458110516934
      ],
      "variance": 0.41474592038963654
    }
  ]
}