{
  "group_name": "extratic\\assets\\extratic\\textures\\items\\trident\\generic\\sapphire_trident_handle.png",
  "segment_dicts": [
    {
      "equivalent": false,
      "hues": [
        0.6578947368421052,
        0.661111111111111,
        0.6625
      ],
      "lightness": 0.6479638009049773,
      "sats": [
        0.18269230769230774,
        0.1789264413518887,
        0.1652892561983471
      ],
      "vals": [
        0.40784313725490196,
        0.657516339869281,
        0.9490196078431372
      ],
      "variance": 0.11296845241554665
    }
  ]
}