{
  "group_name": "thermalfoundation\\assets\\thermalfoundation\\textures\\items\\tool\\bronze\\BronzeBow_1.png",
  "segment_dicts": [
    {
      "equivalent": false,
      "hues": [
        0.6255411255411256,
        0.6286231884057975,
        0.108843537414966
      ],
      "lightness": 0.38872549019607844,
      "sats": [
        0.7153284671532847,
        0.4005442176870744,
        0.20698924731182794
      ],
      "vals": [
        0.23625843780135009,
        0.5372549019607843,
        0.7678018575851393
      ],
      "variance": 0.8237343025992937
    }
  ]
}