{
  "group_name": "extratic\\assets\\extratic\\textures\\items\\longbow\\generic\\sapphire_bow_bottom.png",
  "segment_dicts": [
    {
      "equivalent": false,
      "hues": [
        0.07873436350257541,
        0.15714285714285714,
        0.15762273901808782
      ],
      "lightness": 0.7934117647058824,
      "sats": [
        0.900596421471173,
        0.8235294117647058,
        0.5058823529411764
      ],
      "vals": [
        0.6961937716262976,
        1.0
      ],
      "variance": 0.30206559319844156
    }
  ]
}