{
  "group_name": "extratic\\assets\\extratic\\textures\\items\\longbow\\metallurgy3\\nether\\ceruclase_bow_bottom_3.png",
  "segment_dicts": [
    {
      "equivalent": false,
      "hues": [
        0.23958333333333326,
        0.24135546334716462,
        0.2450980392156863
      ],
      "lightness": 0.6656546489563566,
      "sats": [
        0.18994413407821226,
        0.18667699457784653,
        0.1797752808988767
      ],
      "vals": [
        0.3490196078431373,
        0.7019607843137254,
        0.9204991087344029
      ],
      "variance": 0.20496657418991812
    }
  ]
}