{
  "group_name": "extratic\\assets\\extratic\\textures\\items\\crossbow\\ae\\certus_quartz_crossbow_bow_2.png",
  "segment_dicts": [
    {
      "equivalent": false,
      "hues": [
        0.09629629629629631
      ],
      "lightness": 0.3137254901960784,
      "sats": [
        0.5625
      ],
      "vals": [
        0.3137254901960784
      ],
      "variance": 0.5082176493769018
    },
    {
      "equivalent": false,
      "hues": [
        0.09114583333333333,
        0.09289617486338797,
        0.09523809523809519
      ],
      "lightness": 0.3954248366013072,
      "sats": [
        0.5925925925925926,
        0.5922330097087378,
        0.5697674418604651
      ],
      "vals": [
        0.33725490196078434,
        0.403921568627451,
        0.4235294117647059
      ],
      "variance": 0.4032140028114263
    }
  ]
}