{
  "group_name": "tinker\\assets\\tinker\\textures\\items\\fishingrod\\pigiron_fishingrod_flail.png",
  "segment_dicts": [
    {
      "equivalent": false,
      "hues": [
        0.1711711711711712,
        0.17225950782997765
      ],
      "lightness": 0.8248366013071895,
      "sats": [
        0.7925531914893617,
        0.580392156862745
      ],
      "vals": [
        0.7372549019607844,
        1.0
      ],
      "variance": 0.21840428821872454
    },
    {
      "equivalent": false,
      "hues": [
        0.16666666666666666,
        0.17225950782997765
      ],
      "lightness": 0.8640522875816992,
      "sats": [
        0.7339901477832512,
        0.5058823529411764
      ],
      "vals": [
        0.796078431372549,
        1.0
      ],
      "variance": 0.20849183943421362
    }
  ]
}