{
  "group_name": "extratic\\assets\\extratic\\textures\\items\\longbow\\metallurgy3\\nether\\ceruclase_bow_bottom_2.png",
  "segment_dicts": [
    {
      "equivalent": false,
      "hues": [
        0.7009803921568628,
        0.7142857142857143,
        0.7162162162162162
      ],
      "lightness": 0.1843137254901961,
      "sats": [
        0.4722222222222223,
        0.45121951219512185,
        0.4285714285714286
      ],
      "vals": [
        0.14117647058823532,
        0.19215686274509805,
        0.3215686274509804
      ],
      "variance": 0.6998888448644112
    }
  ]
}