{
  "group_name": "extratic\\assets\\extratic\\textures\\items\\scythe\\metallurgy3\\nether\\kalendrite_scythe_head_broken.png",
  "segment_dicts": [
    {
      "equivalent": false,
      "hues": [
        0.8250581846392553,
        0.826530612244898,
        0.8304093567251463
      ],
      "lightness": 0.9392156862745098,
      "sats": [
        0.8104265402843602,
        0.7237507018528916,
        0.19678714859437738
      ],
      "vals": [
        0.8274509803921568,
        0.9764705882352941,
        0.9977591036414566
      ],
      "variance": 0.03199871471304661
    }
  ]
}