{
  "group_name": "extratic\\assets\\extratic\\textures\\items\\scythe\\metallurgy3\\nether\\kalendrite_scythe_accessory.png",
  "segment_dicts": [
    {
      "equivalent": false,
      "hues": [
        0.5555555555555555,
        0.5585585585585585,
        0.5650887573964497
      ],
      "lightness": 0.9040068201193521,
      "sats": [
        0.8941798941798943,
        0.592,
        0.3088235294117647
      ],
      "vals": [
        0.7411764705882353,
        0.9803921568627451,
        1.0
      ],
      "variance": 0.04983438031377402
    }
  ]
}