{
  "group_name": "extratic\\assets\\extratic\\textures\\items\\scythe\\metallurgy3\\precious\\brass_scythe_handle.png",
  "segment_dicts": [
    {
      "equivalent": false,
      "hues": [
        0.27937649880095927,
        0.28554676048079747,
        0.29191321499013806
      ],
      "lightness": 0.7864010120177103,
      "sats": [
        1.0,
        0.8674423040244135,
        0.5604838709677419
      ],
      "vals": [
        0.6627450980392156,
        0.7907993966817497,
        0.9725490196078431
      ],
      "variance": 0.13766443609608822
    }
  ]
}