{
  "group_name": "extratic\\assets\\extratic\\textures\\items\\broadsword\\metallurgy3\\nether\\inolashite_sword_blade.png",
  "segment_dicts": [
    {
      "equivalent": false,
      "hues": [
        0.8018018018018017,
        0.8018867924528301,
        0.8025641025641027
      ],
      "lightness": 0.6405228758169935,
      "sats": [
        0.595505617977528,
        0.30952380952380953,
        0.16086956521739135
      ],
      "vals": [
        0.34901960784313735,
        0.8235294117647058,
        0.9019607843137255
      ],
      "variance": 0.27403883114729316
    }
  ]
}