{
  "group_name": "extratic\\assets\\extratic\\textures\\items\\broadsword\\metallurgy3\\precious\\brass_sword_blade_broken.png",
  "segment_dicts": [
    {
      "equivalent": false,
      "hues": [
        0.06944444444444431,
        0.07407407407407361,
        0.08823529411764701
      ],
      "lightness": 0.4654600301659125,
      "sats": [
        0.29310344827586193,
        0.120603015075377,
        0.038297872340425636
      ],
      "vals": [
        0.2274509803921568,
        0.7803921568627452,
        0.9215686274509804
      ],
      "variance": 0.48516479042009186
    }
  ]
}