{
  "group_name": "extratic\\assets\\extratic\\textures\\items\\parts\\bop\\mud_binding.png",
  "segment_dicts": [
    {
      "equivalent": false,
      "hues": [
        0.4546762589928058,
        0.4549878345498783,
        0.4550724637681159
      ],
      "lightness": 0.37068627450980396,
      "sats": [
        0.5975924333619947,
        0.5958549222797928,
        0.5591836734693878
      ],
      "vals": [
        0.27641117052881753,
        0.7568627450980392,
        0.9607843137254903
      ],
      "variance": 0.6559649848919507
    }
  ]
}