{
  "group_name": "extratic\\assets\\extratic\\textures\\items\\parts\\metallurgy3\\precious\\silver_sword_blade.png",
  "segment_dicts": [
    {
      "equivalent": false,
      "hues": [
        0.09956709956709957,
        0.09959349593495938,
        0.1020408163265306
      ],
      "lightness": 0.5856209150326798,
      "sats": [
        0.7903225806451614,
        0.7592592592592593,
        0.326271186440678
      ],
      "vals": [
        0.24313725490196092,
        0.8470588235294116,
        0.9254901960784314
      ],
      "variance": 0.3540639972624189
    },
    {
      "equivalent": false,
      "hues": [
        0.10204081632653061
      ],
      "lightness": 0.24313725490196078,
      "sats": [
        0.7903225806451613
      ],
      "vals": [
        0.24313725490196078
      ],
      "variance": 0.8527993052342133
    }
  ]
}