{
  "group_name": "extratic\\assets\\extratic\\textures\\items\\parts\\oodmod\\kroostyl_largeplate.png",
  "segment_dicts": [
    {
      "equivalent": false,
      "hues": [
        0.09956709956709954,
        0.10034358454432805,
        0.10123205893560265
      ],
      "lightness": 0.6291316526610644,
      "sats": [
        0.8023848348960457,
        0.7638100154878678,
        0.3262711864406784
      ],
      "vals": [
        0.42283990519284653,
        0.7692231322908909,
        0.9254901960784316
      ],
      "variance": 0.3933020869391513
    }
  ]
}