{
  "group_name": "extratic\\assets\\extratic\\textures\\items\\parts\\twilightforest\\knightmetal_toughrod.png",
  "segment_dicts": [
    {
      "equivalent": false,
      "hues": [
        0.10204081632653061
      ],
      "lightness": 0.24313725490196078,
      "sats": [
        0.7903225806451613
      ],
      "vals": [
        0.24313725490196078
      ],
      "variance": 0.6588839606290542
    },
    {
      "equivalent": false,
      "hues": [
        0.09956709956709957,
        0.10015415306492563,
        0.10082304526748964
      ],
      "lightness": 0.7269394714407501,
      "sats": [
        0.8019801980198019,
        0.7626556016597511,
        0.326271186440678
      ],
      "vals": [
        0.39607843137254906,
        0.7875816993464053,
        0.9254901960784314
      ],
      "variance": 0.22037493323725377
    }
  ]
}