{
  "group_name": "extratic\\assets\\extratic\\textures\\items\\parts\\bop\\mud_large_guard.png",
  "segment_dicts": [
    {
      "equivalent": false,
      "hues": [
        0.12009803921568624,
        0.12028985507246377,
        0.12096774193548392
      ],
      "lightness": 0.5024313725490196,
      "sats": [
        0.6216216216216216,
        0.6199999999999999,
        0.3207547169811321
      ],
      "vals": [
        0.392156862745098,
        0.7254901960784313,
        0.8313725490196079
      ],
      "variance": 0.3143505428591779
    }
  ]
}