{
  "group_name": "extratic\\assets\\extratic\\textures\\items\\parts\\natura\\netherquartz_scythe_head.png",
  "segment_dicts": [
    {
      "equivalent": false,
      "hues": [
        0.12028985507246377,
        0.12082262210796922,
        0.12096774193548387
      ],
      "lightness": 0.7201120448179271,
      "sats": [
        0.6216216216216216,
        0.6200000000000001,
        0.2165924276169265
      ],
      "vals": [
        0.39215686274509803,
        0.7254901960784313,
        0.8803921568627451
      ],
      "variance": 0.1663661980160355
    }
  ]
}