{
  "group_name": "extratic\\assets\\tinker\\textures\\items\\parts\\signalum_knife_blade.png",
  "segment_dicts": [
    {
      "equivalent": false,
      "hues": [
        0.0,
        0.5
      ],
      "lightness": 0.627180527383367,
      "sats": [
        0.0039215686274509665,
        0.0
      ],
      "vals": [
        0.40000000000000013,
        0.8980392156862745,
        1.0
      ],
      "variance": 0.2384536304175342
    }
  ]
}