{
  "group_name": "tinker\\assets\\tinker\\textures\\items\\fishingrod\\pigiron_fishingrod_flail.png",
  "segment_dicts": [
    {
      "equivalent": false,
      "hues": [
        0.8389121338912133,
        0.8743961352657005
      ],
      "lightness": 0.6784313725490196,
      "sats": [
        1.0,
        0.9857142857142858
      ],
      "vals": [
        0.5490196078431373,
        0.9372549019607843
      ],
      "variance": 0.07170740832796167
    },
    {
      "equivalent": false,
      "hues": [
        0.8386666666666667,
        0.8499170812603648
      ],
      "lightness": 0.8130718954248364,
      "sats": [
        1.0,
        0.5681818181818182
      ],
      "vals": [
        0.788235294117647,
        0.8627450980392157
      ],
      "variance": 0.0598330304215629
    }
  ]
}