{
  "group_name": "extratic\\assets\\extratic\\textures\\items\\bolt\\generic\\sapphire_bolt_shaft.png",
  "segment_dicts": [
    {
      "equivalent": false,
      "hues": [
        0.05362801013941698,
        0.06770833333333331,
        0.12707090788601724
      ],
      "lightness": 0.7183600713012478,
      "sats": [
        1.0,
        0.985941893158388,
        0.6947513812154696
      ],
      "vals": [
        0.25098039215686274,
        0.9298474945533769,
        0.9464052287581699
      ],
      "variance": 0.1308043964716878
    }
  ]
}