{
  "group_name": "extratic\\assets\\extratic\\textures\\items\\bolt\\generic\\sapphire_bolt_shaft.png",
  "segment_dicts": [
    {
      "equivalent": false,
      "hues": [
        0.7601040416166467,
        0.7787878787878788,
        0.06770833333333331
      ],
      "lightness": 0.5540106951871657,
      "sats": [
        1.0,
        0.7142857142857143,
        0.5265486725663716
      ],
      "vals": [
        0.25098039215686274,
        0.6039215686274509,
        0.7754901960784313
      ],
      "variance": 0.14133353276955063
    }
  ]
}