{
  "group_name": "witchery\\assets\\witchery\\textures\\items\\bucket_brew.png",
  "segment_dicts": [
    {
      "equivalent": true,
      "hues": [
        0.0
      ],
      "lightness": 0.3071339173967459,
      "sats": [
        0.0
      ],
      "vals": [
        0.20784313725490194,
        0.373109243697479,
        0.6000000000000001
      ],
      "variance": 0.9289724952785409
    },
    {
      "equivalent": true,
      "hues": [
        0.0
      ],
      "lightness": 0.6173856209150326,
      "sats": [
        0.0
      ],
      "vals": [
        0.2677361853832443,
        0.6411764705882352,
        0.8674509803921568
      ],
      "variance": 0.46214060056315304
    },
    {
      "equivalent": true,
      "hues": [
        0.0
      ],
      "lightness": 0.7487889273356402,
      "sats": [
        0.0
      ],
      "vals": [
        0.6274509803921569,
        0.8470588235294118,
        1.0
      ],
      "variance": 0.3810405726002887
    }
  ]
}