{
  "group_name": "witchery\\assets\\witchery\\textures\\items\\circleTalisman.6.png",
  "segment_dicts": [
    {
      "equivalent": false,
      "hues": [
        0.12518323072412782,
        0.13874788494077836,
        0.1404828598105909
      ],
      "lightness": 0.9964194373401535,
      "sats": [
        1.0,
        0.7725490196078431
      ],
      "vals": [
        0.9908496732026144,
        1.0
      ],
      "variance": 0.133866900461452
    },
    {
      "equivalent": false,
      "hues": [
        0.5693215339233039,
        0.5697167755991286,
        0.5699346405228759
      ],
      "lightness": 1.0,
      "sats": [
        1.0,
        0.6,
        0.44313725490196076
      ],
      "vals": [
        1.0
      ],
      "variance": 0.13338758163627032
    },
    {
      "equivalent": false,
      "hues": [
        0.7802083333333334,
        0.7804373522458629,
        0.7807662835249042
      ],
      "lightness": 0.552124183006536,
      "sats": [
        1.0
      ],
      "vals": [
        0.5017301038062284,
        0.6274509803921569,
        0.7372549019607844
      ],
      "variance": 0.24158981935897433
    }
  ]
}