{
  "group_name": "witchery\\assets\\witchery\\textures\\items\\ingredient.chaliceFull.png",
  "segment_dicts": [
    {
      "equivalent": false,
      "hues": [
        0.13900456077731507,
        0.15416065416065416,
        0.16855278127058262
      ],
      "lightness": 0.6651460584233693,
      "sats": [
        1.0,
        0.7590361445783131,
        0.6204859563085152
      ],
      "vals": [
        0.5070889894419308,
        0.716078431372549,
        0.8581539933046389
      ],
      "variance": 0.29212756556517916
    },
    {
      "equivalent": false,
      "hues": [
        0.7546583850931677,
        0.7548076923076922
      ],
      "lightness": 0.880392156862745,
      "sats": [
        0.7853658536585366,
        0.4262295081967213
      ],
      "vals": [
        0.803921568627451,
        0.9568627450980393
      ],
      "variance": 0.22070562223646234
    }
  ]
}