{
  "group_name": "witchery\\assets\\witchery\\textures\\items\\ingredient.clayJar.png",
  "segment_dicts": [
    {
      "equivalent": false,
      "hues": [
        0.039751887810140274,
        0.044486554773506604,
        0.14583333333333334
      ],
      "lightness": 0.3938246562993013,
      "sats": [
        0.7279151943462896,
        0.46383726770467115,
        0.3137254901960784
      ],
      "vals": [
        0.28215353938185456,
        0.6006033182503772,
        1.0
      ],
      "variance": 0.5465298626419905
    }
  ]
}