{
  "group_name": "witchery\\assets\\witchery\\textures\\items\\ingredient.bookBiomes.png",
  "segment_dicts": [
    {
      "equivalent": false,
      "hues": [
        0.8939393939393939,
        0.8995726495726496
      ],
      "lightness": 0.2637254901960784,
      "sats": [
        0.7857142857142857,
        0.7722772277227722
      ],
      "vals": [
        0.2196078431372549,
        0.396078431372549
      ],
      "variance": 0.8502095922624651
    },
    {
      "equivalent": false,
      "hues": [
        0.0
      ],
      "lightness": 0.6714285714285714,
      "sats": [
        0.0
      ],
      "vals": [
        0.3568627450980392,
        0.6,
        0.7462514417531718
      ],
      "variance": 0.33394757243016715
    },
    {
      "equivalent": false,
      "hues": [
        0.8936170212765957,
        0.8939393939393939,
        0.8996564437740908
      ],
      "lightness": 0.26243550051599585,
      "sats": [
        0.7857142857142857,
        0.7833333333333333,
        0.7725771994562052
      ],
      "vals": [
        0.11764705882352944,
        0.21960784313725493,
        0.3809840917499076
      ],
      "variance": 0.8543887585634011
    }
  ]
}