{
  "group_name": "witchery\\assets\\witchery\\textures\\items\\ingredient.brewFrogsTongue.png",
  "segment_dicts": [
    {
      "equivalent": true,
      "hues": [
        0.07142857142857144,
        0.17289719626168223,
        0.2786069651741294
      ],
      "lightness": 0.5851250845165652,
      "sats": [
        0.9562841530054644,
        0.9067796610169492,
        0.9054054054054054
      ],
      "vals": [
        0.4627450980392157,
        0.5803921568627451,
        0.7176470588235294
      ],
      "variance": 0.4536881595418069
    }
  ]
}