{
  "group_name": "witchery\\assets\\witchery\\textures\\items\\ingredient.contract.png",
  "segment_dicts": [
    {
      "equivalent": false,
      "hues": [
        0.069281045751634,
        0.07076502732240435,
        0.13973288814691157
      ],
      "lightness": 0.857912457912458,
      "sats": [
        1.0,
        0.34383789679122917,
        0.07356783919597969
      ],
      "vals": [
        0.8231041814316087,
        0.8788199964670552,
        1.0
      ],
      "variance": 0.386620069786262
    }
  ]
}