{
  "group_name": "witchery\\assets\\witchery\\textures\\items\\ingredient.bookBiomes.png",
  "segment_dicts": [
    {
      "equivalent": false,
      "hues": [
        0.8939393939393939,
        0.8995726495726496,
        0.06818181818181818
      ],
      "lightness": 0.32418300653594767,
      "sats": [
        0.7857142857142857,
        0.7722772277227722,
        0.41509433962264153
      ],
      "vals": [
        0.2196078431372549,
        0.396078431372549,
        0.41568627450980394
      ],
      "variance": 0.7065836460663996
    },
    {
      "equivalent": false,
      "hues": [
        0.0
      ],
      "lightness": 0.6714285714285714,
      "sats": [
        0.0
      ],
      "vals": [
        0.3568627450980392,
        0.6,
        0.7462514417531718
      ],
      "variance": 0.3411567819694812
    },
    {
      "equivalent": false,
      "hues": [
        0.8937728937728938,
        0.8996581196581196,
        0.06818181818181823
      ],
      "lightness": 0.2762297901616787,
      "sats": [
        0.7844827586206896,
        0.7725832012678289,
        0.14765100671140938
      ],
      "vals": [
        0.15163398692810454,
        0.3806938159879336,
        0.43823529411764706
      ],
      "variance": 0.8292458630796697
    }
  ]
}