{
  "group_name": "witchery\\assets\\witchery\\textures\\items\\ingredient.brewRevealing.png",
  "segment_dicts": [
    {
      "equivalent": false,
      "hues": [
        0.4359903381642512,
        0.4364161849710983,
        0.43781094527363185
      ],
      "lightness": 0.8385026737967916,
      "sats": [
        0.8271604938271605,
        0.8214285714285714,
        0.8199052132701421
      ],
      "vals": [
        0.6588235294117647,
        0.8274509803921568,
        0.9529411764705882
      ],
      "variance": 0.3812475910140858
    }
  ]
}