{
  "group_name": "witchery\\assets\\witchery\\textures\\items\\ingredient.subduedSpiritVillage.png",
  "segment_dicts": [
    {
      "equivalent": false,
      "hues": [
        0.13764061842026112,
        0.13968253968253974,
        0.14557046088457962
      ],
      "lightness": 0.6821326283322318,
      "sats": [
        0.8945753955440748,
        0.8876444234850271,
        0.13043478260869573
      ],
      "vals": [
        0.5783380018674136,
        0.6313725490196078,
        0.7919701213818862
      ],
      "variance": 0.5712570645753774
    }
  ]
}