{
  "group_name": "witchery\\assets\\witchery\\textures\\items\\ingredient.brewRaising.png",
  "segment_dicts": [
    {
      "equivalent": true,
      "hues": [
        0.8333333333333334,
        0.9186046511627907,
        0.9251207729468599
      ],
      "lightness": 0.30196078431372547,
      "sats": [
        0.8113207547169812,
        0.8028169014084507,
        0.6448598130841122
      ],
      "vals": [
        0.20784313725490197,
        0.2784313725490196,
        0.4196078431372549
      ],
      "variance": 0.7556933138562295
    }
  ]
}