{
  "group_name": "tinker\\assets\\tinker\\textures\\blocks\\glass\\stained\\gray\\glass_1_r.png",
  "segment_dicts": [
    {
      "equivalent": false,
      "hues": [
        0.23290598290598288
      ],
      "lightness": 0.952941176470588,
      "sats": [
        0.3209876543209876
      ],
      "vals": [
        0.9529411764705882
      ],
      "variance": 0.17002217678165726
    },
    {
      "equivalent": false,
      "hues": [
        0.23782771535580519
      ],
      "lightness": 0.5333333333333319,
      "sats": [
        0.6544117647058824
      ],
      "vals": [
        0.5333333333333333
      ],
      "variance": 0.303789624690756
    },
    {
      "equivalent": false,
      "hues": [
        0.23129251700680267,
        0.23290598290598288
      ],
      "lightness": 0.5823529411764707,
      "sats": [
        0.9074074074074074,
        0.3209876543209876
      ],
      "vals": [
        0.21176470588235297,
        0.9529411764705882
      ],
      "variance": 0.27821810746089354
    },
    {
      "equivalent": false,
      "hues": [
        0.23129251700680267
      ],
      "lightness": 0.21176470588235297,
      "sats": [
        0.9074074074074073
      ],
      "vals": [
        0.21176470588235294
      ],
      "variance": 0.7650997955174573
    }
  ]
}