{
  "group_name": "tinker\\assets\\tinker\\textures\\blocks\\glass\\stained\\gray\\glass_2_ur.png",
  "segment_dicts": [
    {
      "equivalent": false,
      "hues": [
        0.23129251700680267,
        0.23129251700680276,
        0.23290598290598288
      ],
      "lightness": 0.5576470588235294,
      "sats": [
        0.9074074074074074,
        0.9074074074074072,
        0.3209876543209876
      ],
      "vals": [
        0.21176470588235297,
        0.9529411764705882
      ],
      "variance": 0.23215059374195696
    },
    {
      "equivalent": false,
      "hues": [
        0.23782771535580519
      ],
      "lightness": 0.5333333333333319,
      "sats": [
        0.6544117647058824
      ],
      "vals": [
        0.5333333333333333
      ],
      "variance": 0.24273392963313506
    },
    {
      "equivalent": false,
      "hues": [
        0.23129251700680267
      ],
      "lightness": 0.211764705882353,
      "sats": [
        0.9074074074074073
      ],
      "vals": [
        0.21176470588235294
      ],
      "variance": 0.6113298968538198
    },
    {
      "equivalent": false,
      "hues": [
        0.23290598290598288
      ],
      "lightness": 0.9529411764705884,
      "sats": [
        0.3209876543209876
      ],
      "vals": [
        0.9529411764705882
      ],
      "variance": 0.13585108818973773
    }
  ]
}