{
  "group_name": "tinker\\assets\\tinker\\textures\\blocks\\glass\\stained\\white\\glass_3_u.png",
  "segment_dicts": [
    {
      "equivalent": false,
      "hues": [
        0.23290598290598288,
        0.23782771535580519,
        0.23782771535580527
      ],
      "lightness": 0.572967550256587,
      "sats": [
        0.6544117647058826,
        0.6544117647058824,
        0.3209876543209875
      ],
      "vals": [
        0.5333333333333333,
        0.9529411764705881
      ],
      "variance": 0.17727162163032112
    }
  ]
}