{
  "group_name": "extratic\\assets\\extratic\\textures\\items\\battleaxe\\oodmod\\kroostyl_battleaxe_backhead.png",
  "segment_dicts": [
    {
      "equivalent": false,
      "hues": [
        0.0
      ],
      "lightness": 0.6185911401597677,
      "sats": [
        1.0,
        0.9826288361320209,
        0.5098039215686274
      ],
      "vals": [
        0.4235294117647059,
        0.7525054466230936,
        1.0
      ],
      "variance": 0.22512710280361461
    }
  ]
}