{
  "group_name": "extratic\\assets\\extratic\\textures\\items\\bolt\\generic\\sapphire_bolt_head.png",
  "segment_dicts": [
    {
      "equivalent": false,
      "hues": [
        0.1416666666666665,
        0.145320197044335,
        0.14637681159420288
      ],
      "lightness": 0.8897603485838779,
      "sats": [
        0.7371794871794872,
        0.2920863309352519,
        0.08064516129032252
      ],
      "vals": [
        0.611764705882353,
        0.9084967320261438,
        0.9725490196078431
      ],
      "variance": 0.02868411915558353
    }
  ]
}