{
  "group_name": "extratic\\assets\\extratic\\textures\\items\\rapier\\natura\\netherquartz_rapier_accessory.png",
  "segment_dicts": [
    {
      "equivalent": false,
      "hues": [
        0.7573099415204679,
        0.7587235996326905,
        0.7598039215686274
      ],
      "lightness": 0.4033333333333334,
      "sats": [
        0.7333333333333333,
        0.5428571428571428,
        0.2995594713656387
      ],
      "vals": [
        0.2588235294117647,
        0.8235294117647058,
        0.8901960784313725
      ],
      "variance": 0.43370200377059837
    }
  ]
}