{
  "group_name": "extratic\\assets\\extratic\\textures\\items\\hammer\\oodmod\\kroostyl_hammer_head.png",
  "segment_dicts": [
    {
      "equivalent": false,
      "hues": [
        0.0
      ],
      "lightness": 0.2462998102466793,
      "sats": [
        0.0
      ],
      "vals": [
        0.047058823529411764,
        0.27593582887700535,
        0.5044117647058823
      ],
      "variance": 1.1688664807931914
    }
  ]
}