{
  "group_name": "extratic\\assets\\extratic\\textures\\items\\hammer\\oodmod\\kroostyl_hammer_back.png",
  "segment_dicts": [
    {
      "equivalent": false,
      "hues": [
        0.0
      ],
      "lightness": 0.23647058823529413,
      "sats": [
        0.0
      ],
      "vals": [
        0.047058823529411736,
        0.3512605042016807,
        0.6
      ],
      "variance": 0.773739123068174
    }
  ]
}