{
  "group_name": "agricraft\\assets\\agricraft\\textures\\blocks\\cropBotaniaBlue4.png",
  "segment_dicts": [
    {
      "equivalent": true,
      "hues": [
        0.6282771535580524,
        0.6307814992025519,
        0.6644722871097898
      ],
      "lightness": 0.7733629300776914,
      "sats": [
        1.0
      ],
      "vals": [
        0.6980392156862745,
        0.8028985507246377,
        0.8196078431372549
      ],
      "variance": 0.22655577010930864
    },
    {
      "equivalent": true,
      "hues": [
        0.42401960784313725,
        0.43977591036414565,
        0.46078431372549017
      ],
      "lightness": 0.4000000000000001,
      "sats": [
        0.6263157894736842,
        0.6238532110091742
      ],
      "vals": [
        0.37254901960784315,
        0.42745098039215684
      ],
      "variance": 0.43802458549435686
    }
  ]
}