{
  "group_name": "extratic\\assets\\extratic\\textures\\items\\shovel\\natura\\ghostwood_shovel_handle.png",
  "segment_dicts": [
    {
      "equivalent": false,
      "hues": [
        0.7761194029850746
      ],
      "lightness": 0.5254901960784314,
      "sats": [
        1.0
      ],
      "vals": [
        0.5254901960784314
      ],
      "variance": 0.13358224617325376
    },
    {
      "equivalent": false,
      "hues": [
        0.7560137457044673,
        0.7761194029850746,
        0.7766393442622951
      ],
      "lightness": 0.7217194570135747,
      "sats": [
        1.0,
        0.9568627450980393,
        0.8841145833333333
      ],
      "vals": [
        0.5254901960784314,
        0.7529411764705882,
        1.0
      ],
      "variance": 0.09726239198905247
    }
  ]
}