{
  "group_name": "extratic\\assets\\extratic\\textures\\items\\shovel\\natura\\darkwood_shovel_head.png",
  "segment_dicts": [
    {
      "equivalent": false,
      "hues": [
        0.11507936507936507,
        0.11585794655414906,
        0.1169154228855721
      ],
      "lightness": 0.5213071895424836,
      "sats": [
        1.0,
        0.9999999999999998,
        0.49411764705882355
      ],
      "vals": [
        0.2627450980392157,
        0.743529411764706,
        1.0
      ],
      "variance": 0.3362538122272787
    }
  ]
}