{
  "group_name": "extratic\\assets\\extratic\\textures\\items\\shovel\\natura\\darkwood_shovel_head.png",
  "segment_dicts": [
    {
      "equivalent": false,
      "hues": [
        0.3428571428571428,
        0.3441396508728179,
        0.3452380952380953
      ],
      "lightness": 0.46810457516339865,
      "sats": [
        0.6885245901639345,
        0.6862745098039216,
        0.6625361420900454
      ],
      "vals": [
        0.23921568627450987,
        0.4,
        0.730316742081448
      ],
      "variance": 0.20616501681389193
    }
  ]
}