{
  "group_name": "extratic\\assets\\extratic\\textures\\items\\shovel\\natura\\ghostwood_shovel_handle.png",
  "segment_dicts": [
    {
      "equivalent": false,
      "hues": [
        0.6270833333333333
      ],
      "lightness": 0.3137254901960784,
      "sats": [
        1.0
      ],
      "vals": [
        0.3137254901960784
      ],
      "variance": 0.2673906591251878
    },
    {
      "equivalent": false,
      "hues": [
        0.6128067025733094,
        0.6254789272030651,
        0.6270833333333333
      ],
      "lightness": 0.6111613876319759,
      "sats": [
        1.0,
        0.9462061155152888
      ],
      "vals": [
        0.31372549019607837,
        0.6823529411764706,
        0.865686274509804
      ],
      "variance": 0.13725877862299865
    }
  ]
}