{
  "group_name": "extratic\\assets\\extratic\\textures\\items\\shovel\\natura\\ghostwood_shovel_handle.png",
  "segment_dicts": [
    {
      "equivalent": false,
      "hues": [
        0.11728395061728396
      ],
      "lightness": 0.3607843137254902,
      "sats": [
        0.29347826086956524
      ],
      "vals": [
        0.3607843137254902
      ],
      "variance": 0.19043198795324176
    },
    {
      "equivalent": false,
      "hues": [
        0.0968992248062015,
        0.11142322097378272,
        0.11728395061728399
      ],
      "lightness": 0.6457013574660635,
      "sats": [
        0.2934782608695654,
        0.21827411167512697,
        0.21190476190476185
      ],
      "vals": [
        0.3607843137254902,
        0.7725490196078432,
        0.8235294117647058
      ],
      "variance": 0.10640348404208226
    }
  ]
}