{
  "group_name": "extratic\\assets\\extratic\\textures\\items\\cutlass\\metallurgy3\\precious\\platinum_cutlass_guard.png",
  "segment_dicts": [
    {
      "equivalent": false,
      "hues": [
        0.35042735042735046
      ],
      "lightness": 0.15294117647058825,
      "sats": [
        1.0
      ],
      "vals": [
        0.15294117647058825
      ],
      "variance": 0.9032289985881391
    },
    {
      "equivalent": false,
      "hues": [
        0.35042735042735046
      ],
      "lightness": 0.15294117647058825,
      "sats": [
        1.0
      ],
      "vals": [
        0.15294117647058825
      ],
      "variance": 0.9032289985881391
    },
    {
      "equivalent": false,
      "hues": [
        0.35042735042735046
      ],
      "lightness": 0.15294117647058825,
      "sats": [
        1.0
      ],
      "vals": [
        0.15294117647058825
      ],
      "variance": 0.9032289985881391
    }
  ]
}