{
  "group_name": "minecraft\\assets\\thaumcraft\\textures\\items\\golem_upgrade_order.png",
  "segment_dicts": [
    {
      "equivalent": false,
      "hues": [
        0.0,
        0.1041666666666669
      ],
      "lightness": 0.43692013390722145,
      "sats": [
        0.29090909090909034,
        0.0
      ],
      "vals": [
        0.21568627450980385,
        0.5019607843137255,
        0.6215686274509804
      ],
      "variance": 0.5553074211472443
    },
    {
      "equivalent": false,
      "hues": [
        0.0,
        0.10416666666666674,
        0.5313725490196082
      ],
      "lightness": 0.5323826500297089,
      "sats": [
        0.2909090909090909,
        0.10000000000000013,
        0.0
      ],
      "vals": [
        0.21568627450980393,
        0.5019607843137255,
        0.6666666666666667
      ],
      "variance": 0.45573422198072844
    },
    {
      "equivalent": false,
      "hues": [
        0.0
      ],
      "lightness": 0.5019607843137255,
      "sats": [
        0.0
      ],
      "vals": [
        0.5019607843137255
      ],
      "variance": 0.48335447785834834
    }
  ]
}