{
  "group_name": "appliedenergistics2\\assets\\appliedenergistics2\\textures\\items\\ItemMaterial.Cell16SpatialPart.png",
  "segment_dicts": [
    {
      "equivalent": false,
      "hues": [
        0.8163561076604555,
        0.8333333333333334,
        0.10416666666666652
      ],
      "lightness": 0.5774761186525892,
      "sats": [
        0.9290248124639356,
        0.2909090909090927,
        5.505742423415904e-16
      ],
      "vals": [
        0.2156862745098041,
        0.6049445865302643,
        0.8495098039215685
      ],
      "variance": 0.5644594724816293
    },
    {
      "equivalent": false,
      "hues": [
        0.8193277310924371,
        0.0
      ],
      "lightness": 0.6039215686274509,
      "sats": [
        0.74375,
        0.0
      ],
      "vals": [
        0.5019607843137255,
        0.6274509803921569,
        0.6431372549019608
      ],
      "variance": 0.5397420496939721
    }
  ]
}