{
  "group_name": "appliedenergistics2\\assets\\appliedenergistics2\\textures\\items\\ItemMaterial.EngProcessorPrint.png",
  "segment_dicts": [
    {
      "equivalent": false,
      "hues": [
        0.0
      ],
      "lightness": 0.20784313725490197,
      "sats": [
        0.0
      ],
      "vals": [
        0.20784313725490197
      ],
      "variance": 1.9058052177550495
    },
    {
      "equivalent": false,
      "hues": [
        0.13024035774175516,
        0.13652217239661185,
        0.1381898454746137
      ],
      "lightness": 0.9858990404672506,
      "sats": [
        1.0,
        0.8393977415307403,
        0.7026708562450903
      ],
      "vals": [
        0.9767156862745098,
        0.9869281045751634,
        0.9984313725490196
      ],
      "variance": 0.40177393343160367
    },
    {
      "equivalent": false,
      "hues": [
        0.13636363636363635
      ],
      "lightness": 0.9490196078431372,
      "sats": [
        0.18181818181818177
      ],
      "vals": [
        0.9490196078431372
      ],
      "variance": 0.41738709314470096
    },
    {
      "equivalent": false,
      "hues": [
        0.13316687473990843,
        0.13592420726991492,
        0.13856209150326798
      ],
      "lightness": 0.9398692810457516,
      "sats": [
        1.0,
        0.8058350100603622
      ],
      "vals": [
        0.8450980392156863,
        0.9745098039215686,
        1.0
      ],
      "variance": 0.4214506670696146
    }
  ]
}