{
  "group_name": "extratic\\assets\\extratic\\textures\\items\\mattock\\metallurgy3\\precious\\brass_mattock_head.png",
  "segment_dicts": [
    {
      "equivalent": false,
      "hues": [
        0.5570327552986513,
        0.557742782152231,
        0.5717551622418879
      ],
      "lightness": 0.6791666666666667,
      "sats": [
        1.0,
        0.9885714285714287,
        0.5799086757990868
      ],
      "vals": [
        0.5718954248366013,
        0.8057040998217468,
        0.8588235294117647
      ],
      "variance": 0.15336355891911096
    }
  ]
}