{
  "group_name": "extratic\\assets\\extratic\\textures\\items\\lumberaxe\\metallurgy3\\precious\\brass_lumberaxe_binding.png",
  "segment_dicts": [
    {
      "equivalent": false,
      "hues": [
        0.5555555555555555,
        0.5585585585585585,
        0.5650887573964497
      ],
      "lightness": 0.9005347593582889,
      "sats": [
        0.8941798941798943,
        0.592,
        0.2823529411764706
      ],
      "vals": [
        0.7411764705882353,
        0.9803921568627451,
        1.0
      ],
      "variance": 0.0356894296634423
    }
  ]
}