{
  "group_name": "extratic\\assets\\extratic\\textures\\items\\battlesign\\natura\\netherquartz_battlesign_head_broken.png",
  "segment_dicts": [
    {
      "equivalent": false,
      "hues": [
        0.16929133858267717,
        0.16931394481730053,
        0.18315632569405627
      ],
      "lightness": 0.7081129699586257,
      "sats": [
        1.0,
        0.9909111061848814,
        0.5799086757990868
      ],
      "vals": [
        0.5800064288010286,
        0.8588235294117647,
        0.8769607843137255
      ],
      "variance": 0.16928951868530032
    }
  ]
}