{
  "group_name": "extratic\\assets\\extratic\\textures\\items\\pickaxe\\natura\\ghostwood_pickaxe_handle.png",
  "segment_dicts": [
    {
      "equivalent": false,
      "hues": [
        0.5448243992606284,
        0.545751633986928,
        0.5465686274509803
      ],
      "lightness": 0.4734977862112587,
      "sats": [
        0.597459966869133,
        0.5964912280701754,
        0.3269230769230767
      ],
      "vals": [
        0.3381886087768441,
        0.6705882352941176,
        0.8156862745098039
      ],
      "variance": 0.49895409688400605
    }
  ]
}