{
  "group_name": "extratic\\assets\\extratic\\textures\\items\\pickaxe\\tcon\\glue_pickaxe_accessory.png",
  "segment_dicts": [
    {
      "equivalent": false,
      "hues": [
        0.0694444444444444,
        0.07424242424242428,
        0.08823529411764704
      ],
      "lightness": 0.4024509803921569,
      "sats": [
        0.293103448275862,
        0.28205128205128194,
        0.12060301507537688
      ],
      "vals": [
        0.22745098039215686,
        0.5098039215686274,
        0.7803921568627451
      ],
      "variance": 0.29613319545697936
    }
  ]
}