{
  "group_name": "thaumicexploration\\assets\\thaumicexploration\\textures\\items\\ringAqua.png",
  "segment_dicts": [
    {
      "equivalent": false,
      "hues": [
        0.0
      ],
      "lightness": 0.0,
      "sats": [
        0.0
      ],
      "vals": [
        0.0
      ],
      "variance": Infinity
    },
    {
      "equivalent": false,
      "hues": [
        0.16666666666666666
      ],
      "lightness": 0.6312745098039216,
      "sats": [
        0.5098039215686274,
        0.5041050903119869,
        0.4567298300449307
      ],
      "vals": [
        0.2,
        0.4776470588235294,
        0.7169467787114846
      ],
      "variance": 0.37531077514740024
    }
  ]
}