{
  "group_name": "extratic\\assets\\extratic\\textures\\items\\battlesign\\natura\\netherquartz_battlesign_handle.png",
  "segment_dicts": [
    {
      "equivalent": false,
      "hues": [
        0.1494252873563219,
        0.16406249999999992,
        0.18581081081081083
      ],
      "lightness": 0.8436601307189542,
      "sats": [
        0.3018867924528302,
        0.29743589743589743,
        0.24143556280587267
      ],
      "vals": [
        0.7647058823529411,
        0.8313725490196079,
        0.9615686274509804
      ],
      "variance": 0.03189802535470698
    }
  ]
}