{
  "group_name": "extratic\\assets\\extratic\\textures\\items\\javelin\\ae\\certus_quartz_javelin_head_broken.png",
  "segment_dicts": [
    {
      "equivalent": false,
      "hues": [
        0.5583333333333332,
        0.5715488215488215
      ],
      "lightness": 0.6647058823529411,
      "sats": [
        1.0
      ],
      "vals": [
        0.6274509803921569,
        0.7764705882352941
      ],
      "variance": 0.08272343625494244
    },
    {
      "equivalent": false,
      "hues": [
        0.5567375886524822
      ],
      "lightness": 0.5607843137254902,
      "sats": [
        0.986013986013986
      ],
      "vals": [
        0.5607843137254902
      ],
      "variance": 0.09805330381267653
    },
    {
      "equivalent": false,
      "hues": [
        0.557742782152231
      ],
      "lightness": 0.8588235294117647,
      "sats": [
        0.5799086757990868
      ],
      "vals": [
        0.8588235294117647
      ],
      "variance": 0.06402567326581161
    }
  ]
}