{
  "group_name": "extratic\\assets\\extratic\\textures\\items\\crossbow\\aoa\\crystalitestone_crossbow_body.png",
  "segment_dicts": [
    {
      "equivalent": false,
      "hues": [
        0.5017182130584192,
        0.5030581039755352,
        0.5031055900621118
      ],
      "lightness": 0.3047471620227038,
      "sats": [
        0.8702702702702703,
        0.8660714285714285,
        0.8594982078853046
      ],
      "vals": [
        0.2486631016042781,
        0.3627450980392157,
        0.4392156862745098
      ],
      "variance": 0.5618936500947227
    }
  ]
}