{
  "group_name": "extratic\\assets\\extratic\\textures\\items\\crossbow\\metallurgy3\\fantasy\\oureclase_crossbow_binding.png",
  "segment_dicts": [
    {
      "equivalent": false,
      "hues": [
        0.15625,
        0.17340067340067336,
        0.1820175438596491
      ],
      "lightness": 0.8737745098039216,
      "sats": [
        0.5090909090909091,
        0.4361233480176211,
        0.33333333333333337
      ],
      "vals": [
        0.8627450980392157,
        0.8901960784313725,
        0.8941176470588236
      ],
      "variance": 0.011798607477883694
    }
  ]
}