{
  "group_name": "extratic\\assets\\extratic\\textures\\items\\crossbow\\aoa\\crystalitestone_crossbow_body.png",
  "segment_dicts": [
    {
      "equivalent": false,
      "hues": [
        0.09388446397509842,
        0.17714285714285719,
        0.18367346938775517
      ],
      "lightness": 0.8557275541795665,
      "sats": [
        0.7898047722342733,
        0.3846153846153846,
        0.20588235294117646
      ],
      "vals": [
        0.8217468805704099,
        0.8921568627450981,
        0.9333333333333333
      ],
      "variance": 0.03055483365816705
    }
  ]
}