{
  "group_name": "extratic\\assets\\extratic\\textures\\items\\axe\\oodmod\\kroostyl_axe_head.png",
  "segment_dicts": [
    {
      "equivalent": false,
      "hues": [
        0.071680790960452,
        0.07183908045977007,
        0.07500000000000002
      ],
      "lightness": 0.29744503862150923,
      "sats": [
        0.4994708994708995,
        0.49792531120331956,
        0.29292929292929276
      ],
      "vals": [
        0.18901960784313726,
        0.37058823529411766,
        0.776470588235294
      ],
      "variance": 1.0576103216139165
    }
  ]
}