{
  "group_name": "extratic\\assets\\extratic\\textures\\items\\dagger\\ae\\certus_quartz_dagger_accessory.png",
  "segment_dicts": [
    {
      "equivalent": false,
      "hues": [
        0.8333333333333334
      ],
      "lightness": 0.24019607843137253,
      "sats": [
        0.21999999999999992,
        0.20547945205479448,
        0.1965811965811965
      ],
      "vals": [
        0.19607843137254902,
        0.28627450980392155,
        0.4588235294117647
      ],
      "variance": 0.7711322030180332
    }
  ]
}