{
  "group_name": "extratic\\assets\\extratic\\textures\\items\\pickaxe\\natura\\netherquartz_pickaxe_head_broken.png",
  "segment_dicts": [
    {
      "equivalent": false,
      "hues": [
        0.7574906367041199,
        0.7761194029850746,
        0.7777777777777778
      ],
      "lightness": 0.37052498418722324,
      "sats": [
        1.0,
        0.812785388127854
      ],
      "vals": [
        0.23529411764705882,
        0.5254901960784314,
        0.8588235294117648
      ],
      "variance": 0.2652725037929252
    }
  ]
}