{
  "group_name": "extratic\\assets\\extratic\\textures\\items\\pickaxe\\natura\\netherquartz_pickaxe_head_broken.png",
  "segment_dicts": [
    {
      "equivalent": false,
      "hues": [
        0.09459459459459463,
        0.11111111111111109,
        0.11728395061728396
      ],
      "lightness": 0.35306767868437694,
      "sats": [
        0.29347826086956524,
        0.29166666666666663,
        0.18048780487804883
      ],
      "vals": [
        0.2823529411764706,
        0.3607843137254902,
        0.803921568627451
      ],
      "variance": 0.3004385197740544
    }
  ]
}