{
  "group_name": "harvestcraft\\assets\\harvestcraft\\textures\\items\\artichokeItem.png",
  "segment_dicts": [
    {
      "equivalent": true,
      "hues": [
        0.25135722041259506,
        0.2516025641025641,
        0.25176470588235295
      ],
      "lightness": 0.6266760698829941,
      "sats": [
        0.4276901987662782,
        0.35711516091508333,
        0.24781341107871724
      ],
      "vals": [
        0.476797385620915,
        0.6742483660130719,
        0.7472766884531591
      ],
      "variance": 0.35453371942046974
    }
  ]
}