{
  "group_name": "harvestcraft\\assets\\harvestcraft\\textures\\items\\bakedhamItem.png",
  "segment_dicts": [
    {
      "equivalent": true,
      "hues": [
        0.006024096385542206,
        0.013381995133819971,
        0.025423728813559403
      ],
      "lightness": 0.9537254901960784,
      "sats": [
        0.34873949579831937,
        0.27789046653144023,
        0.1216494845360824
      ],
      "vals": [
        0.9333333333333333,
        0.9509803921568627,
        0.9666666666666667
      ],
      "variance": 0.393112107960138
    },
    {
      "equivalent": true,
      "hues": [
        0.01663713329395557,
        0.02315015144958893,
        0.0427966916714753
      ],
      "lightness": 0.6192559074912016,
      "sats": [
        0.6212365591397851,
        0.5095560129373714,
        0.3258275596612781
      ],
      "vals": [
        0.40522875816993464,
        0.6668627450980392,
        0.9262032085561498
      ],
      "variance": 0.6054379672940353
    },
    {
      "equivalent": true,
      "hues": [
        0.0
      ],
      "lightness": 0.74640522875817,
      "sats": [
        0.0
      ],
      "vals": [
        0.5607843137254902,
        0.6784313725490196,
        1.0
      ],
      "variance": 0.5023022661431116
    },
    {
      "equivalent": true,
      "hues": [
        0.9840163357273624,
        0.9881635581061693,
        0.9949590422180214
      ],
      "lightness": 0.8,
      "sats": [
        0.7271889400921658,
        0.6082024432809774,
        0.380849532037437
      ],
      "vals": [
        0.7508650519031141,
        0.8171122994652407,
        0.907843137254902
      ],
      "variance": 0.46865129733287036
    }
  ]
}