{
  "group_name": "harvestcraft\\assets\\harvestcraft\\textures\\items\\oatsseedItem.png",
  "segment_dicts": [
    {
      "equivalent": false,
      "hues": [
        0.1986729117876659,
        0.20636152055857257,
        0.2242328874901652
      ],
      "lightness": 0.48727272727272725,
      "sats": [
        0.8564690026954179,
        0.6117702895111533,
        0.48550312677657764
      ],
      "vals": [
        0.4156862745098039,
        0.4860438292964245,
        0.6898039215686275
      ],
      "variance": 0.4458600680245815
    }
  ]
}