{
  "group_name": "harvestcraft\\assets\\harvestcraft\\textures\\items\\kiwiseedItem.png",
  "segment_dicts": [
    {
      "equivalent": false,
      "hues": [
        0.22512077294685992,
        0.2351968740607154,
        0.24255996814969646
      ],
      "lightness": 0.4860606060606061,
      "sats": [
        0.7994748149916447,
        0.705022250476796,
        0.6540284360189573
      ],
      "vals": [
        0.4323013415892673,
        0.5607843137254902,
        0.6895424836601307
      ],
      "variance": 0.4202393482170984
    }
  ]
}