{
  "group_name": "harvestcraft\\assets\\harvestcraft\\textures\\items\\grapefruityogurtItem.png",
  "segment_dicts": [
    {
      "equivalent": false,
      "hues": [
        0.15495495495495495,
        0.18418747262374105,
        0.6025384101536414
      ],
      "lightness": 0.7470778602703216,
      "sats": [
        0.19608348363823758,
        0.11067903081064921,
        0.04092847769028884
      ],
      "vals": [
        0.4612002376708261,
        0.6899896800825593,
        0.9374855824682817
      ],
      "variance": 0.5190688971790692
    },
    {
      "equivalent": false,
      "hues": [
        0.5902777777777778,
        0.6000619578686494,
        0.606425702811245
      ],
      "lightness": 0.5854341736694677,
      "sats": [
        0.6268656716417911,
        0.6120591581342435,
        0.1826182618261826
      ],
      "vals": [
        0.2627450980392157,
        0.5745098039215686,
        0.8911764705882352
      ],
      "variance": 0.662388528853383
    }
  ]
}