{
  "group_name": "harvestcraft\\assets\\harvestcraft\\textures\\items\\kiwiseedItem.png",
  "segment_dicts": [
    {
      "equivalent": false,
      "hues": [
        0.1517514124293785,
        0.17189399465110622,
        0.22720705100419014
      ],
      "lightness": 0.5214973262032085,
      "sats": [
        0.9071962249311837,
        0.6463932107496463,
        0.5991064175467099
      ],
      "vals": [
        0.4335890878090367,
        0.4892733564013841,
        0.6436601307189542
      ],
      "variance": 0.42026030210942183
    }
  ]
}