{
  "group_name": "harvestcraft\\assets\\harvestcraft\\textures\\items\\cashewchickenItem.png",
  "segment_dicts": [
    {
      "equivalent": true,
      "hues": [
        0.0728117738187452,
        0.09963478657840674,
        0.14927536231884037
      ],
      "lightness": 0.6014294054431938,
      "sats": [
        0.5853547948311043,
        0.513719512195122,
        0.07765023632680605
      ],
      "vals": [
        0.35302120848339325,
        0.7777473780209758,
        0.9679738562091503
      ],
      "variance": 0.5612250736310479
    }
  ]
}