{
  "group_name": "harvestcraft\\assets\\harvestcraft\\textures\\items\\celerysoupItem.png",
  "segment_dicts": [
    {
      "equivalent": true,
      "hues": [
        0.06398467432950185,
        0.0842082239720035,
        0.13822115384615383
      ],
      "lightness": 0.47609962904080555,
      "sats": [
        0.8048103607770581,
        0.6215334420880914,
        0.4940617577197151
      ],
      "vals": [
        0.23551198257080602,
        0.5342047930283225,
        0.8254901960784315
      ],
      "variance": 0.5465555951112754
    }
  ]
}