{
  "group_name": "harvestcraft\\assets\\harvestcraft\\textures\\items\\cranberryjuiceItem.png",
  "segment_dicts": [
    {
      "equivalent": false,
      "hues": [
        0.5903880070546738,
        0.5958144225920323,
        0.6226648660814765
      ],
      "lightness": 0.6794662309368191,
      "sats": [
        0.3010018214936248,
        0.2443894389438943,
        0.18685121107266434
      ],
      "vals": [
        0.5796269727403156,
        0.7828877005347594,
        0.8814814814814814
      ],
      "variance": 0.46948423201254297
    },
    {
      "equivalent": false,
      "hues": [
        0.0720164609053498,
        0.0842911877394636,
        0.08749999999999998
      ],
      "lightness": 0.3803921568627451,
      "sats": [
        0.8333333333333334,
        0.6692307692307692,
        0.5063291139240506
      ],
      "vals": [
        0.27226890756302524,
        0.5098039215686274,
        0.6196078431372549
      ],
      "variance": 0.8386047815516142
    },
    {
      "equivalent": false,
      "hues": [
        0.12048192771084336,
        0.12121212121212122,
        0.12169312169312167
      ],
      "lightness": 0.5316176470588234,
      "sats": [
        0.5608108108108109,
        0.5579710144927535,
        0.5526315789473684
      ],
      "vals": [
        0.4470588235294118,
        0.5411764705882353,
        0.5803921568627451
      ],
      "variance": 0.6000528450751984
    }
  ]
}