{
  "group_name": "harvestcraft\\assets\\harvestcraft\\textures\\items\\grapefruityogurtItem.png",
  "segment_dicts": [
    {
      "equivalent": false,
      "hues": [
        0.14954954954954958,
        0.15495495495495493,
        0.16195685202066282
      ],
      "lightness": 0.7326860841423947,
      "sats": [
        0.15089722675367057,
        0.11067903081064906,
        0.0897488341650985
      ],
      "vals": [
        0.4652751423149905,
        0.6899896800825593,
        0.9044025157232705
      ],
      "variance": 0.5298754303793525
    },
    {
      "equivalent": false,
      "hues": [
        0.12121212121212122,
        0.12169312169312167,
        0.15686274509803924
      ],
      "lightness": 0.7137254901960783,
      "sats": [
        0.5579710144927535,
        0.5526315789473684,
        0.07488986784140968
      ],
      "vals": [
        0.4470588235294118,
        0.5411764705882353,
        0.8901960784313725
      ],
      "variance": 0.5439519247957034
    }
  ]
}