{
  "group_name": "harvestcraft\\assets\\harvestcraft\\textures\\items\\kiwiseedItem.png",
  "segment_dicts": [
    {
      "equivalent": false,
      "hues": [
        0.1755747126436781,
        0.19016418135261337,
        0.21671916929179794
      ],
      "lightness": 0.5423885918003565,
      "sats": [
        0.9133631713554988,
        0.8254382693024991,
        0.6451612903225805
      ],
      "vals": [
        0.4380952380952381,
        0.5840958605664488,
        0.7834422657952069
      ],
      "variance": 0.42602565813569715
    }
  ]
}