{
  "group_name": "harvestcraft\\assets\\harvestcraft\\textures\\items\\bakedbeansItem.png",
  "segment_dicts": [
    {
      "equivalent": false,
      "hues": [
        0.06398467432950178,
        0.1019825987733562,
        0.14248704663212475
      ],
      "lightness": 0.4917329093799683,
      "sats": [
        0.8048103607770581,
        0.6522467206251744,
        0.11188405797101433
      ],
      "vals": [
        0.23551198257080602,
        0.5854575163398692,
        0.9663865546218486
      ],
      "variance": 0.5570628686483117
    }
  ]
}