{
  "group_name": "harvestcraft\\assets\\harvestcraft\\textures\\items\\flourItem.png",
  "segment_dicts": [
    {
      "equivalent": true,
      "hues": [
        0.11772079772079762,
        0.12046365507528972,
        0.15271132376395546
      ],
      "lightness": 0.5169099218634822,
      "sats": [
        0.4722311914756221,
        0.42400440953562074,
        0.10245098039215698
      ],
      "vals": [
        0.35203182722364323,
        0.6055068836045057,
        0.9411764705882353
      ],
      "variance": 0.5774171419074642
    }
  ]
}