{
  "group_name": "harvestcraft\\assets\\harvestcraft\\textures\\items\\curryItem.png",
  "segment_dicts": [
    {
      "equivalent": false,
      "hues": [
        0.06398467432950168,
        0.08259423503325941,
        0.16026410564225677
      ],
      "lightness": 0.5337461300309597,
      "sats": [
        0.8048103607770576,
        0.6352112676056337,
        0.15593410707600167
      ],
      "vals": [
        0.23551198257080608,
        0.6187363834422658,
        0.95222816399287
      ],
      "variance": 0.5608818997471757
    }
  ]
}