{
  "group_name": "harvestcraft\\assets\\harvestcraft\\textures\\items\\bakedbeansItem.png",
  "segment_dicts": [
    {
      "equivalent": false,
      "hues": [
        0.06398467432950178,
        0.11135371179039306,
        0.13797468354430356
      ],
      "lightness": 0.46873343932167466,
      "sats": [
        0.8048103607770578,
        0.6005244755244755,
        0.12535702951443978
      ],
      "vals": [
        0.23551198257080608,
        0.5383529411764705,
        0.9505279034690799
      ],
      "variance": 0.5518968635586485
    }
  ]
}