{
  "group_name": "harvestcraft\\assets\\harvestcraft\\textures\\items\\grapefruityogurtItem.png",
  "segment_dicts": [
    {
      "equivalent": false,
      "hues": [
        0.15495495495495493,
        0.1841874726237407,
        0.19977266268826321
      ],
      "lightness": 0.7455168475157052,
      "sats": [
        0.19608348363823755,
        0.11067903081064906,
        0.09528064332710576
      ],
      "vals": [
        0.46120023767082585,
        0.6899896800825593,
        0.9466359092656669
      ],
      "variance": 0.5068762681590769
    },
    {
      "equivalent": false,
      "hues": [
        0.1572847682119205,
        0.15780141843971626,
        0.15780911062906725
      ],
      "lightness": 0.834453781512605,
      "sats": [
        0.8140161725067386,
        0.7038167938931297,
        0.2028047464940669
      ],
      "vals": [
        0.7274509803921569,
        0.8562091503267973,
        0.9088235294117647
      ],
      "variance": 0.4528528792014013
    }
  ]
}