{
  "group_name": "harvestcraft\\assets\\harvestcraft\\textures\\items\\kiwiseedItem.png",
  "segment_dicts": [
    {
      "equivalent": false,
      "hues": [
        0.22542735042735038,
        0.23643514793957277,
        0.24384449244060477
      ],
      "lightness": 0.5401782531194295,
      "sats": [
        0.9099560761346999,
        0.7597637020019692,
        0.36194895591647336
      ],
      "vals": [
        0.4591596638655463,
        0.663834422657952,
        0.8450980392156863
      ],
      "variance": 0.4260070571664048
    }
  ]
}