{
  "group_name": "harvestcraft\\assets\\harvestcraft\\textures\\items\\cranberryjuiceItem.png",
  "segment_dicts": [
    {
      "equivalent": false,
      "hues": [
        0.1382113821138212,
        0.5944741532976826,
        0.6228678808904308
      ],
      "lightness": 0.6100217864923747,
      "sats": [
        0.3333333333333339,
        0.241213389121339,
        0.1892712550607287
      ],
      "vals": [
        0.19294117647058828,
        0.5680332739156269,
        0.8016227180527383
      ],
      "variance": 0.5496494080576191
    },
    {
      "equivalent": false,
      "hues": [
        0.0720164609053498,
        0.0842911877394636,
        0.08749999999999998
      ],
      "lightness": 0.3803921568627451,
      "sats": [
        0.8333333333333334,
        0.6692307692307692,
        0.5063291139240506
      ],
      "vals": [
        0.27226890756302524,
        0.5098039215686274,
        0.6196078431372549
      ],
      "variance": 0.8814538044452083
    },
    {
      "equivalent": false,
      "hues": [
        0.0,
        0.1370143149284254,
        0.33710407239819
      ],
      "lightness": 0.642892156862745,
      "sats": [
        0.4144397562119081,
        0.3516720604099245,
        0.0
      ],
      "vals": [
        0.30294117647058827,
        0.8364705882352941,
        0.8572549019607842
      ],
      "variance": 0.5215464370945342
    }
  ]
}