{
  "group_name": "harvestcraft\\assets\\harvestcraft\\textures\\items\\cranberryjuiceItem.png",
  "segment_dicts": [
    {
      "equivalent": false,
      "hues": [
        0.5903880070546738,
        0.5958144225920323,
        0.6226648660814765
      ],
      "lightness": 0.6794662309368191,
      "sats": [
        0.3010018214936248,
        0.2443894389438943,
        0.18685121107266434
      ],
      "vals": [
        0.5796269727403156,
        0.7828877005347594,
        0.8814814814814814
      ],
      "variance": 0.5381900269142953
    },
    {
      "equivalent": false,
      "hues": [
        0.0720164609053498,
        0.0842911877394636,
        0.08749999999999998
      ],
      "lightness": 0.3803921568627451,
      "sats": [
        0.8333333333333334,
        0.6692307692307692,
        0.5063291139240506
      ],
      "vals": [
        0.27226890756302524,
        0.5098039215686274,
        0.6196078431372549
      ],
      "variance": 0.9613288353029543
    },
    {
      "equivalent": false,
      "hues": [
        0.0
      ],
      "lightness": 0.8556372549019609,
      "sats": [
        0.4883720930232558,
        0.4357798165137614,
        0.4027149321266968
      ],
      "vals": [
        0.8431372549019608,
        0.8549019607843137,
        0.8666666666666667
      ],
      "variance": 0.42737964835009595
    }
  ]
}