{
  "group_name": "harvestcraft\\assets\\harvestcraft\\textures\\items\\cornbreadItem.png",
  "segment_dicts": [
    {
      "equivalent": false,
      "hues": [
        0.09887753815109086,
        0.09956709956709957,
        0.09999999999999999
      ],
      "lightness": 0.5774806892453952,
      "sats": [
        0.6028368794326241,
        0.6015624999999999,
        0.5998638220608262
      ],
      "vals": [
        0.5019607843137254,
        0.5529411764705883,
        0.6911372549019609
      ],
      "variance": 0.5121475489585023
    }
  ]
}