{
  "group_name": "harvestcraft\\assets\\harvestcraft\\textures\\items\\beefjerkyItem.png",
  "segment_dicts": [
    {
      "equivalent": false,
      "hues": [
        0.05360099337748344,
        0.05438259756877797,
        0.05537098560354373
      ],
      "lightness": 0.4659954071718778,
      "sats": [
        0.7230229120473023,
        0.719690199582961,
        0.7070798461886451
      ],
      "vals": [
        0.34792671166827377,
        0.5063348416289593,
        0.7223856209150328
      ],
      "variance": 0.5406870200088417
    }
  ]
}