{
  "group_name": "harvestcraft\\assets\\harvestcraft\\textures\\items\\grapefruityogurtItem.png",
  "segment_dicts": [
    {
      "equivalent": false,
      "hues": [
        0.11418762261458897,
        0.1541143654114367,
        0.15686274509803896
      ],
      "lightness": 0.7044736341138396,
      "sats": [
        0.31118881118881114,
        0.13502824858757057,
        0.07488986784140968
      ],
      "vals": [
        0.4627450980392157,
        0.7850980392156862,
        0.8901960784313725
      ],
      "variance": 0.5404339841198161
    },
    {
      "equivalent": false,
      "hues": [
        0.15686274509803924
      ],
      "lightness": 0.8901960784313725,
      "sats": [
        0.07488986784140968
      ],
      "vals": [
        0.8901960784313725
      ],
      "variance": 0.4276827341931036
    }
  ]
}