{
  "group_name": "harvestcraft\\assets\\harvestcraft\\textures\\items\\mochaicecreamItem.png",
  "segment_dicts": [
    {
      "equivalent": true,
      "hues": [
        0.0647176411794102,
        0.08876749743939916,
        0.08944246737841051
      ],
      "lightness": 0.5426212590299277,
      "sats": [
        0.8363636363636366,
        0.5085952422295538,
        0.24261785529269558
      ],
      "vals": [
        0.21568627450980388,
        0.610386857445681,
        0.7830966869506422
      ],
      "variance": 0.549500421084746
    }
  ]
}