{
  "group_name": "harvestcraft\\assets\\harvestcraft\\textures\\items\\muttonrawItem.png",
  "segment_dicts": [
    {
      "equivalent": false,
      "hues": [
        0.08928571428571423,
        0.10045510045510046,
        0.11355174981384965
      ],
      "lightness": 0.6605767012687427,
      "sats": [
        0.6199261992619924,
        0.4878167641325536,
        0.37777777777777777
      ],
      "vals": [
        0.5313725490196077,
        0.7100346020761246,
        0.8200692041522492
      ],
      "variance": 0.5089362473921479
    },
    {
      "equivalent": false,
      "hues": [
        0.15309584393553866,
        0.16371308016877642,
        0.16666666666666666
      ],
      "lightness": 0.5967168262653899,
      "sats": [
        0.39898989898989884,
        0.3778846153846153,
        0.0904117477684999
      ],
      "vals": [
        0.3529411764705882,
        0.5437908496732026,
        0.8011534025374856
      ],
      "variance": 0.5634019566072646
    }
  ]
}