{
  "group_name": "harvestcraft\\assets\\harvestcraft\\textures\\items\\oliveoilItem.png",
  "segment_dicts": [
    {
      "equivalent": true,
      "hues": [
        0.08511220580186041,
        0.08717948717948694,
        0.08897818599311132
      ],
      "lightness": 0.7548059783353901,
      "sats": [
        0.1504629629629632,
        0.10047294959049481,
        0.04318230163794917
      ],
      "vals": [
        0.5647058823529413,
        0.693797519007603,
        0.9066538090646094
      ],
      "variance": 0.5136058129565326
    },
    {
      "equivalent": true,
      "hues": [
        0.3360655737704918
      ],
      "lightness": 0.7490196078431373,
      "sats": [
        0.31937172774869116
      ],
      "vals": [
        0.7490196078431373
      ],
      "variance": 0.5175735509030719
    }
  ]
}