{
  "group_name": "harvestcraft\\assets\\harvestcraft\\textures\\items\\randomtacoItem.png",
  "segment_dicts": [
    {
      "equivalent": true,
      "hues": [
        0.16510538641686187,
        0.17495495495495503,
        0.17518133081046994
      ],
      "lightness": 0.8348187759952466,
      "sats": [
        0.6117478510028651,
        0.273976153447382,
        0.10795985060690953
      ],
      "vals": [
        0.5474509803921568,
        0.7962848297213623,
        0.9081081081081082
      ],
      "variance": 0.4415820856224724
    }
  ]
}