{
  "group_name": "harvestcraft\\assets\\harvestcraft\\textures\\items\\bakedbeansItem.png",
  "segment_dicts": [
    {
      "equivalent": false,
      "hues": [
        0.009095634095634075,
        0.05926653569089716,
        0.08420822397200352
      ],
      "lightness": 0.37318494965553795,
      "sats": [
        0.9109848484848485,
        0.8216303470540759,
        0.6215334420880914
      ],
      "vals": [
        0.24294117647058824,
        0.5176470588235293,
        0.5342047930283225
      ],
      "variance": 0.5050320217806833
    }
  ]
}