{
  "group_name": "harvestcraft\\assets\\harvestcraft\\textures\\items\\hotdogItem.png",
  "segment_dicts": [
    {
      "equivalent": false,
      "hues": [
        0.08330907326540515,
        0.08571252008404395,
        0.08730158730158731
      ],
      "lightness": 0.6617083615055217,
      "sats": [
        0.6947449768160741,
        0.6408582089552238,
        0.5483633688856198
      ],
      "vals": [
        0.4477508650519031,
        0.7006535947712418,
        0.9271952259164535
      ],
      "variance": 0.507351345121225
    }
  ]
}