{
  "group_name": "harvestcraft\\assets\\harvestcraft\\textures\\items\\butteredpotatoItem.png",
  "segment_dicts": [
    {
      "equivalent": false,
      "hues": [
        0.11874715779899947,
        0.15282131661442006,
        0.19251642387889176
      ],
      "lightness": 0.49807766243752405,
      "sats": [
        0.48322981366459633,
        0.45848318999218135,
        0.1552689218788027
      ],
      "vals": [
        0.3582633053221289,
        0.7285067873303168,
        0.8480908152734778
      ],
      "variance": 0.5676650759997615
    }
  ]
}