{
  "group_name": "harvestcraft\\assets\\harvestcraft\\textures\\items\\seaweedItem.png",
  "segment_dicts": [
    {
      "equivalent": true,
      "hues": [
        0.3609176566980745,
        0.3618102327779747,
        0.3624233128834356
      ],
      "lightness": 0.4635854341736695,
      "sats": [
        0.48591444328513933,
        0.48296524567711,
        0.43165340406719716
      ],
      "vals": [
        0.34618163054695555,
        0.5090196078431373,
        0.6720142602495545
      ],
      "variance": 0.49489849314571754
    }
  ]
}