{
  "group_name": "harvestcraft\\assets\\harvestcraft\\textures\\items\\kiwiseedItem.png",
  "segment_dicts": [
    {
      "equivalent": false,
      "hues": [
        0.2358789260385005,
        0.2725639399704079,
        0.2810734463276836
      ],
      "lightness": 0.5297682709447415,
      "sats": [
        0.8523316062176165,
        0.6423625254582485,
        0.5002649708532061
      ],
      "vals": [
        0.43249299719887957,
        0.566320645905421,
        0.74
      ],
      "variance": 0.424036074967535
    }
  ]
}