{
  "group_name": "harvestcraft\\assets\\harvestcraft\\textures\\items\\randomtacoItem.png",
  "segment_dicts": [
    {
      "equivalent": false,
      "hues": [
        0.10197368421052633,
        0.13252356780275562,
        0.14287650806560934
      ],
      "lightness": 0.826559714795009,
      "sats": [
        0.987012987012987,
        0.6191491749915816,
        0.5913900913900914
      ],
      "vals": [
        0.6039215686274509,
        0.652235294117647,
        0.9442501324854267
      ],
      "variance": 0.4459327953601862
    }
  ]
}