{
  "group_name": "harvestcraft\\assets\\harvestcraft\\textures\\items\\kiwiseedItem.png",
  "segment_dicts": [
    {
      "equivalent": false,
      "hues": [
        0.21098626716604243,
        0.23744122741895568,
        0.250499001996008
      ],
      "lightness": 0.4421390374331551,
      "sats": [
        0.9788980070339975,
        0.8574156588160408,
        0.5339999999999999
      ],
      "vals": [
        0.37167755991285406,
        0.49286274509803923,
        0.6535947712418301
      ],
      "variance": 0.42084116310800157
    }
  ]
}