{
  "group_name": "harvestcraft\\assets\\harvestcraft\\textures\\items\\bakedbeansItem.png",
  "segment_dicts": [
    {
      "equivalent": false,
      "hues": [
        0.06398467432950199,
        0.08447488584474883,
        0.1094527363184079
      ],
      "lightness": 0.4756226815050345,
      "sats": [
        0.8048103607770588,
        0.6969400244798041,
        0.5403225806451613
      ],
      "vals": [
        0.23551198257080622,
        0.5933188090050835,
        0.9725490196078432
      ],
      "variance": 0.5506371080212902
    }
  ]
}