{
  "group_name": "harvestcraft\\assets\\harvestcraft\\textures\\items\\toastItem.png",
  "segment_dicts": [
    {
      "equivalent": false,
      "hues": [
        0.9974457215836527,
        0.08221086855550393,
        0.08716440959847944
      ],
      "lightness": 0.4185031759182546,
      "sats": [
        0.8469708890637291,
        0.7652031633487865,
        0.38157894736842096
      ],
      "vals": [
        0.28080640706987015,
        0.5045751633986928,
        0.7663865546218487
      ],
      "variance": 0.5800790013229066
    }
  ]
}