{
  "group_name": "harvestcraft\\assets\\harvestcraft\\textures\\blocks\\pecan_1.png",
  "segment_dicts": [
    {
      "equivalent": false,
      "hues": [
        0.09803921568627451,
        0.09813084112149534,
        0.10000000000000002
      ],
      "lightness": 0.8098340874811464,
      "sats": [
        0.5528455284552846,
        0.5270935960591133,
        0.4366812227074236
      ],
      "vals": [
        0.4823529411764706,
        0.796078431372549,
        0.8980392156862745
      ],
      "variance": 0.4375666175582089
    },
    {
      "equivalent": false,
      "hues": [
        0.22737686139747995,
        0.22782874617737003,
        0.22798742138364778
      ],
      "lightness": 0.4627450980392157,
      "sats": [
        0.9208860759493671,
        0.7730496453900709,
        0.6198830409356725
      ],
      "vals": [
        0.41307189542483663,
        0.5529411764705883,
        0.6705882352941176
      ],
      "variance": 0.7657701052782058
    }
  ]
}