{
  "group_name": "harvestcraft\\assets\\harvestcraft\\textures\\items\\kiwiseedboxItem.png",
  "segment_dicts": [
    {
      "equivalent": false,
      "hues": [
        0.10941191097849061,
        0.12378538234051538,
        0.13249900675407225
      ],
      "lightness": 0.6955228758169935,
      "sats": [
        0.39812889812889807,
        0.2595110185286701,
        0.1549113737075333
      ],
      "vals": [
        0.5868409586056644,
        0.7451797385620915,
        0.7866376180101671
      ],
      "variance": 0.5072713019102881
    }
  ]
}