{
  "group_name": "harvestcraft\\assets\\harvestcraft\\textures\\items\\kiwiseedItem.png",
  "segment_dicts": [
    {
      "equivalent": false,
      "hues": [
        0.21098626716604243,
        0.2434649875977867,
        0.25277357539082196
      ],
      "lightness": 0.4623172905525847,
      "sats": [
        0.8273739048070092,
        0.750709823963657,
        0.5339999999999999
      ],
      "vals": [
        0.4140196078431373,
        0.5754901960784313,
        0.65359477124183
      ],
      "variance": 0.585658810244236
    }
  ]
}