{
  "group_name": "harvestcraft\\assets\\harvestcraft\\textures\\items\\toastItem.png",
  "segment_dicts": [
    {
      "equivalent": false,
      "hues": [
        0.08221086855550398,
        0.08536783854166667,
        0.11722395023328154
      ],
      "lightness": 0.39674123170394915,
      "sats": [
        0.8469708890637294,
        0.7781155015197567,
        0.6750656167979003
      ],
      "vals": [
        0.28080640706987037,
        0.4691622103386809,
        0.5533769063180828
      ],
      "variance": 0.5531893128955682
    }
  ]
}