{
  "group_name": "harvestcraft\\assets\\harvestcraft\\textures\\items\\sweetpotatoseedboxItem.png",
  "segment_dicts": [
    {
      "equivalent": false,
      "hues": [
        0.10919540229885061,
        0.1097159940209268,
        0.12340023269342633
      ],
      "lightness": 0.6756243550051599,
      "sats": [
        0.40887728459530037,
        0.38395316804407714,
        0.2379321083774525
      ],
      "vals": [
        0.5562817719680465,
        0.6326797385620915,
        0.7555294117647059
      ],
      "variance": 0.48313969184064776
    },
    {
      "equivalent": false,
      "hues": [
        0.2650489089541008,
        0.27485380116959063,
        0.2757575757575758
      ],
      "lightness": 0.45129411764705885,
      "sats": [
        0.7401837928153717,
        0.7069767441860465,
        0.7051282051282051
      ],
      "vals": [
        0.3058823529411765,
        0.4215686274509804,
        0.5867647058823529
      ],
      "variance": 0.7232997947748826
    }
  ]
}