{
  "group_name": "extratic\\assets\\extratic\\textures\\items\\longsword\\natura\\darkwood_longsword_blade.png",
  "segment_dicts": [
    {
      "equivalent": false,
      "hues": [
        0.5277777777777778,
        0.5288065843621399,
        0.5952380952380953
      ],
      "lightness": 0.3321266968325792,
      "sats": [
        0.44751381215469616,
        0.4173913043478261,
        0.35593220338983056
      ],
      "vals": [
        0.23137254901960785,
        0.4509803921568628,
        0.7098039215686275
      ],
      "variance": 0.4093883461122827
    }
  ]
}