{
  "group_name": "chisel\\assets\\chisel\\textures\\blocks\\thinWood-birch\\chaotic-spaced.png",
  "segment_dicts": [
    {
      "equivalent": false,
      "hues": [
        0.057589203179885196,
        0.07976360463271458,
        0.08423681972789117
      ],
      "lightness": 0.3235644257703081,
      "sats": [
        0.8538914854704327,
        0.7678875638841569,
        0.707501410039481
      ],
      "vals": [
        0.2001705029838024,
        0.3327248140635565,
        0.46979332273449914
      ],
      "variance": 0.6173808677252457
    }
  ]
}