{
  "group_name": "extratic\\assets\\extratic\\textures\\items\\excavator\\erebus\\jade_excavator_binding.png",
  "segment_dicts": [
    {
      "equivalent": false,
      "hues": [
        0.27742616033755274,
        0.27777777777777785,
        0.28138528138528135
      ],
      "lightness": 0.36274509803921573,
      "sats": [
        0.6,
        0.5703703703703704,
        0.49375
      ],
      "vals": [
        0.19607843137254902,
        0.41830065359477125,
        0.5294117647058824
      ],
      "variance": 0.4355806798637452
    }
  ]
}