{
  "group_name": "extratic\\assets\\extratic\\textures\\items\\bolt\\generic\\sapphire_bolt_head.png",
  "segment_dicts": [
    {
      "equivalent": false,
      "hues": [
        0.33994708994708994,
        0.34426229508196715,
        0.3452380952380952
      ],
      "lightness": 0.6305010893246187,
      "sats": [
        0.6885245901639344,
        0.6522864538395169,
        0.26872246696035235
      ],
      "vals": [
        0.23921568627450984,
        0.6492997198879552,
        0.8901960784313725
      ],
      "variance": 0.05001859628584769
    }
  ]
}