{
  "group_name": "bibliocraft\\assets\\bibliocraft\\textures\\models\\lanternCandle11.png",
  "segment_dicts": [
    {
      "equivalent": false,
      "hues": [
        0.15248226950354613,
        0.15384615384615388,
        0.15476190476190468
      ],
      "lightness": 0.9877769289533995,
      "sats": [
        0.18725099601593617,
        0.16600790513834,
        0.1566265060240964
      ],
      "vals": [
        0.9764705882352941,
        0.984313725490196,
        0.9921568627450981
      ],
      "variance": 0.008168560196225697
    }
  ]
}