{
  "group_name": "ttinkerer\\assets\\ttinkerer\\textures\\items\\corpus_condensed.png",
  "segment_dicts": [
    {
      "equivalent": false,
      "hues": [
        0.0
      ],
      "lightness": 0.0,
      "sats": [
        0.0
      ],
      "vals": [
        0.0
      ],
      "variance": Infinity
    },
    {
      "equivalent": false,
      "hues": [
        0.16666666666666666,
        0.6666666666666666
      ],
      "lightness": 0.40120663650075417,
      "sats": [
        0.2660944206008584,
        0.10232067510548519,
        0.05109489051094893
      ],
      "vals": [
        0.30457516339869284,
        0.4130718954248366,
        0.5372549019607843
      ],
      "variance": 0.6628824167542542
    },
    {
      "equivalent": false,
      "hues": [
        0.6666666666666666
      ],
      "lightness": 0.2657952069716775,
      "sats": [
        0.7763157894736844,
        0.21472392638036805,
        0.07692307692307693
      ],
      "vals": [
        0.09934640522875815,
        0.3196078431372549,
        0.40784313725490196
      ],
      "variance": 1.0005930048610876
    },
    {
      "equivalent": false,
      "hues": [
        0.16666666666666666,
        0.6666666666666666
      ],
      "lightness": 0.48333333333333334,
      "sats": [
        0.3181367690782953,
        0.19047619047619047,
        0.04198473282442746
      ],
      "vals": [
        0.32941176470588235,
        0.4403361344537815,
        0.565266106442577
      ],
      "variance": 0.5502472237685493
    }
  ]
}