{
  "group_name": "ttinkerer\\assets\\ttinkerer\\textures\\items\\fruit_terra.png",
  "segment_dicts": [
    {
      "equivalent": false,
      "hues": [
        0.0
      ],
      "lightness": 0.050980392156862744,
      "sats": [
        0.0
      ],
      "vals": [
        0.050980392156862744
      ],
      "variance": 5.904193482759538
    },
    {
      "equivalent": false,
      "hues": [
        0.044973544973544964,
        0.055075646656905806,
        0.0986547085201794
      ],
      "lightness": 0.6267079463364293,
      "sats": [
        0.9420689655172413,
        0.9264705882352943,
        0.7979484732824428
      ],
      "vals": [
        0.36666666666666675,
        0.7481940144478845,
        0.9670126874279124
      ],
      "variance": 0.4802844784091707
    }
  ]
}