{
  "group_name": "ttinkerer\\assets\\ttinkerer\\textures\\items\\ichorPickGem2.png",
  "segment_dicts": [
    {
      "equivalent": true,
      "hues": [
        0.071078431372549,
        0.09160756501182032,
        0.11247947454844005
      ],
      "lightness": 0.501437908496732,
      "sats": [
        0.9189189189189189,
        0.3464373464373464,
        0.21234309623430958
      ],
      "vals": [
        0.2901960784313726,
        0.3990196078431373,
        0.7498039215686274
      ],
      "variance": 0.641765191202209
    },
    {
      "equivalent": true,
      "hues": [
        0.5725677830940988,
        0.5729166666666666,
        0.5730593607305936
      ],
      "lightness": 0.567156862745098,
      "sats": [
        1.0
      ],
      "vals": [
        0.28627450980392155,
        0.5019607843137255,
        0.8196078431372549
      ],
      "variance": 0.5674010425702503
    },
    {
      "equivalent": true,
      "hues": [
        0.06342378116037944,
        0.06640625,
        0.10267534345625451
      ],
      "lightness": 0.38373983739837403,
      "sats": [
        1.0,
        0.9331983805668016,
        0.9247246022031823
      ],
      "vals": [
        0.23732752360203335,
        0.5019607843137255,
        0.8302521008403362
      ],
      "variance": 0.8386030426347507
    },
    {
      "equivalent": true,
      "hues": [
        0.5725490196078432
      ],
      "lightness": 1.0,
      "sats": [
        1.0
      ],
      "vals": [
        1.0
      ],
      "variance": 0.32180539522244095
    }
  ]
}