{
  "group_name": "ttinkerer\\assets\\ttinkerer\\textures\\items\\ichorclothHelmGem.png",
  "segment_dicts": [
    {
      "equivalent": false,
      "hues": [
        0.0
      ],
      "lightness": 0.45359477124183,
      "sats": [
        0.0
      ],
      "vals": [
        0.40784313725490196,
        0.43137254901960786,
        0.48549019607843136
      ],
      "variance": 0.46046687692963684
    },
    {
      "equivalent": false,
      "hues": [
        0.0850671388519994,
        0.08583021223470665,
        0.12597809076682312
      ],
      "lightness": 0.703448275862069,
      "sats": [
        1.0,
        0.9087999999999999
      ],
      "vals": [
        0.5235294117647058,
        0.681447963800905,
        0.9191176470588236
      ],
      "variance": 0.2969164540909224
    },
    {
      "equivalent": false,
      "hues": [
        0.08284600389863549,
        0.08333333333333333,
        0.0869120654396728
      ],
      "lightness": 0.7039215686274509,
      "sats": [
        1.0
      ],
      "vals": [
        0.6392156862745098,
        0.6705882352941176,
        0.7529411764705882
      ],
      "variance": 0.2967168176315394
    }
  ]
}