{
  "group_name": "ttinkerer\\assets\\ttinkerer\\textures\\items\\corpus_condensed.png",
  "segment_dicts": [
    {
      "equivalent": false,
      "hues": [
        0.0
      ],
      "lightness": 0.0,
      "sats": [
        0.0
      ],
      "vals": [
        0.0
      ],
      "variance": Infinity
    },
    {
      "equivalent": false,
      "hues": [
        0.6666666666666666
      ],
      "lightness": 0.39698340874811466,
      "sats": [
        0.3650793650793651,
        0.2183574879227053,
        0.1419354838709676
      ],
      "vals": [
        0.24705882352941178,
        0.40588235294117647,
        0.6078431372549019
      ],
      "variance": 0.6720948740788889
    },
    {
      "equivalent": false,
      "hues": [
        0.6666666666666666
      ],
      "lightness": 0.25098039215686274,
      "sats": [
        0.7763157894736841,
        0.29842931937172773,
        0.17796610169491534
      ],
      "vals": [
        0.09934640522875815,
        0.2996078431372549,
        0.4627450980392157
      ],
      "variance": 1.063073142172858
    },
    {
      "equivalent": false,
      "hues": [
        0.6642512077294686,
        0.6666666666666666
      ],
      "lightness": 0.4916666666666667,
      "sats": [
        0.3650793650793651,
        0.1797040169133193,
        0.14712153518123666
      ],
      "vals": [
        0.24705882352941178,
        0.46372549019607845,
        0.5517647058823529
      ],
      "variance": 0.5426654524351977
    }
  ]
}