{
  "group_name": "extratic\\assets\\extratic\\textures\\items\\crossbow\\ae\\certus_quartz_crossbow_bow_2.png",
  "segment_dicts": [
    {
      "equivalent": false,
      "hues": [
        0.7681159420289855
      ],
      "lightness": 0.2196078431372549,
      "sats": [
        0.41071428571428564
      ],
      "vals": [
        0.2196078431372549
      ],
      "variance": 0.5032244467615904
    },
    {
      "equivalent": false,
      "hues": [
        0.7604166666666666,
        0.7611111111111111,
        0.7638888888888888
      ],
      "lightness": 0.6209150326797386,
      "sats": [
        0.40000000000000013,
        0.39999999999999997,
        0.1553398058252427
      ],
      "vals": [
        0.35294117647058826,
        0.5882352941176471,
        0.807843137254902
      ],
      "variance": 0.17798254117041512
    }
  ]
}