{
  "group_name": "carpentersblocks\\assets\\carpentersblocks\\textures\\blocks\\designs\\flowerpot\\green.png",
  "segment_dicts": [
    {
      "equivalent": false,
      "hues": [
        0.8435003631082062,
        0.8438558297048863,
        0.843936922240348
      ],
      "lightness": 0.8062982768865121,
      "sats": [
        0.39887030197697154,
        0.37334055811433214,
        0.34855951478392727
      ],
      "vals": [
        0.7521241830065359,
        0.8041394335511982,
        0.8620915032679739
      ],
      "variance": 0.43854562656261287
    }
  ]
}