{
  "group_name": "extratic\\assets\\extratic\\textures\\items\\parts\\aoa\\crystalitestone_crossbow_body.png",
  "segment_dicts": [
    {
      "equivalent": false,
      "hues": [
        0.7604680928871823,
        0.7719019518837947,
        0.06770833333333333
      ],
      "lightness": 0.6361197110423116,
      "sats": [
        1.0,
        0.7405042016806722,
        0.5833600000000001
      ],
      "vals": [
        0.25098039215686274,
        0.5555555555555556,
        0.7659313725490197
      ],
      "variance": 0.08565926091679482
    }
  ]
}