{
  "group_name": "extratic\\assets\\extratic\\textures\\items\\parts\\metallurgy3\\precious\\brass_trident_head.png",
  "segment_dicts": [
    {
      "equivalent": false,
      "hues": [
        0.7675070028011204,
        0.7730158730158729,
        0.06770833333333333
      ],
      "lightness": 0.3616993464052287,
      "sats": [
        1.0,
        0.7394366197183098,
        0.6329787234042553
      ],
      "vals": [
        0.2509803921568627,
        0.5568627450980392,
        0.7372549019607844
      ],
      "variance": 0.4792058458731726
    }
  ]
}