{
  "group_name": "extratic\\assets\\extratic\\textures\\items\\parts\\bop\\mud_lumberaxe_head.png",
  "segment_dicts": [
    {
      "equivalent": false,
      "hues": [
        0.047776687918914505,
        0.06770833333333337,
        0.13749999999999998
      ],
      "lightness": 0.5891531080517313,
      "sats": [
        1.0,
        0.99269717624148,
        0.6694560669456067
      ],
      "vals": [
        0.25098039215686263,
        0.8054901960784314,
        0.9372549019607843
      ],
      "variance": 0.2363632832240135
    }
  ]
}