{
  "group_name": "extratic\\assets\\tinker\\textures\\items\\parts\\terrasteel_chunk.png",
  "segment_dicts": [
    {
      "equivalent": false,
      "hues": [
        0.06108276643990934,
        0.07683982683982682,
        0.14152119700748125
      ],
      "lightness": 0.7155681549728325,
      "sats": [
        1.0,
        0.8602087314420109,
        0.6694490818030051
      ],
      "vals": [
        0.2975332068311193,
        0.939607843137255,
        0.9880900508351489
      ],
      "variance": 0.26415905278135465
    }
  ]
}