{
  "group_name": "extratic\\assets\\extratic\\textures\\items\\parts\\natura\\netherquartz_medium_guard.png",
  "segment_dicts": [
    {
      "equivalent": false,
      "hues": [
        0.7047619047619048,
        0.7471861471861473,
        0.7765700483091788
      ],
      "lightness": 0.22941176470588237,
      "sats": [
        1.0,
        0.9928057553956835,
        0.8974358974358975
      ],
      "vals": [
        0.15294117647058825,
        0.30196078431372547,
        0.5450980392156862
      ],
      "variance": 0.9137759738814599
    }
  ]
}