{
  "group_name": "extratic\\assets\\extratic\\textures\\items\\parts\\aoa\\crystalitestone_crossbow_body.png",
  "segment_dicts": [
    {
      "equivalent": false,
      "hues": [
        0.0
      ],
      "lightness": 0.34633642930856556,
      "sats": [
        0.0
      ],
      "vals": [
        0.10588235294117648,
        0.2801120448179272,
        0.4482843137254902
      ],
      "variance": 0.16937442969336453
    }
  ]
}