{
  "group_name": "extratic\\assets\\extratic\\textures\\items\\parts\\bop\\mud_arrowhead.png",
  "segment_dicts": [
    {
      "equivalent": false,
      "hues": [
        0.9844665885111372,
        0.0,
        0.007468553459119491
      ],
      "lightness": 0.33247250119560023,
      "sats": [
        0.9999999999999998,
        0.8313725490196079,
        0.5
      ],
      "vals": [
        0.257315233785822,
        0.4,
        0.5882352941176471
      ],
      "variance": 0.7489021972806815
    }
  ]
}