{
  "group_name": "extratic\\assets\\extratic\\textures\\items\\parts\\bop\\mud_excavator_head.png",
  "segment_dicts": [
    {
      "equivalent": false,
      "hues": [
        1.850371707708594e-17,
        0.048073407911091624,
        0.069281045751634
      ],
      "lightness": 0.8049247606019152,
      "sats": [
        1.0,
        0.900763358778626
      ],
      "vals": [
        0.5137254901960784,
        0.9932461873638344,
        1.0
      ],
      "variance": 0.15028226341326192
    }
  ]
}