{
  "group_name": "extratic\\assets\\extratic\\textures\\items\\parts\\natura\\netherquartz_medium_guard.png",
  "segment_dicts": [
    {
      "equivalent": false,
      "hues": [
        0.10166666666666672,
        0.12830687830687829,
        0.14382402707275802
      ],
      "lightness": 0.9862745098039216,
      "sats": [
        1.0,
        0.7817460317460317,
        0.23999999999999996
      ],
      "vals": [
        0.9803921568627451,
        0.9882352941176471
      ],
      "variance": 0.003856770578797183
    }
  ]
}