{
  "group_name": "extratic\\assets\\extratic\\textures\\items\\parts\\thermal\\signalum_large_sword_blade.png",
  "segment_dicts": [
    {
      "equivalent": false,
      "hues": [
        0.10154975530179444,
        0.12830687830687829,
        0.16862745098039214
      ],
      "lightness": 0.9866666666666666,
      "sats": [
        1.0,
        0.1751428571428571
      ],
      "vals": [
        0.9803921568627451,
        0.9882352941176471,
        1.0
      ],
      "variance": 0.006813030453740386
    }
  ]
}