{
  "group_name": "extratic\\assets\\extratic\\textures\\items\\parts\\bop\\mud_shovel_head.png",
  "segment_dicts": [
    {
      "equivalent": false,
      "hues": [
        0.10158730158730163,
        0.12830687830687829,
        0.14382402707275802
      ],
      "lightness": 0.9848366013071894,
      "sats": [
        1.0,
        0.7817460317460317,
        0.09692307692307692
      ],
      "vals": [
        0.9803921568627451,
        0.9882352941176471
      ],
      "variance": 0.005133263289504243
    }
  ]
}