{
  "group_name": "extratic\\assets\\extratic\\textures\\items\\bolt\\generic\\sapphire_bolt_head.png",
  "segment_dicts": [
    {
      "equivalent": false,
      "hues": [
        0.10135135135135138,
        0.10233918128654973,
        0.14382402707275802
      ],
      "lightness": 0.9830065359477124,
      "sats": [
        0.7817460317460317,
        0.296,
        0.11369680851063824
      ],
      "vals": [
        0.9803921568627451,
        0.9830065359477124,
        0.9882352941176471
      ],
      "variance": 0.06148126525102518
    }
  ]
}