{
  "group_name": "extratic\\assets\\extratic\\textures\\items\\parts\\aoa\\crystalitestone_crossbow_body.png",
  "segment_dicts": [
    {
      "equivalent": false,
      "hues": [
        0.10140562248995999,
        0.14382402707275802,
        0.16672963102883767
      ],
      "lightness": 0.991124871001032,
      "sats": [
        1.0,
        0.7817460317460317,
        0.12450000000000012
      ],
      "vals": [
        0.9803921568627451,
        0.9882352941176471,
        0.988608776844071
      ],
      "variance": 0.12066541860697086
    }
  ]
}