{
  "group_name": "extratic\\assets\\extratic\\textures\\items\\parts\\twilightforest\\knightmetal_toughbind.png",
  "segment_dicts": [
    {
      "equivalent": false,
      "hues": [
        0.38395638629283485,
        0.4368731218046287,
        0.4471014492753623
      ],
      "lightness": 0.8909803921568626,
      "sats": [
        0.9727272727272727,
        0.955476004027296,
        0.9465020576131686
      ],
      "vals": [
        0.8627450980392157,
        0.8763725490196078,
        0.9529411764705882
      ],
      "variance": 0.06083302899576374
    }
  ]
}