{
  "group_name": "extratic\\assets\\tinker\\textures\\items\\parts\\signalum_knife_blade.png",
  "segment_dicts": [
    {
      "equivalent": false,
      "hues": [
        0.38265306122448983,
        0.4428794992175274,
        0.4471014492753624
      ],
      "lightness": 0.6386747802569304,
      "sats": [
        0.9508928571428572,
        0.9465020576131686,
        0.8672566371681415
      ],
      "vals": [
        0.4431372549019607,
        0.8784313725490196,
        0.9529411764705882
      ],
      "variance": 0.21760563857549675
    }
  ]
}