{
  "group_name": "minecraft\\assets\\minecraft\\textures\\blocks\\anvil_top_damaged_1.png",
  "segment_dicts": [
    {
      "equivalent": false,
      "hues": [
        0.9666666666666667,
        0.9666666666666668
      ],
      "lightness": 0.13137254901960785,
      "sats": [
        0.1724137931034483,
        0.13157894736842096
      ],
      "vals": [
        0.11372549019607843,
        0.14901960784313725
      ],
      "variance": 0.5136876960338334
    },
    {
      "equivalent": false,
      "hues": [
        0.0,
        0.0007541478129715062,
        0.002032520325203272
      ],
      "lightness": 0.13599798893916543,
      "sats": [
        0.13046044864226689,
        0.1158737635421573,
        0.09541745134965475
      ],
      "vals": [
        0.11654626762985898,
        0.13648344583735134,
        0.16439628482972135
      ],
      "variance": 0.49621661727778427
    },
    {
      "equivalent": false,
      "hues": [
        0.9666666666666667,
        0.0
      ],
      "lightness": 0.11372549019607843,
      "sats": [
        0.16129032258064516,
        0.1111111111111111
      ],
      "vals": [
        0.10588235294117647,
        0.12156862745098039
      ],
      "variance": 0.5933978557632213
    }
  ]
}