{
  "group_name": "extratic\\assets\\extratic\\textures\\items\\cleaver\\metallurgy3\\precious\\brass_cleaver_head.png",
  "segment_dicts": [
    {
      "equivalent": false,
      "hues": [
        0.8166666666666665,
        0.8187500000000001,
        0.8211382113821138
      ],
      "lightness": 0.6490196078431373,
      "sats": [
        0.7592592592592591,
        0.7095343680709535,
        0.24242424242424246
      ],
      "vals": [
        0.2117647058823529,
        0.884313725490196,
        0.9705882352941178
      ],
      "variance": 0.3521047447022724
    }
  ]
}