{
  "group_name": "iron_hoe",
  "segment_dicts": [
    {
      "colorize": true,
      "hues": [
        0.09413580246913583,
        0.09413580246913583,
        0.09414758269720103,
        0.09414758269720103,
        0.09437751004016065,
        0.09437751004016065,
        0.09437751004016065,
        0.09523809523809523,
        0.09523809523809523,
        0.095679012345679,
        0.09848484848484845
      ],
      "id": 0,
      "lightness": 0.23617963314357998,
      "sats": [
        0.7857142857142857,
        0.7826086956521738,
        0.7826086956521738,
        0.7826086956521738,
        0.7797619047619047,
        0.7797619047619047,
        0.7777777777777778,
        0.7777777777777778,
        0.7757009345794392,
        0.7757009345794392,
        0.7757009345794392
      ],
      "vals": [
        0.07058823529411765,
        0.07058823529411765,
        0.10980392156862745,
        0.27058823529411763,
        0.4196078431372549,
        0.4196078431372549,
        0.4196078431372549,
        0.5411764705882353,
        0.5411764705882353,
        0.6588235294117647,
        0.6588235294117647
      ],
      "variance": 0.7136079919468777
    },
    {
      "colorize": true,
      "hues": [
        0.3333333333333333,
        0.3333333333333333,
        0.3333333333333333,
        0.3333333333333333,
        0.3333333333333333,
        0.3333333333333333,
        0.3333333333333333,
        0.3333333333333333,
        0.3333333333333333,
        0.3333333333333333
      ],
      "id": 1,
      "lightness": 0.4172549019607843,
      "sats": [
        0.5507246376811593,
        0.5507246376811593,
        0.5507246376811593,
        0.5507246376811593,
        0.5507246376811593,
        0.5507246376811593,
        0.5507246376811593,
        0.5507246376811593,
        0.5507246376811593,
        0.5495867768595041
      ],
      "vals": [
        0.18823529411764706,
        0.18823529411764706,
        0.18823529411764706,
        0.27058823529411763,
        0.27058823529411763,
        0.27058823529411763,
        0.5411764705882353,
        0.7098039215686275,
        0.7098039215686275,
        0.9490196078431372
      ],
      "variance": 0.4039249699747819
    }
  ]
}