{
  "group_name": "extratic\\assets\\extratic\\textures\\items\\dagger\\bop\\mud_dagger_blade.png",
  "segment_dicts": [
    {
      "equivalent": false,
      "hues": [
        0.8253968253968255,
        0.826530612244898,
        0.8323754789272031
      ],
      "lightness": 0.8474153297682709,
      "sats": [
        0.9942857142857143,
        0.5810276679841897,
        0.19678714859437738
      ],
      "vals": [
        0.6862745098039216,
        0.9764705882352941,
        0.9921568627450981
      ],
      "variance": 0.08677671893578463
    }
  ]
}