{
  "group_name": "extratic\\assets\\extratic\\textures\\items\\battleaxe\\oodmod\\kroostyl_battleaxe_back.png",
  "segment_dicts": [
    {
      "equivalent": true,
      "hues": [
        0.9696969696969697,
        0.9705882352941176,
        0.970873786407767
      ],
      "lightness": 0.6435729847494553,
      "sats": [
        0.6242424242424243,
        0.6241134751773049,
        0.6040609137055838
      ],
      "vals": [
        0.5529411764705883,
        0.6470588235294118,
        0.7725490196078432
      ],
      "variance": 0.07648311450300546
    }
  ]
}