{
  "group_name": "spider",
  "segment_dicts": [
    {
      "colorize": true,
      "hues": [
        0.9404761904761905,
        0.0,
        0.0,
        0.018115942028985477,
        0.019230769230769273,
        0.02631578947368418,
        0.02631578947368418,
        0.03205128205128205,
        0.033333333333333326,
        0.038461538461538436,
        0.04629629629629628
      ],
      "id": 0,
      "lightness": 0.13527213781355604,
      "sats": [
        1.0,
        0.9122807017543859,
        0.9047619047619048,
        0.8666666666666667,
        0.8571428571428571,
        0.8510638297872339,
        0.7301587301587302,
        0.6190476190476191,
        0.2857142857142857,
        0.0,
        0.0
      ],
      "vals": [
        0.0,
        0.0,
        0.00784313725490196,
        0.08235294117647059,
        0.11764705882352941,
        0.16470588235294117,
        0.16470588235294117,
        0.1843137254901961,
        0.19215686274509805,
        0.2235294117647059,
        0.24705882352941178
      ],
      "variance": 0.7189019256555284
    },
    {
      "colorize": true,
      "hues": [
        0.4971264367816092,
        0.4971264367816092,
        0.4971264367816092,
        0.4971264367816092,
        0.4971264367816092,
        0.4974809673085535,
        0.4978354978354978,
        0.4978354978354978,
        0.4978354978354978,
        0.4978354978354978
      ],
      "id": 1,
      "lightness": 0.28941176470588237,
      "sats": [
        0.9666666666666667,
        0.9666666666666667,
        0.9666666666666667,
        0.9666666666666667,
        0.9666666666666667,
        0.9666666666666667,
        0.9666666666666667,
        0.9666666666666667,
        0.9666666666666667,
        0.9666666666666667
      ],
      "vals": [
        0.23529411764705882,
        0.23529411764705882,
        0.23529411764705882,
        0.23529411764705882,
        0.23529411764705882,
        0.23529411764705882,
        0.23529411764705882,
        0.23529411764705882,
        0.23529411764705882,
        0.23529411764705882
      ],
      "variance": 0.3360174402741855
    }
  ]
}