{
  "group_name": "extratic\\assets\\extratic\\textures\\items\\arrow\\metallurgy3\\fantasy\\mithril_arrow_shaft.png",
  "segment_dicts": [
    {
      "equivalent": false,
      "hues": [
        0.8386666666666667,
        0.8389121338912133,
        0.8743961352657005
      ],
      "lightness": 0.6646426312460468,
      "sats": [
        1.0,
        0.9857142857142858,
        0.5681818181818182
      ],
      "vals": [
        0.5490196078431373,
        0.8627450980392157,
        0.9372549019607843
      ],
      "variance": 0.09928233201334256
    }
  ]
}