{
  "group_name": "sapling_oak",
  "segment_dicts": [
    {
      "colorize": true,
      "hues": [
        0.05833333333333335,
        0.07777777777777778,
        0.09090909090909094,
        0.0964912280701754,
        0.09649122807017546,
        0.1250000000000001,
        0.14473684210526316,
        0.14473684210526316,
        0.14583333333333337,
        0.14629629629629626,
        0.14629629629629626,
        0.14629629629629626
      ],
      "id": 0,
      "lightness": 0.39691280767626197,
      "sats": [
        0.6153846153846153,
        0.6079999999999999,
        0.6079999999999999,
        0.6,
        0.6,
        0.6,
        0.28358208955223885,
        0.24999999999999992,
        0.2134831460674156,
        0.21238938053097345,
        0.1704545454545455,
        0.16
      ],
      "vals": [
        0.2627450980392157,
        0.34509803921568627,
        0.34509803921568627,
        0.34901960784313724,
        0.3568627450980392,
        0.44313725490196076,
        0.49019607843137253,
        0.49019607843137253,
        0.49019607843137253,
        0.5882352941176471,
        0.5882352941176471,
        0.5882352941176471
      ],
      "variance": 0.6018574887717025
    },
    {
      "colorize": true,
      "hues": [
        0.0,
        0.0,
        0.0,
        0.0,
        0.0,
        0.043859649122806876,
        0.10416666666666663,
        0.14473684210526316,
        0.14473684210526316,
        0.14583333333333337,
        0.14629629629629626
      ],
      "id": 1,
      "lightness": 0.31783992285438767,
      "sats": [
        0.6153846153846153,
        0.6079999999999999,
        0.6079999999999999,
        0.6,
        0.5333333333333333,
        0.12418300653594765,
        0.0,
        0.0,
        0.0,
        0.0,
        0.0
      ],
      "vals": [
        0.0,
        0.0,
        0.0,
        0.0,
        0.0,
        0.23529411764705882,
        0.3568627450980392,
        0.49019607843137253,
        0.49019607843137253,
        0.5882352941176471,
        0.6
      ],
      "variance": 0.7515888612860046
    }
  ]
}