{
  "group_name": "sapling_oak",
  "segment_dicts": [
    {
      "colorize": true,
      "hues": [
        0.047619047619047616,
        0.047619047619047616,
        0.047619047619047616,
        0.047619047619047616,
        0.047619047619047616,
        0.047619047619047616,
        0.047619047619047616,
        0.047619047619047616,
        0.047619047619047616,
        0.047619047619047616,
        0.047619047619047616,
        0.047619047619047616
      ],
      "id": 0,
      "lightness": 0.3632040050062578,
      "sats": [
        0.765625,
        0.765625,
        0.765625,
        0.765625,
        0.765625,
        0.765625,
        0.765625,
        0.765625,
        0.765625,
        0.765625,
        0.765625,
        0.765625
      ],
      "vals": [
        0.25098039215686274,
        0.25098039215686274,
        0.25098039215686274,
        0.25098039215686274,
        0.25098039215686274,
        0.25098039215686274,
        0.3215686274509804,
        0.3215686274509804,
        0.41568627450980394,
        0.43529411764705883,
        0.49019607843137253,
        0.49019607843137253
      ],
      "variance": 0.7729476916626336
    },
    {
      "colorize": true,
      "hues": [
        0.8894736842105263,
        0.8894736842105263,
        0.8894736842105263,
        0.8894736842105263,
        0.8900343642611683,
        0.8904109589041096,
        0.8904109589041096,
        0.8904109589041096,
        0.8907563025210085,
        0.8907563025210085,
        0.8907563025210085
      ],
      "id": 1,
      "lightness": 0.6284795885567342,
      "sats": [
        0.6423841059602649,
        0.6403508771929823,
        0.6403508771929823,
        0.6403508771929823,
        0.6329787234042553,
        0.6329787234042553,
        0.6329787234042553,
        0.47263681592039797,
        0.47263681592039797,
        0.47263681592039797,
        0.47263681592039797
      ],
      "vals": [
        0.4470588235294118,
        0.4470588235294118,
        0.4470588235294118,
        0.592156862745098,
        0.7372549019607844,
        0.7372549019607844,
        0.7372549019607844,
        0.788235294117647,
        0.788235294117647,
        0.788235294117647,
        0.788235294117647
      ],
      "variance": 0.44669342073130475
    }
  ]
}