{
  "group_name": "extratic\\assets\\extratic\\textures\\items\\rapier\\metallurgy3\\nether\\kalendrite_rapier_handle.png",
  "segment_dicts": [
    {
      "equivalent": false,
      "hues": [
        0.5829307568438002,
        0.5833333333333334
      ],
      "lightness": 0.5420020639834882,
      "sats": [
        1.0,
        0.9241071428571429
      ],
      "vals": [
        0.32156862745098036,
        0.5666666666666667,
        0.8784313725490196
      ],
      "variance": 0.2453792724015812
    }
  ]
}