{
  "group_name": "extratic\\assets\\extratic\\textures\\items\\rapier\\thermal\\lumium_rapier_blade_broken.png",
  "segment_dicts": [
    {
      "equivalent": false,
      "hues": [
        0.5833333333333334,
        0.5846994535519126
      ],
      "lightness": 0.3895424836601307,
      "sats": [
        1.0
      ],
      "vals": [
        0.2392156862745098,
        0.23921568627450981,
        0.6901960784313725
      ],
      "variance": 0.3910469920536183
    }
  ]
}