{
  "group_name": "dust",
  "segment_dicts": [
    {
      "colorize": true,
      "hues": [
        0.07407407407407407,
        0.07407407407407407,
        0.07418699186991873,
        0.07418699186991873,
        0.07500000000000001,
        0.07500000000000001,
        0.07500000000000001,
        0.07610789980732174,
        0.07661290322580644,
        0.07692307692307693,
        0.07692307692307693
      ],
      "id": 0,
      "lightness": 0.7305258467023172,
      "sats": [
        0.8826530612244898,
        0.8622448979591837,
        0.8622448979591837,
        0.8282828282828283,
        0.796116504854369,
        0.7826086956521738,
        0.7826086956521738,
        0.7798742138364779,
        0.7766990291262136,
        0.7766990291262136,
        0.7766990291262136
      ],
      "vals": [
        0.7686274509803922,
        0.7686274509803922,
        0.7686274509803922,
        0.7764705882352941,
        0.807843137254902,
        0.807843137254902,
        0.807843137254902,
        0.807843137254902,
        0.807843137254902,
        0.807843137254902,
        0.807843137254902
      ],
      "variance": 0.4797890612899689
    }
  ]
}