{
  "group_name": "dust",
  "segment_dicts": [
    {
      "colorize": true,
      "hues": [
        0.07407407407407407,
        0.07407407407407407,
        0.07407407407407407,
        0.07407407407407407,
        0.07407407407407407,
        0.07407407407407407,
        0.07407407407407407,
        0.07407407407407407,
        0.07407407407407407,
        0.07407407407407407,
        0.07407407407407407
      ],
      "id": 0,
      "lightness": 0.5684046345811051,
      "sats": [
        0.773006134969325,
        0.773006134969325,
        0.773006134969325,
        0.773006134969325,
        0.773006134969325,
        0.773006134969325,
        0.773006134969325,
        0.773006134969325,
        0.773006134969325,
        0.773006134969325,
        0.773006134969325
      ],
      "vals": [
        0.6392156862745098,
        0.6392156862745098,
        0.6392156862745098,
        0.6392156862745098,
        0.6392156862745098,
        0.6392156862745098,
        0.6392156862745098,
        0.6392156862745098,
        0.6392156862745098,
        0.6392156862745098,
        0.6392156862745098
      ],
      "variance": 0.48155002927999885
    }
  ]
}