{
  "group_name": "dust",
  "segment_dicts": [
    {
      "colorize": true,
      "hues": [
        0.0,
        0.0,
        0.0,
        0.0,
        0.0,
        0.0,
        0.0,
        0.0,
        0.0,
        0.0,
        0.0
      ],
      "id": 0,
      "lightness": 0.9079322638146168,
      "sats": [
        0.0,
        0.0,
        0.0,
        0.0,
        0.0,
        0.0,
        0.0,
        0.0,
        0.0,
        0.0,
        0.0
      ],
      "vals": [
        0.8509803921568627,
        0.8980392156862745,
        0.9098039215686274,
        0.9137254901960784,
        0.9254901960784314,
        0.9372549019607843,
        0.9411764705882353,
        0.9411764705882353,
        0.9450980392156862,
        0.9450980392156862,
        0.9490196078431372
      ],
      "variance": 0.053912533338001216
    }
  ]
}