{
  "group_name": "dust",
  "segment_dicts": [
    {
      "colorize": true,
      "hues": [
        0.0,
        0.0,
        0.0,
        0.0,
        0.0,
        0.0,
        0.0,
        0.0,
        0.0,
        0.0,
        0.0
      ],
      "id": 0,
      "lightness": 0.8189839572192514,
      "sats": [
        0.0,
        0.0,
        0.0,
        0.0,
        0.0,
        0.0,
        0.0,
        0.0,
        0.0,
        0.0,
        0.0
      ],
      "vals": [
        0.7529411764705882,
        0.8313725490196079,
        0.8313725490196079,
        0.8313725490196079,
        0.8313725490196079,
        0.8627450980392157,
        0.8627450980392157,
        0.8627450980392157,
        0.8705882352941177,
        0.8705882352941177,
        0.8705882352941177
      ],
      "variance": 0.47652123214239733
    }
  ]
}