{
  "group_name": "extratic\\assets\\extratic\\textures\\items\\longbow\\generic\\sapphire_bow_top.png",
  "segment_dicts": [
    {
      "equivalent": false,
      "hues": [
        0.8166666666666665,
        0.8185840707964601,
        0.8194444444444445
      ],
      "lightness": 0.8401568627450982,
      "sats": [
        0.7635135135135135,
        0.6666666666666666,
        0.24242424242424238
      ],
      "vals": [
        0.5803921568627451,
        0.9176470588235294,
        0.9705882352941176
      ],
      "variance": 0.1541819504766259
    }
  ]
}