{
  "group_name": "tinker\\assets\\tinker\\textures\\items\\fishingrod\\slime_fishingrod_bobber.png",
  "segment_dicts": [
    {
      "equivalent": false,
      "hues": [
        0.0,
        0.055118110236220465
      ],
      "lightness": 0.5826330532212884,
      "sats": [
        1.0,
        0.900763358778626
      ],
      "vals": [
        0.5137254901960784,
        0.996078431372549
      ],
      "variance": 0.11618287833530064
    }
  ]
}