{
  "group_name": "tinker\\assets\\tinker\\textures\\items\\fishingrod\\slime_fishingrod_bobber.png",
  "segment_dicts": [
    {
      "equivalent": false,
      "hues": [
        0.10256410256410255,
        0.12830687830687829
      ],
      "lightness": 0.9871148459383754,
      "sats": [
        1.0,
        0.15600000000000003
      ],
      "vals": [
        0.9803921568627451,
        0.9882352941176471
      ],
      "variance": 0.05488741201091625
    }
  ]
}