{
  "group_name": "extratic\\assets\\extratic\\textures\\items\\parts\\bop\\mud_large_guard.png",
  "segment_dicts": [
    {
      "equivalent": false,
      "hues": [
        0.0
      ],
      "lightness": 0.128,
      "sats": [
        0.0
      ],
      "vals": [
        0.04705882352941175,
        0.18823529411764706,
        0.44705882352941184
      ],
      "variance": 1.7855969516041097
    }
  ]
}