{
  "group_name": "extratic\\assets\\extratic\\textures\\items\\parts\\botania\\terrasteel_full_guard.png",
  "segment_dicts": [
    {
      "equivalent": false,
      "hues": [
        0.0
      ],
      "lightness": 0.2476397966594045,
      "sats": [
        0.0
      ],
      "vals": [
        0.04705882352941168,
        0.24705882352941178,
        0.5490196078431373
      ],
      "variance": 1.118089439959215
    }
  ]
}