{
  "group_name": "extratic\\assets\\extratic\\textures\\items\\parts\\thermal\\signalum_large_sword_blade.png",
  "segment_dicts": [
    {
      "equivalent": false,
      "hues": [
        0.6711711711711712,
        0.682033096926714,
        0.6911458333333332
      ],
      "lightness": 0.7143288084464555,
      "sats": [
        1.0,
        0.9929577464788732,
        0.691588785046729
      ],
      "vals": [
        0.5568627450980392,
        0.8221771467207573,
        0.8392156862745098
      ],
      "variance": 0.09801539805876662
    }
  ]
}