{
  "group_name": "extratic\\assets\\extratic\\textures\\items\\parts\\natura\\netherquartz_battlesign_head.png",
  "segment_dicts": [
    {
      "equivalent": false,
      "hues": [
        0.5571570823998009,
        0.5577427821522308,
        0.5722444804364505
      ],
      "lightness": 0.7594100888218536,
      "sats": [
        0.9999999999999999,
        0.9896526237989653,
        0.5799086757990869
      ],
      "vals": [
        0.5767263427109975,
        0.8588235294117647,
        0.8846907993966816
      ],
      "variance": 0.2761473574981412
    }
  ]
}