{
  "group_name": "extratic\\assets\\extratic\\textures\\items\\parts\\twilightforest\\knightmetal_toughrod.png",
  "segment_dicts": [
    {
      "equivalent": false,
      "hues": [
        0.5034722222222222
      ],
      "lightness": 0.2196078431372549,
      "sats": [
        0.8571428571428571
      ],
      "vals": [
        0.2196078431372549
      ],
      "variance": 0.8544101637016994
    },
    {
      "equivalent": false,
      "hues": [
        0.5017182130584192,
        0.5021645021645021,
        0.5029261155815655
      ],
      "lightness": 0.32361466325660704,
      "sats": [
        0.8660714285714285,
        0.8651685393258427,
        0.8624605678233439
      ],
      "vals": [
        0.2589869281045752,
        0.34901960784313724,
        0.43921568627450974
      ],
      "variance": 0.5798104798987296
    }
  ]
}