{
  "group_name": "extratic\\assets\\extratic\\textures\\items\\parts\\bop\\mud_pickaxe_head.png",
  "segment_dicts": [
    {
      "equivalent": false,
      "hues": [
        0.5017182130584192,
        0.5021645021645021,
        0.5034320034320033
      ],
      "lightness": 0.24927099044746104,
      "sats": [
        0.8660714285714285,
        0.8651685393258427,
        0.8585635359116022
      ],
      "vals": [
        0.2218137254901961,
        0.34901960784313724,
        0.4392156862745098
      ],
      "variance": 0.7716735146657723
    }
  ]
}