{
  "group_name": "extratic\\assets\\extratic\\textures\\items\\parts\\bop\\mud_arrowhead.png",
  "segment_dicts": [
    {
      "equivalent": false,
      "hues": [
        0.8386666666666667,
        0.8423008849557522,
        0.8743961352657005
      ],
      "lightness": 0.6836920133907223,
      "sats": [
        0.998939179632249,
        0.9857142857142858,
        0.5681818181818182
      ],
      "vals": [
        0.5490196078431374,
        0.8530920060331825,
        0.8627450980392157
      ],
      "variance": 0.11158465762351436
    }
  ]
}