{
  "group_name": "extratic\\assets\\extratic\\textures\\items\\bolt\\generic\\sapphire_bolt_head.png",
  "segment_dicts": [
    {
      "equivalent": false,
      "hues": [
        0.8388888888888889,
        0.8389121338912133,
        0.8571004159239454
      ],
      "lightness": 0.8566448801742919,
      "sats": [
        1.0,
        0.5345211581291759
      ],
      "vals": [
        0.7333333333333333,
        0.8803921568627451,
        0.9372549019607843
      ],
      "variance": 0.06494183704942062
    }
  ]
}