{
  "group_name": "extratic\\assets\\extratic\\textures\\items\\parts\\aoa\\limonite_crossbow_limb.png",
  "segment_dicts": [
    {
      "equivalent": false,
      "hues": [
        0.8386666666666667,
        0.8459519821328867,
        0.8752620545073375
      ],
      "lightness": 0.7725490196078431,
      "sats": [
        1.0,
        0.5681818181818182
      ],
      "vals": [
        0.6235294117647059,
        0.8361344537815125,
        0.8627450980392157
      ],
      "variance": 0.12740057729336102
    }
  ]
}