{
  "group_name": "extratic\\assets\\extratic\\textures\\items\\parts\\bop\\mud_arrowhead.png",
  "segment_dicts": [
    {
      "equivalent": false,
      "hues": [
        0.07973468811741462,
        0.16782407407407404,
        0.18367346938775517
      ],
      "lightness": 0.8401721664275466,
      "sats": [
        0.8838166510757718,
        0.452423698384201,
        0.20588235294117646
      ],
      "vals": [
        0.806184012066365,
        0.8737254901960784,
        0.9333333333333333
      ],
      "variance": 0.03934809036433524
    }
  ]
}