{
  "group_name": "extratic\\assets\\extratic\\textures\\items\\parts\\natura\\netherquartz_battlesign_head.png",
  "segment_dicts": [
    {
      "equivalent": false,
      "hues": [
        0.5555555555555554,
        0.5585585585585585,
        0.5658573405459806
      ],
      "lightness": 0.8789676554382437,
      "sats": [
        0.9689176011701611,
        0.592,
        0.3137254901960786
      ],
      "vals": [
        0.6994032395566923,
        0.9803921568627451,
        0.9999999999999999
      ],
      "variance": 0.1281446469938678
    }
  ]
}