{
  "group_name": "extratic\\assets\\extratic\\textures\\items\\parts\\thermal\\signalum_large_sword_blade.png",
  "segment_dicts": [
    {
      "equivalent": false,
      "hues": [
        0.5127551020408164,
        0.512962962962963,
        0.5134194831013917
      ],
      "lightness": 0.7034690799396682,
      "sats": [
        0.9514563106796117,
        0.9473684210526316,
        0.28599857853589206
      ],
      "vals": [
        0.3725490196078429,
        0.807843137254902,
        0.9852941176470589
      ],
      "variance": 0.260561058954581
    }
  ]
}