{
  "group_name": "extratic\\assets\\extratic\\textures\\items\\parts\\metallurgy3\\precious\\brass_shuriken.png",
  "segment_dicts": [
    {
      "equivalent": false,
      "hues": [
        0.5127551020408164,
        0.5129629629629631,
        0.5134281200631912
      ],
      "lightness": 0.5854901960784313,
      "sats": [
        0.9514563106796117,
        0.9473684210526316,
        0.27984084880636617
      ],
      "vals": [
        0.37254901960784315,
        0.807843137254902,
        0.9856209150326798
      ],
      "variance": 0.2660260823320016
    }
  ]
}