{
  "group_name": "extratic\\assets\\extratic\\textures\\items\\parts\\twilightforest\\knightmetal_toughrod.png",
  "segment_dicts": [
    {
      "equivalent": false,
      "hues": [
        0.512962962962963
      ],
      "lightness": 0.37254901960784315,
      "sats": [
        0.9473684210526316
      ],
      "vals": [
        0.37254901960784315
      ],
      "variance": 0.2697614838260926
    },
    {
      "equivalent": false,
      "hues": [
        0.5122222222222222,
        0.5132743362831859,
        0.5136054421768708
      ],
      "lightness": 0.8986359761295821,
      "sats": [
        0.9433962264150946,
        0.4538152610441767,
        0.19405940594059404
      ],
      "vals": [
        0.6235294117647059,
        0.9764705882352941,
        0.9901960784313726
      ],
      "variance": 0.11183546953040743
    }
  ]
}