{
  "group_name": "extratic\\assets\\extratic\\textures\\items\\parts\\bop\\mud_crossbar.png",
  "segment_dicts": [
    {
      "equivalent": false,
      "hues": [
        0.1330480847595762,
        0.13366336633663367,
        0.1344086021505376
      ],
      "lightness": 0.716078431372549,
      "sats": [
        0.6596774193548388,
        0.43162393162393153,
        0.2627118644067797
      ],
      "vals": [
        0.6483660130718955,
        0.9176470588235294,
        0.9254901960784314
      ],
      "variance": 0.06744959806631806
    }
  ]
}