{
  "group_name": "extratic\\assets\\extratic\\textures\\items\\parts\\oodmod\\kroostyl_largeplate.png",
  "segment_dicts": [
    {
      "equivalent": false,
      "hues": [
        0.13317800559179863,
        0.1337402885682575,
        0.13396865734858107
      ],
      "lightness": 0.8470588235294118,
      "sats": [
        0.6299906059182715,
        0.5655994978028877,
        0.3416391734676159
      ],
      "vals": [
        0.6815526210484194,
        0.8924369747899159,
        0.9218087234893958
      ],
      "variance": 0.10374383704859697
    }
  ]
}