{
  "group_name": "extratic\\assets\\extratic\\textures\\items\\parts\\bop\\mud_crossbar.png",
  "segment_dicts": [
    {
      "equivalent": false,
      "hues": [
        0.5666666666666668,
        0.568627450980392,
        0.571157495256167
      ],
      "lightness": 0.5315686274509803,
      "sats": [
        0.2932665553700611,
        0.18994413407821226,
        0.15151515151515155
      ],
      "vals": [
        0.46980392156862744,
        0.7019607843137254,
        0.7764705882352941
      ],
      "variance": 0.062143528445873335
    }
  ]
}