{
  "group_name": "extratic\\assets\\extratic\\textures\\items\\parts\\ae\\certus_quartz_hammer_head.png",
  "segment_dicts": [
    {
      "equivalent": false,
      "hues": [
        0.5714285714285715
      ],
      "lightness": 0.4666666666666667,
      "sats": [
        0.29411764705882354
      ],
      "vals": [
        0.4666666666666667
      ],
      "variance": 0.10914499845968424
    },
    {
      "equivalent": false,
      "hues": [
        0.5666666666666668,
        0.5675675675675677,
        0.5697674418604651
      ],
      "lightness": 0.6264189886480908,
      "sats": [
        0.2636579572446556,
        0.21901528013582333,
        0.15151515151515155
      ],
      "vals": [
        0.550326797385621,
        0.6599439775910364,
        0.7764705882352941
      ],
      "variance": 0.08131032669434797
    }
  ]
}