{
  "group_name": "extratic\\assets\\extratic\\textures\\items\\parts\\aoa\\crystalitestone_crossbow_body.png",
  "segment_dicts": [
    {
      "equivalent": false,
      "hues": [
        0.27777777777777773,
        0.2790697674418605,
        0.2866108786610879
      ],
      "lightness": 0.7852425180598555,
      "sats": [
        0.9598393574297188,
        0.792626728110599,
        0.6794871794871795
      ],
      "vals": [
        0.7101604278074867,
        0.8509803921568627,
        0.9176470588235294
      ],
      "variance": 0.10483946583462132
    }
  ]
}