{
  "group_name": "extratic\\assets\\extratic\\textures\\items\\parts\\twilightforest\\knightmetal_toughrod.png",
  "segment_dicts": [
    {
      "equivalent": false,
      "hues": [
        0.7534246575342466
      ],
      "lightness": 0.8313725490196079,
      "sats": [
        0.3443396226415095
      ],
      "vals": [
        0.8313725490196079
      ],
      "variance": 0.06281413965988049
    },
    {
      "equivalent": false,
      "hues": [
        0.7526881720430106,
        0.7535211267605634,
        0.7540983606557377
      ],
      "lightness": 0.9475703324808185,
      "sats": [
        0.3155555555555556,
        0.2552301255230126,
        0.1848906560636183
      ],
      "vals": [
        0.8823529411764706,
        0.9372549019607843,
        0.9862745098039216
      ],
      "variance": 0.05511142509789965
    }
  ]
}