{
  "group_name": "extratic\\assets\\extratic\\textures\\items\\parts\\twilightforest\\knightmetal_rod.png",
  "segment_dicts": [
    {
      "equivalent": false,
      "hues": [
        0.7515151515151516,
        0.7540983606557377,
        0.7543859649122807
      ],
      "lightness": 0.961466325660699,
      "sats": [
        0.2552301255230126,
        0.22000000000000003,
        0.15019762845849804
      ],
      "vals": [
        0.9372549019607843,
        0.9803921568627451,
        0.9921568627450981
      ],
      "variance": 0.04282227291687229
    },
    {
      "equivalent": false,
      "hues": [
        0.7534246575342466
      ],
      "lightness": 0.8313725490196078,
      "sats": [
        0.3443396226415095
      ],
      "vals": [
        0.8313725490196079
      ],
      "variance": 0.04952313309644029
    }
  ]
}