{
  "group_name": "extratic\\assets\\extratic\\textures\\items\\parts\\natura\\netherquartz_medium_guard.png",
  "segment_dicts": [
    {
      "equivalent": false,
      "hues": [
        0.16915887850467293,
        0.18265993265993266,
        0.1834030683403068
      ],
      "lightness": 0.6349019607843138,
      "sats": [
        1.0,
        0.9879963065558633
      ],
      "vals": [
        0.5662745098039216,
        0.7764705882352941,
        0.9372549019607843
      ],
      "variance": 0.10425985532803485
    }
  ]
}