{
  "group_name": "extratic\\assets\\extratic\\textures\\items\\crossbow\\generic\\sapphire_crossbow_bow_1.png",
  "segment_dicts": [
    {
      "equivalent": false,
      "hues": [
        0.5000000000000008,
        0.5065913370998117,
        0.5087719298245613
      ],
      "lightness": 0.7339607843137255,
      "sats": [
        0.2744186046511624,
        0.09359605911330045,
        0.02489626556016612
      ],
      "vals": [
        0.36134453781512604,
        0.796078431372549,
        0.9450980392156864
      ],
      "variance": 0.145276244994358
    }
  ]
}