{
  "group_name": "extratic\\assets\\extratic\\textures\\items\\crossbow\\ae\\certus_quartz_crossbow_bow_2.png",
  "segment_dicts": [
    {
      "equivalent": false,
      "hues": [
        0.14393939393939392
      ],
      "lightness": 0.25882352941176473,
      "sats": [
        1.0
      ],
      "vals": [
        0.25882352941176473
      ],
      "variance": 0.46204611731411016
    },
    {
      "equivalent": false,
      "hues": [
        0.14609053497942387,
        0.14624183006535946,
        0.14625850340136054
      ],
      "lightness": 0.7794117647058822,
      "sats": [
        1.0,
        0.3176470588235293
      ],
      "vals": [
        0.3843137254901961,
        0.8,
        1.0
      ],
      "variance": 0.15343418235336492
    }
  ]
}