{
  "group_name": "extratic\\assets\\extratic\\textures\\items\\crossbow\\ae\\certus_quartz_crossbow_bow_3.png",
  "segment_dicts": [
    {
      "equivalent": false,
      "hues": [
        0.512962962962963
      ],
      "lightness": 0.37254901960784315,
      "sats": [
        0.9473684210526316
      ],
      "vals": [
        0.37254901960784315
      ],
      "variance": 0.2519295424567116
    },
    {
      "equivalent": false,
      "hues": [
        0.511904761904762,
        0.5122222222222222,
        0.5132743362831859
      ],
      "lightness": 0.892955700798838,
      "sats": [
        0.9433962264150944,
        0.4538152610441767,
        0.11023622047244122
      ],
      "vals": [
        0.623529411764706,
        0.9764705882352941,
        0.996078431372549
      ],
      "variance": 0.10510723428781155
    }
  ]
}