{
  "group_name": "extratic\\assets\\extratic\\textures\\items\\pickaxe\\natura\\netherquartz_pickaxe_head_broken.png",
  "segment_dicts": [
    {
      "equivalent": false,
      "hues": [
        0.0385710219185881,
        0.1313969571230982,
        0.13152130625248903
      ],
      "lightness": 0.9463630613535736,
      "sats": [
        0.9836203275934481,
        0.7294117647058824,
        0.42959001782531203
      ],
      "vals": [
        0.8488413547237077,
        1.0
      ],
      "variance": 0.32794571025754654
    }
  ]
}