{
  "group_name": "extratic\\assets\\extratic\\textures\\items\\pickaxe\\tcon\\glue_pickaxe_accessory.png",
  "segment_dicts": [
    {
      "equivalent": false,
      "hues": [
        0.10416666666666659,
        0.5865497076023392,
        0.5964912280701754
      ],
      "lightness": 0.5421568627450981,
      "sats": [
        0.37254901960784315,
        0.2909090909090909,
        0.15702479338842967
      ],
      "vals": [
        0.21568627450980393,
        0.4745098039215686,
        1.0
      ],
      "variance": 0.15143998080825752
    }
  ]
}