{
  "group_name": "extratic\\assets\\extratic\\textures\\items\\chisel\\natura\\ghostwood_chisel_head.png",
  "segment_dicts": [
    {
      "equivalent": false,
      "hues": [
        0.27777777777777785,
        0.28138528138528135,
        0.2965686274509804
      ],
      "lightness": 0.3324183006535948,
      "sats": [
        0.6,
        0.5703703703703704,
        0.419753086419753
      ],
      "vals": [
        0.196078431372549,
        0.5294117647058824,
        0.6352941176470588
      ],
      "variance": 0.6725337038491678
    }
  ]
}