{
  "group_name": "extratic\\assets\\extratic\\textures\\items\\rapier\\natura\\netherquartz_rapier_accessory.png",
  "segment_dicts": [
    {
      "equivalent": false,
      "hues": [
        0.5438461538461539,
        0.5465686274509803,
        0.5470085470085472
      ],
      "lightness": 0.4233333333333334,
      "sats": [
        0.5925250683682771,
        0.32692307692307687,
        0.16956521739130437
      ],
      "vals": [
        0.286797385620915,
        0.8156862745098039,
        0.9019607843137255
      ],
      "variance": 0.39808758639662073
    }
  ]
}