{
  "group_name": "extratic\\assets\\extratic\\textures\\items\\rapier\\metallurgy3\\precious\\brass_rapier_blade.png",
  "segment_dicts": [
    {
      "equivalent": false,
      "hues": [
        0.42517006802721086,
        0.42892156862745096,
        0.43055555555555564
      ],
      "lightness": 0.48091503267973856,
      "sats": [
        0.6202531645569623,
        0.31481481481481477,
        0.15319148936170207
      ],
      "vals": [
        0.3098039215686275,
        0.8470588235294118,
        0.9215686274509803
      ],
      "variance": 0.39414845171548013
    }
  ]
}