{
  "group_name": "extratic\\assets\\extratic\\textures\\items\\rapier\\natura\\netherquartz_rapier_accessory.png",
  "segment_dicts": [
    {
      "equivalent": false,
      "hues": [
        0.8017739273927392,
        0.8018018018018017,
        0.8025641025641027
      ],
      "lightness": 0.4758823529411764,
      "sats": [
        0.595431098010317,
        0.30952380952380953,
        0.16086956521739135
      ],
      "vals": [
        0.35477124183006536,
        0.8235294117647058,
        0.9019607843137255
      ],
      "variance": 0.32054106504148744
    }
  ]
}