{
  "group_name": "extratic\\assets\\extratic\\textures\\items\\rapier\\thermal\\lumium_rapier_blade_broken.png",
  "segment_dicts": [
    {
      "equivalent": false,
      "hues": [
        0.0
      ],
      "lightness": 0.615686274509804,
      "sats": [
        1.0,
        0.9411764705882353
      ],
      "vals": [
        0.42352941176470593,
        1.0
      ],
      "variance": 0.18140333646921522
    }
  ]
}