{
  "group_name": "extratic\\assets\\extratic\\textures\\items\\rapier\\metallurgy3\\precious\\brass_rapier_blade.png",
  "segment_dicts": [
    {
      "equivalent": false,
      "hues": [
        0.0
      ],
      "lightness": 0.5964705882352941,
      "sats": [
        1.0,
        0.9411764705882353,
        0.5098039215686274
      ],
      "vals": [
        0.42352941176470593,
        1.0
      ],
      "variance": 0.2652111226252746
    }
  ]
}