{
  "group_name": "extratic\\assets\\extratic\\textures\\items\\bolt\\generic\\sapphire_bolt_shaft.png",
  "segment_dicts": [
    {
      "equivalent": false,
      "hues": [
        0.0
      ],
      "lightness": 0.6381461675579323,
      "sats": [
        0.9942857142857143,
        0.9782608695652173,
        0.49385145105755046
      ],
      "vals": [
        0.18039215686274512,
        0.6862745098039216,
        0.9965686274509804
      ],
      "variance": 0.16237039153609947
    }
  ]
}