{
  "group_name": "extratic\\assets\\extratic\\textures\\items\\bolt\\generic\\sapphire_bolt_shaft.png",
  "segment_dicts": [
    {
      "equivalent": false,
      "hues": [
        0.04006410256410244,
        0.14102564102564102,
        0.14141414141414144
      ],
      "lightness": 0.746524064171123,
      "sats": [
        0.6666666666666669,
        0.32155477031802115,
        0.0686922060766182
      ],
      "vals": [
        0.38823529411764707,
        0.8631808278867102,
        0.9895424836601308
      ],
      "variance": 0.1309559159059985
    }
  ]
}