{
  "group_name": "extratic\\assets\\extratic\\textures\\items\\bolt\\generic\\sapphire_bolt_head.png",
  "segment_dicts": [
    {
      "equivalent": false,
      "hues": [
        0.512962962962963,
        0.5138339920948617,
        0.5142857142857142
      ],
      "lightness": 0.9176470588235293,
      "sats": [
        0.9473684210526314,
        0.336884154460719,
        0.06876227897838898
      ],
      "vals": [
        0.37254901960784315,
        0.9816993464052287,
        0.9980392156862745
      ],
      "variance": 0.04052304576420884
    }
  ]
}