{
  "group_name": "extratic\\assets\\extratic\\textures\\items\\bolt\\generic\\sapphire_bolt_head.png",
  "segment_dicts": [
    {
      "equivalent": false,
      "hues": [
        0.07848837209302327,
        0.07870370370370368,
        0.07926065162907268
      ],
      "lightness": 0.8108932461873637,
      "sats": [
        0.8780487804878048,
        0.8248062015503875,
        0.3517382413087934
      ],
      "vals": [
        0.3215686274509804,
        0.8431372549019608,
        0.9588235294117646
      ],
      "variance": 0.053143497509479505
    }
  ]
}