{
  "group_name": "extratic\\assets\\extratic\\textures\\items\\bolt\\generic\\sapphire_bolt_head.png",
  "segment_dicts": [
    {
      "equivalent": false,
      "hues": [
        0.3172413793103448,
        0.3181818181818181,
        0.3198924731182795
      ],
      "lightness": 0.5734204793028322,
      "sats": [
        0.3606557377049181,
        0.3348729792147806,
        0.15938303341902316
      ],
      "vals": [
        0.23921568627450984,
        0.5660130718954248,
        0.7627450980392156
      ],
      "variance": 0.14405181503449874
    }
  ]
}