{
  "group_name": "extratic\\assets\\extratic\\textures\\items\\longsword\\natura\\darkwood_longsword_blade.png",
  "segment_dicts": [
    {
      "equivalent": false,
      "hues": [
        0.07870370370370366,
        0.07894736842105265,
        0.07927927927927929
      ],
      "lightness": 0.5859225741578682,
      "sats": [
        0.8780487804878048,
        0.8008658008658008,
        0.3909465020576132
      ],
      "vals": [
        0.3215686274509804,
        0.9058823529411765,
        0.9529411764705882
      ],
      "variance": 0.32362594621695034
    }
  ]
}