{
  "group_name": "extratic\\assets\\extratic\\textures\\items\\shovel\\natura\\darkwood_shovel_head.png",
  "segment_dicts": [
    {
      "equivalent": false,
      "hues": [
        0.04212555066079295,
        0.0913425718968857,
        0.13141993957703926
      ],
      "lightness": 0.9792156862745098,
      "sats": [
        0.9654439128123339,
        0.6748114630467572,
        0.4326797385620915
      ],
      "vals": [
        0.9220588235294117,
        1.0
      ],
      "variance": 0.32238137087895186
    }
  ]
}