{
  "group_name": "extratic\\assets\\extratic\\textures\\items\\cutlass\\metallurgy3\\nether\\ceruclase_cutlass_blade.png",
  "segment_dicts": [
    {
      "equivalent": false,
      "hues": [
        0.6666666666666666
      ],
      "lightness": 0.2518207282913165,
      "sats": [
        1.0,
        0.9741379310344828
      ],
      "vals": [
        0.12156862745098038,
        0.2980392156862745,
        0.4549019607843138
      ],
      "variance": 1.2560467608376509
    }
  ]
}