{
  "group_name": "extratic\\assets\\extratic\\textures\\items\\cutlass\\metallurgy3\\nether\\amordrine_cutlass_blade_broken.png",
  "segment_dicts": [
    {
      "equivalent": false,
      "hues": [
        0.6666666666666666
      ],
      "lightness": 0.2290346907993967,
      "sats": [
        1.0,
        0.9741379310344828
      ],
      "vals": [
        0.12156862745098036,
        0.2980392156862745,
        0.4549019607843137
      ],
      "variance": 1.3818571153715153
    }
  ]
}