{
  "group_name": "witchery\\assets\\witchery\\textures\\items\\ingredient.bookBiomes.png",
  "segment_dicts": [
    {
      "equivalent": false,
      "hues": [
        0.043524416135881074,
        0.2927170868347339,
        0.5837398373983741
      ],
      "lightness": 0.4166666666666667,
      "sats": [
        0.8102766798418971,
        0.38669950738916253,
        0.3863636363636364
      ],
      "vals": [
        0.330718954248366,
        0.39803921568627454,
        0.4831372549019608
      ],
      "variance": 0.587157329158624
    },
    {
      "equivalent": false,
      "hues": [
        0.0
      ],
      "lightness": 0.6596638655462185,
      "sats": [
        0.0
      ],
      "vals": [
        0.32941176470588235,
        0.5882352941176471,
        0.7363321799307959
      ],
      "variance": 0.3708690136405321
    },
    {
      "equivalent": false,
      "hues": [
        0.0837937384898713,
        0.26801801801801806,
        0.5837500000000001
      ],
      "lightness": 0.301203990368077,
      "sats": [
        0.9666221628838477,
        0.800369401262121,
        0.3507109004739338
      ],
      "vals": [
        0.08159041394335512,
        0.380275095112672,
        0.526559714795009
      ],
      "variance": 0.8122365405931743
    }
  ]
}