{
  "group_name": "binniecore\\assets\\extrabees\\textures\\items\\misc\\dyeBlue.png",
  "segment_dicts": [
    {
      "equivalent": false,
      "hues": [
        0.0632183908045977,
        0.06412658754944824,
        0.06608478802992519
      ],
      "lightness": 0.36654563059791817,
      "sats": [
        0.9508196721311475,
        0.7154326494201606,
        0.610602593440122
      ],
      "vals": [
        0.23921568627450973,
        0.39964349376114083,
        0.467379679144385
      ],
      "variance": 0.48632331438629317
    }
  ]
}