{
  "group_name": "biomesoplenty\\assets\\biomesoplenty\\textures\\items\\bucket_poison.png",
  "segment_dicts": [
    {
      "equivalent": false,
      "hues": [
        0.0
      ],
      "lightness": 0.4244426537738383,
      "sats": [
        0.0
      ],
      "vals": [
        0.23254901960784308,
        0.5794117647058823,
        0.8640522875816993
      ],
      "variance": 0.8318932272678988
    },
    {
      "equivalent": false,
      "hues": [
        0.0
      ],
      "lightness": 0.7000933706816059,
      "sats": [
        0.0
      ],
      "vals": [
        0.29934640522875816,
        0.5882352941176471,
        0.8798319327731092
      ],
      "variance": 0.5043483966921481
    },
    {
      "equivalent": false,
      "hues": [
        0.008503401360544208,
        0.009606147934678214,
        0.02128313147270494
      ],
      "lightness": 0.84878892733564,
      "sats": [
        0.7003503595795686,
        0.5289634146341463,
        0.47115384615384615
      ],
      "vals": [
        0.7350140056022408,
        0.8156862745098039,
        0.8861111111111111
      ],
      "variance": 0.41599384448431376
    }
  ]
}