{
  "group_name": "forestry\\assets\\forestry\\textures\\items\\ash.png",
  "segment_dicts": [
    {
      "equivalent": false,
      "hues": [
        0.24035087719298245,
        0.2414965986394558
      ],
      "lightness": 0.5962489343563513,
      "sats": [
        0.632258064516129,
        0.6291390728476821
      ],
      "vals": [
        0.592156862745098,
        0.6078431372549019
      ],
      "variance": 0.3911902932850548
    },
    {
      "equivalent": false,
      "hues": [
        0.24050632911392408,
        0.24066924066924064,
        0.2407407407407407
      ],
      "lightness": 0.3517715858273134,
      "sats": [
        0.6792452830188682,
        0.6370967741935484,
        0.6363636363636364
      ],
      "vals": [
        0.20784313725490203,
        0.48627450980392156,
        0.5320261437908497
      ],
      "variance": 0.66306320606652
    },
    {
      "equivalent": false,
      "hues": [
        0.24050632911392408,
        0.24344569288389514
      ],
      "lightness": 0.5329411764705883,
      "sats": [
        0.6370967741935484,
        0.6312056737588653
      ],
      "vals": [
        0.48627450980392156,
        0.5529411764705883
      ],
      "variance": 0.43765955005849466
    },
    {
      "equivalent": false,
      "hues": [
        0.24035087719298245,
        0.24074074074074078,
        0.2414965986394558
      ],
      "lightness": 0.5,
      "sats": [
        0.6792452830188681,
        0.632258064516129,
        0.6291390728476821
      ],
      "vals": [
        0.207843137254902,
        0.592156862745098,
        0.6078431372549019
      ],
      "variance": 0.4664935910035249
    }
  ]
}