{
  "group_name": "biomesoplenty\\assets\\biomesoplenty\\textures\\items\\diamondscythe.png",
  "segment_dicts": [
    {
      "equivalent": false,
      "hues": [
        0.0
      ],
      "lightness": 0.5021727609962905,
      "sats": [
        0.0
      ],
      "vals": [
        0.2666666666666666,
        0.8094771241830065,
        1.0
      ],
      "variance": 0.45018485173785233
    },
    {
      "equivalent": false,
      "hues": [
        0.10576923076923078,
        0.10852713178294575,
        0.10919540229885055
      ],
      "lightness": 0.3131652661064426,
      "sats": [
        0.7250000000000001,
        0.7136929460580912,
        0.7123287671232877
      ],
      "vals": [
        0.15686274509803924,
        0.28627450980392155,
        0.4725490196078431
      ],
      "variance": 0.7218890292867386
    }
  ]
}