{
  "group_name": "minecraft\\assets\\minecraft\\textures\\items\\ruby.png",
  "segment_dicts": [
    {
      "equivalent": false,
      "hues": [
        0.9565104166666667,
        0.9595010379596679,
        0.9628258186306543
      ],
      "lightness": 0.5620307037543699,
      "sats": [
        0.9039180941130142,
        0.8540222243327952,
        0.22222222222222215
      ],
      "vals": [
        0.32125237191650874,
        0.7507308377896614,
        0.9411764705882353
      ],
      "variance": 0.5824778039819848
    }
  ]
}