{
  "group_name": "extratic\\assets\\extratic\\textures\\items\\hammer\\metallurgy3\\nether\\kalendrite_hammer_handle_broken.png",
  "segment_dicts": [
    {
      "equivalent": false,
      "hues": [
        0.7525370804059328,
        0.7535211267605634,
        0.7540983606557377
      ],
      "lightness": 0.9352941176470588,
      "sats": [
        0.3155555555555556,
        0.2552301255230126,
        0.18877099911582668
      ],
      "vals": [
        0.8823529411764706,
        0.9372549019607843,
        0.9856209150326797
      ],
      "variance": 0.04241198774251304
    }
  ]
}