{
  "group_name": "extratic\\assets\\extratic\\textures\\items\\longbow\\metallurgy3\\nether\\ceruclase_bow_bottom_2.png",
  "segment_dicts": [
    {
      "equivalent": false,
      "hues": [
        0.3333333333333333,
        0.7393162393162392,
        0.7435897435897436
      ],
      "lightness": 0.18241619228336498,
      "sats": [
        1.0,
        0.7500000000000001,
        0.6902654867256638
      ],
      "vals": [
        6.938893903907228e-18,
        0.20392156862745098,
        0.29542483660130725
      ],
      "variance": 0.7343956734683229
    }
  ]
}