{
  "group_name": "minecraft\\assets\\minecraft\\textures\\items\\gold_sword.png",
  "segment_dicts": [
    {
      "equivalent": false,
      "hues": [
        0.543562295569432,
        0.5512634798004185,
        0.5516064257028112
      ],
      "lightness": 0.5815126050420167,
      "sats": [
        0.8550724637681161,
        0.5411549516592631,
        0.1914648212226067
      ],
      "vals": [
        0.3024221453287198,
        0.9379901960784314,
        0.9999999999999999
      ],
      "variance": 0.4867988014437984
    }
  ]
}