{
  "group_name": "thermalfoundation\\assets\\thermalfoundation\\textures\\items\\tool\\bronze\\BronzeBow.png",
  "segment_dicts": [
    {
      "equivalent": false,
      "hues": [
        0.5490128951272396,
        0.5493975903614458,
        0.5504420176807073
      ],
      "lightness": 0.4835595776772247,
      "sats": [
        0.9685013262599471,
        0.5754039497307002,
        0.5455740578439965
      ],
      "vals": [
        0.32854030501089326,
        0.7281045751633987,
        0.8949019607843137
      ],
      "variance": 0.6173616905829605
    },
    {
      "equivalent": false,
      "hues": [
        0.0
      ],
      "lightness": 0.155119825708061,
      "sats": [
        0.0
      ],
      "vals": [
        0.09411764705882353,
        0.17647058823529413,
        0.23137254901960785
      ],
      "variance": 1.9245196866984382
    }
  ]
}