{
  "group_name": "computercraft\\assets\\computercraft\\textures\\blocks\\monitor19.png",
  "segment_dicts": [
    {
      "equivalent": false,
      "hues": [
        0.15243234788049434,
        0.15262710061689005,
        0.40151515151515155
      ],
      "lightness": 0.517825311942959,
      "sats": [
        0.5802629142751342,
        0.5346211741093829,
        3.20761479774706e-15
      ],
      "vals": [
        0.1903665814151751,
        0.8472156862745097,
        0.9194925028835064
      ],
      "variance": 0.6144824241606959
    }
  ]
}