{
  "group_name": "computercraft\\assets\\computercraft\\textures\\blocks\\monitor31.png",
  "segment_dicts": [
    {
      "equivalent": false,
      "hues": [
        0.8333333333333334,
        0.15899543378995437,
        0.4583333333333333
      ],
      "lightness": 0.5018954248366013,
      "sats": [
        0.5910931174089069,
        5.361872562110131e-16,
        3.475642392939245e-16
      ],
      "vals": [
        0.15971479500891267,
        0.2070588235294118,
        0.8350236646382692
      ],
      "variance": 0.5257605414697647
    }
  ]
}