{
  "group_name": "extratic\\assets\\extratic\\textures\\items\\rapier\\metallurgy3\\nether\\kalendrite_rapier_handle.png",
  "segment_dicts": [
    {
      "equivalent": false,
      "hues": [
        0.0
      ],
      "lightness": 0.3797729618163054,
      "sats": [
        0.0
      ],
      "vals": [
        0.23529411764705885,
        0.39607843137254906,
        0.6
      ],
      "variance": 0.4388309172402425
    }
  ]
}