{
  "group_name": "extratic\\assets\\extratic\\textures\\items\\rapier\\metallurgy3\\precious\\brass_rapier_blade.png",
  "segment_dicts": [
    {
      "equivalent": false,
      "hues": [
        0.0
      ],
      "lightness": 0.22405228758169937,
      "sats": [
        0.0
      ],
      "vals": [
        0.10588235294117652,
        0.4196078431372549,
        0.6
      ],
      "variance": 1.150013230690587
    }
  ]
}