{
  "group_name": "extratic\\assets\\extratic\\textures\\items\\rapier\\natura\\netherquartz_rapier_accessory.png",
  "segment_dicts": [
    {
      "equivalent": false,
      "hues": [
        0.3826530612244898,
        0.38395638629283485,
        0.4437769562538509
      ],
      "lightness": 0.5766666666666667,
      "sats": [
        0.9727272727272727,
        0.9499561018437226,
        0.8672566371681416
      ],
      "vals": [
        0.44313725490196076,
        0.8627450980392157,
        0.8933333333333333
      ],
      "variance": 0.22056361318918916
    }
  ]
}