{
  "group_name": "extratic\\assets\\extratic\\textures\\items\\hammer\\oodmod\\kroostyl_hammer_front.png",
  "segment_dicts": [
    {
      "equivalent": false,
      "hues": [
        0.09956709956709957,
        0.10074074074074076,
        0.10204081632653061
      ],
      "lightness": 0.4854901960784314,
      "sats": [
        0.7903225806451614,
        0.7839721254355402,
        0.326271186440678
      ],
      "vals": [
        0.24313725490196075,
        0.6431372549019607,
        0.9254901960784314
      ],
      "variance": 0.3236534819229525
    }
  ]
}