{
  "group_name": "extratic\\assets\\extratic\\textures\\items\\hammer\\oodmod\\kroostyl_hammer_back.png",
  "segment_dicts": [
    {
      "equivalent": false,
      "hues": [
        0.12013201320132016,
        0.12096774193548387,
        0.1269841269841271
      ],
      "lightness": 0.6262745098039216,
      "sats": [
        0.6200000000000001,
        0.3433038749150238,
        0.08713692946058084
      ],
      "vals": [
        0.39215686274509803,
        0.8240896358543417,
        0.9450980392156862
      ],
      "variance": 0.19211421680146712
    }
  ]
}