{
  "group_name": "buildcraft\\assets\\buildcraft\\textures\\items\\list.png",
  "segment_dicts": [
    {
      "equivalent": false,
      "hues": [
        0.0,
        0.1272401433691756,
        0.12724014336917563
      ],
      "lightness": 0.8705882352941177,
      "sats": [
        0.7294117647058824,
        0.7294117647058822,
        0.0
      ],
      "vals": [
        0.0,
        0.9999999999999998,
        1.0
      ],
      "variance": 0.5140904160967615
    },
    {
      "equivalent": false,
      "hues": [
        0.0
      ],
      "lightness": 0.3176470588235294,
      "sats": [
        0.0
      ],
      "vals": [
        0.3176470588235294
      ],
      "variance": 1.4089885478207538
    }
  ]
}