{
  "group_name": "extratic\\assets\\extratic\\textures\\items\\mattock\\metallurgy3\\precious\\brass_mattock_head.png",
  "segment_dicts": [
    {
      "equivalent": false,
      "hues": [
        0.09225163022631377,
        0.09523809523809519,
        0.09629629629629628
      ],
      "lightness": 0.3579656862745098,
      "sats": [
        0.5939849624060151,
        0.5697674418604651,
        0.5625
      ],
      "vals": [
        0.3137254901960784,
        0.33725490196078434,
        0.40980392156862744
      ],
      "variance": 0.4037637108977063
    }
  ]
}