{
  "group_name": "extratic\\assets\\extratic\\textures\\items\\parts\\bop\\mud_binding.png",
  "segment_dicts": [
    {
      "equivalent": false,
      "hues": [
        0.5017182130584192,
        0.5021645021645021,
        0.5034396497811132
      ],
      "lightness": 0.24823529411764705,
      "sats": [
        0.8660714285714285,
        0.8651685393258427,
        0.8582930756843801
      ],
      "vals": [
        0.2213903743315508,
        0.34901960784313724,
        0.4392156862745098
      ],
      "variance": 0.7843900668276073
    }
  ]
}