{
  "group_name": "extratic\\assets\\extratic\\textures\\items\\parts\\natura\\netherquartz_medium_guard.png",
  "segment_dicts": [
    {
      "equivalent": false,
      "hues": [
        0.07817431415392086,
        0.15625,
        0.17340067340067336
      ],
      "lightness": 0.8213725490196079,
      "sats": [
        0.8930081300813008,
        0.5090909090909091,
        0.4361233480176211
      ],
      "vals": [
        0.803921568627451,
        0.8627450980392157,
        0.8901960784313725
      ],
      "variance": 0.031961520291166466
    }
  ]
}