{
  "group_name": "extratic\\assets\\extratic\\textures\\items\\battlesign\\natura\\netherquartz_battlesign_handle.png",
  "segment_dicts": [
    {
      "equivalent": false,
      "hues": [
        0.0
      ],
      "lightness": 0.7299346405228757,
      "sats": [
        0.0
      ],
      "vals": [
        0.5607843137254902,
        0.7911764705882354,
        0.9647058823529411
      ],
      "variance": 0.2416842242959403
    }
  ]
}