{
  "group_name": "extratic\\assets\\extratic\\textures\\items\\battlesign\\natura\\netherquartz_battlesign_handle.png",
  "segment_dicts": [
    {
      "equivalent": false,
      "hues": [
        0.717577706323687,
        0.7296650717703349,
        0.7341954022988505
      ],
      "lightness": 0.41856209150326795,
      "sats": [
        0.5471698113207547,
        0.4837962962962963,
        0.41744966442953024
      ],
      "vals": [
        0.29215686274509806,
        0.5647058823529412,
        0.8313725490196079
      ],
      "variance": 0.2623716529152442
    }
  ]
}