{
  "group_name": "extratic\\assets\\extratic\\textures\\items\\battlesign\\metallurgy3\\precious\\brass_battlesign_head.png",
  "segment_dicts": [
    {
      "equivalent": false,
      "hues": [
        0.31018518518518506,
        0.31052859887215717,
        0.3121212121212121
      ],
      "lightness": 0.5695659460365343,
      "sats": [
        0.4337349397590362,
        0.4296875,
        0.42421135646687685
      ],
      "vals": [
        0.32549019607843144,
        0.5019607843137255,
        0.7003590168461751
      ],
      "variance": 0.5396619976344507
    }
  ]
}