{
  "group_name": "extratic\\assets\\extratic\\textures\\items\\battlesign\\natura\\netherquartz_battlesign_handle.png",
  "segment_dicts": [
    {
      "equivalent": false,
      "hues": [
        0.30921619293712316,
        0.3101851851851853,
        0.3121212121212121
      ],
      "lightness": 0.490718954248366,
      "sats": [
        0.43373493975903615,
        0.4296875,
        0.42434210526315796
      ],
      "vals": [
        0.3254901960784314,
        0.5019607843137255,
        0.7152941176470589
      ],
      "variance": 0.25031470953757873
    }
  ]
}