{
  "group_name": "extratic\\assets\\extratic\\textures\\items\\battlesign\\natura\\netherquartz_battlesign_handle.png",
  "segment_dicts": [
    {
      "equivalent": false,
      "hues": [
        0.0
      ],
      "lightness": 0.3207843137254902,
      "sats": [
        0.0
      ],
      "vals": [
        0.09019607843137256,
        0.4366013071895425,
        0.7803921568627451
      ],
      "variance": 0.29937845897443927
    }
  ]
}