{
  "group_name": "extratic\\assets\\extratic\\textures\\items\\chisel\\metallurgy3\\fantasy\\astral_silver_chisel_head_broken.png",
  "segment_dicts": [
    {
      "equivalent": false,
      "hues": [
        0.682033096926714,
        0.6862318840579711
      ],
      "lightness": 0.6583621683967705,
      "sats": [
        1.0,
        0.9929577464788732
      ],
      "vals": [
        0.5568627450980392,
        0.9019607843137255
      ],
      "variance": 0.06371773679155579
    }
  ]
}