{
  "group_name": "extratic\\assets\\extratic\\textures\\items\\cutlass\\metallurgy3\\precious\\platinum_cutlass_guard.png",
  "segment_dicts": [
    {
      "equivalent": false,
      "hues": [
        0.39194139194139194
      ],
      "lightness": 0.41568627450980394,
      "sats": [
        0.8584905660377359
      ],
      "vals": [
        0.41568627450980394
      ],
      "variance": 0.16308301363396957
    },
    {
      "equivalent": false,
      "hues": [
        0.39194139194139194
      ],
      "lightness": 0.41568627450980394,
      "sats": [
        0.8584905660377359
      ],
      "vals": [
        0.41568627450980394
      ],
      "variance": 0.16308301363396957
    },
    {
      "equivalent": false,
      "hues": [
        0.39194139194139194
      ],
      "lightness": 0.41568627450980394,
      "sats": [
        0.8584905660377359
      ],
      "vals": [
        0.41568627450980394
      ],
      "variance": 0.16308301363396957
    }
  ]
}