{
  "group_name": "extratic\\assets\\extratic\\textures\\items\\throwingknife\\aoa\\jade_knife_blade.png",
  "segment_dicts": [
    {
      "equivalent": false,
      "hues": [
        0.0
      ],
      "lightness": 0.6129124820659972,
      "sats": [
        0.0
      ],
      "vals": [
        0.4,
        0.6784313725490196,
        0.8759803921568627
      ],
      "variance": 0.199941775476381
    }
  ]
}