{
  "group_name": "forestry\\assets\\forestry\\textures\\blocks\\germlings\\sapling.treeSequioa.png",
  "segment_dicts": [
    {
      "equivalent": true,
      "hues": [
        0.3333333333333333
      ],
      "lightness": 0.28926237161531276,
      "sats": [
        0.3698630136986301,
        0.3666666666666667,
        0.358490566037736
      ],
      "vals": [
        0.207843137254902,
        0.28627450980392155,
        0.35294117647058826
      ],
      "variance": 0.5991688534999233
    },
    {
      "equivalent": true,
      "hues": [
        0.04819098457888493,
        0.05748840291583829,
        0.06396063960639607
      ],
      "lightness": 0.5385098039215687,
      "sats": [
        0.8390092879256966,
        0.7020612117426609,
        0.6666666666666666
      ],
      "vals": [
        0.4222222222222222,
        0.523202614379085,
        0.591764705882353
      ],
      "variance": 0.32184558628139387
    }
  ]
}