{
  "group_name": "forestry\\assets\\forestry\\textures\\blocks\\germlings\\sapling.treeEbony.png",
  "segment_dicts": [
    {
      "equivalent": false,
      "hues": [
        0.06357388316151229,
        0.18717277486911002,
        0.2296650717703348
      ],
      "lightness": 0.5431828545371636,
      "sats": [
        0.2410611303344868,
        0.1461641476946623,
        0.12430585219991445
      ],
      "vals": [
        0.35789473684210527,
        0.49995217599234815,
        0.7061840120663649
      ],
      "variance": 0.49275323874042226
    }
  ]
}