{
  "group_name": "forestry\\assets\\forestry\\textures\\blocks\\germlings\\sapling.treePlum.png",
  "segment_dicts": [
    {
      "equivalent": false,
      "hues": [
        0.08375209380234504,
        0.08400267737617133,
        0.09006211180124225
      ],
      "lightness": 0.32188659247482776,
      "sats": [
        0.39120188531029065,
        0.3324979114452799,
        0.28395061728395066
      ],
      "vals": [
        0.2936562860438293,
        0.33529411764705885,
        0.37058823529411766
      ],
      "variance": 0.7408702488424901
    },
    {
      "equivalent": false,
      "hues": [
        0.3250825082508251,
        0.32629107981220656,
        0.3268608414239482
      ],
      "lightness": 0.5660130718954248,
      "sats": [
        0.7163120567375887,
        0.7100000000000001,
        0.6358024691358025
      ],
      "vals": [
        0.39215686274509803,
        0.5529411764705883,
        0.6352941176470588
      ],
      "variance": 0.4213263115413474
    }
  ]
}