{
  "group_name": "minecraft\\assets\\minecraft\\textures\\blocks\\sapling_spruce.png",
  "segment_dicts": [
    {
      "equivalent": false,
      "hues": [
        0.08689458689458689,
        0.33333333333333326,
        0.3333333333333333
      ],
      "lightness": 0.303796412181894,
      "sats": [
        0.9915254237288136,
        0.3673253352152436,
        0.35849056603773605
      ],
      "vals": [
        0.20784313725490197,
        0.3367795603089721,
        0.4627450980392157
      ],
      "variance": 0.4940828116603926
    },
    {
      "equivalent": false,
      "hues": [
        0.08005249343832017,
        0.08649237472766884,
        0.08821614583333333
      ],
      "lightness": 0.25755478662053055,
      "sats": [
        0.9922480620155039,
        0.7949921752738655,
        0.7096474953617811
      ],
      "vals": [
        0.1392156862745098,
        0.32518853695324285,
        0.6745098039215687
      ],
      "variance": 0.5827908984829744
    },
    {
      "equivalent": false,
      "hues": [
        0.08641975308641976
      ],
      "lightness": 0.3137254901960784,
      "sats": [
        0.675
      ],
      "vals": [
        0.3137254901960784
      ],
      "variance": 0.4784456162913535
    }
  ]
}