{
  "group_name": "forestry\\assets\\forestry\\textures\\blocks\\germlings\\sapling.treeBalsa.png",
  "segment_dicts": [
    {
      "equivalent": true,
      "hues": [
        0.23076923076923053,
        0.2451550387596899,
        0.2481764206955047
      ],
      "lightness": 0.46343500363108203,
      "sats": [
        0.6086417841102677,
        0.25748502994011974,
        0.0941649899396378
      ],
      "vals": [
        0.2619607843137255,
        0.4869532428355958,
        0.5413943355119826
      ],
      "variance": 0.5172134382389604
    }
  ]
}