{
  "group_name": "minecraft\\assets\\minecraft\\textures\\blocks\\sapling_oak.png",
  "segment_dicts": [
    {
      "equivalent": false,
      "hues": [
        0.06083650190114067,
        0.24441878367975364,
        0.24895178197064985
      ],
      "lightness": 0.37730392156862746,
      "sats": [
        0.616677440206852,
        0.5385572139303482,
        0.08819584171696851
      ],
      "vals": [
        0.23355119825708065,
        0.4032454361054767,
        0.5055555555555555
      ],
      "variance": 0.5390897033491523
    },
    {
      "equivalent": false,
      "hues": [
        0.06296296296296287,
        0.2333333333333334,
        0.2489177489177489
      ],
      "lightness": 0.3875350140056022,
      "sats": [
        0.6165480427046263,
        0.37719298245614036,
        0.08498583569405097
      ],
      "vals": [
        0.24836601307189543,
        0.4152941176470588,
        0.48976034858387807
      ],
      "variance": 0.5248575013868627
    }
  ]
}