{
  "group_name": "forestry\\assets\\forestry\\textures\\blocks\\germlings\\sapling.treeSequioa.png",
  "segment_dicts": [
    {
      "equivalent": false,
      "hues": [
        0.25,
        0.25000000000000006
      ],
      "lightness": 0.319140989729225,
      "sats": [
        0.39506172839506165,
        0.3934426229508197,
        0.39175257731958757
      ],
      "vals": [
        0.23921568627450984,
        0.3176470588235294,
        0.3803921568627451
      ],
      "variance": 0.6311546510160266
    },
    {
      "equivalent": false,
      "hues": [
        0.09398715703444248,
        0.0948048523206751,
        0.09576023391812866
      ],
      "lightness": 0.6365490196078432,
      "sats": [
        0.8351648351648351,
        0.6677231907025886,
        0.6035940803382663
      ],
      "vals": [
        0.5352941176470588,
        0.6186274509803922,
        0.6745098039215687
      ],
      "variance": 0.3164364625391318
    }
  ]
}