{
  "group_name": "extratic\\assets\\extratic\\textures\\items\\dagger\\metallurgy3\\precious\\brass_dagger_handle.png",
  "segment_dicts": [
    {
      "equivalent": false,
      "hues": [
        0.0
      ],
      "lightness": 0.16442577030812325,
      "sats": [
        0.0
      ],
      "vals": [
        0.027450980392156876,
        0.1568627450980392,
        0.3774509803921569
      ],
      "variance": 1.0833237119467063
    }
  ]
}