{
  "group_name": "extratic\\assets\\extratic\\textures\\items\\dagger\\metallurgy3\\fantasy\\astral_silver_dagger_blade_broken.png",
  "segment_dicts": [
    {
      "equivalent": false,
      "hues": [
        0.717948717948718,
        0.7297297297297297,
        0.7341954022988505
      ],
      "lightness": 0.42598039215686273,
      "sats": [
        0.5471698113207547,
        0.4805194805194805,
        0.4062500000000002
      ],
      "vals": [
        0.2509803921568628,
        0.6039215686274509,
        0.8313725490196078
      ],
      "variance": 0.5428010395443887
    }
  ]
}