{
  "group_name": "extratic\\assets\\extratic\\textures\\items\\dagger\\metallurgy3\\precious\\brass_dagger_handle.png",
  "segment_dicts": [
    {
      "equivalent": false,
      "hues": [
        0.7170542635658914,
        0.717948717948718,
        0.7334123222748815
      ],
      "lightness": 0.43977591036414565,
      "sats": [
        0.5341772151898735,
        0.43434343434343436,
        0.40625
      ],
      "vals": [
        0.25098039215686274,
        0.38823529411764707,
        0.7745098039215687
      ],
      "variance": 0.4291816024308591
    }
  ]
}