{
  "group_name": "extratic\\assets\\extratic\\textures\\items\\dagger\\metallurgy3\\precious\\brass_dagger_handle.png",
  "segment_dicts": [
    {
      "equivalent": false,
      "hues": [
        0.7032520325203252,
        0.7043010752688171,
        0.7105263157894736
      ],
      "lightness": 0.24257703081232493,
      "sats": [
        0.4696969696969697,
        0.4634146341463416,
        0.46067415730337075
      ],
      "vals": [
        0.16078431372549024,
        0.25882352941176473,
        0.34901960784313724
      ],
      "variance": 0.23966649942777032
    }
  ]
}