{
  "group_name": "minecraft\\assets\\thaumcraft\\textures\\misc\\r_mask0.png",
  "segment_dicts": [
    {
      "equivalent": true,
      "hues": [
        0.0
      ],
      "lightness": 0.27557932263814616,
      "sats": [
        0.0
      ],
      "vals": [
        0.11215686274509803,
        0.37058823529411766,
        0.49411764705882355
      ],
      "variance": 0.3887436883259894
    },
    {
      "equivalent": true,
      "hues": [
        0.0
      ],
      "lightness": 0.1592760180995475,
      "sats": [
        0.0
      ],
      "vals": [
        0.13502745098039215,
        0.28403361344537814,
        0.4803921568627451
      ],
      "variance": 0.6726042224497016
    }
  ]
}