{
  "group_name": "thermalfoundation\\assets\\thermalfoundation\\textures\\items\\tool\\electrum\\ElectrumBow_0.png",
  "segment_dicts": [
    {
      "equivalent": false,
      "hues": [
        0.0
      ],
      "lightness": 0.4405228758169934,
      "sats": [
        0.0
      ],
      "vals": [
        0.3607843137254902,
        0.4392156862745098,
        0.5215686274509804
      ],
      "variance": 0.30280204885293205
    },
    {
      "equivalent": false,
      "hues": [
        0.0,
        0.11009174311926606,
        0.11111111111111098
      ],
      "lightness": 0.19500891265597148,
      "sats": [
        1.0,
        0.12667946257197715,
        0.0
      ],
      "vals": [
        0.13620915032679742,
        0.2411764705882353,
        0.42745098039215684
      ],
      "variance": 0.6840263224240213
    },
    {
      "equivalent": false,
      "hues": [
        0.10700280112044817,
        0.11009174311926606,
        0.11111111111111106
      ],
      "lightness": 0.24799253034547153,
      "sats": [
        1.0,
        0.9695817490494295
      ],
      "vals": [
        0.12941176470588234,
        0.257843137254902,
        0.42745098039215684
      ],
      "variance": 0.537884061177761
    }
  ]
}