{
  "group_name": "extratic\\assets\\extratic\\textures\\items\\shovel\\natura\\darkwood_shovel_head.png",
  "segment_dicts": [
    {
      "equivalent": false,
      "hues": [
        0.27937649880095927,
        0.29025999223903765,
        0.2962962962962963
      ],
      "lightness": 0.6470588235294118,
      "sats": [
        1.0,
        0.9555061179087876,
        0.560483870967742
      ],
      "vals": [
        0.5294117647058825,
        0.7050980392156863,
        0.9725490196078431
      ],
      "variance": 0.19330040830444656
    }
  ]
}