{
  "group_name": "tinker\\assets\\tinker\\textures\\items\\fishingrod\\slime_fishingrod_bobber.png",
  "segment_dicts": [
    {
      "equivalent": false,
      "hues": [
        0.0625,
        0.06770833333333333
      ],
      "lightness": 0.35798319327731093,
      "sats": [
        1.0,
        0.9411764705882353
      ],
      "vals": [
        0.25098039215686274,
        1.0
      ],
      "variance": 0.20086380323512903
    }
  ]
}