{
  "group_name": "extratic\\assets\\extratic\\textures\\items\\broadsword\\metallurgy3\\nether\\inolashite_sword_blade.png",
  "segment_dicts": [
    {
      "equivalent": false,
      "hues": [
        0.8333333333333334,
        0.8666666666666667,
        0.8703703703703703
      ],
      "lightness": 0.9101525054466232,
      "sats": [
        0.5142857142857143,
        0.16393442622950818,
        0.011857707509881492
      ],
      "vals": [
        0.8235294117647058,
        0.9568627450980393,
        0.9921568627450981
      ],
      "variance": 0.3823477965861269
    }
  ]
}