{
  "group_name": "extratic\\assets\\extratic\\textures\\items\\broadsword\\metallurgy3\\nether\\inolashite_sword_blade.png",
  "segment_dicts": [
    {
      "equivalent": false,
      "hues": [
        0.717948717948718,
        0.7297297297297297,
        0.7341954022988505
      ],
      "lightness": 0.5279302832244009,
      "sats": [
        0.5471698113207546,
        0.4805194805194805,
        0.4062500000000001
      ],
      "vals": [
        0.2509803921568628,
        0.6039215686274509,
        0.8313725490196078
      ],
      "variance": 0.4333113234374724
    }
  ]
}