{
  "group_name": "extratic\\assets\\extratic\\textures\\items\\broadsword\\metallurgy3\\precious\\brass_sword_blade_broken.png",
  "segment_dicts": [
    {
      "equivalent": false,
      "hues": [
        0.0
      ],
      "lightness": 0.306586224233283,
      "sats": [
        0.0
      ],
      "vals": [
        0.09019607843137245,
        0.5411764705882353,
        0.7803921568627451
      ],
      "variance": 0.5093527122797203
    }
  ]
}