{
  "group_name": "extratic\\assets\\extratic\\textures\\items\\broadsword\\metallurgy3\\nether\\kalendrite_sword_handle.png",
  "segment_dicts": [
    {
      "equivalent": false,
      "hues": [
        0.7041984732824428,
        0.7043010752688171,
        0.7105263157894736
      ],
      "lightness": 0.2584107327141383,
      "sats": [
        0.4696969696969697,
        0.4634146341463413,
        0.46045694200351495
      ],
      "vals": [
        0.16078431372549018,
        0.25882352941176473,
        0.3718954248366013
      ],
      "variance": 0.2793774876100884
    }
  ]
}