{
  "group_name": "wrcbe_addons\\assets\\wrcbe_core\\textures\\items\\wirelessTransceiver.png",
  "segment_dicts": [
    {
      "equivalent": true,
      "hues": [
        0.011354079058031966,
        0.1251180358829084,
        0.16666666666666666
      ],
      "lightness": 0.9281045751633987,
      "sats": [
        1.0
      ],
      "vals": [
        0.9228758169934641,
        0.9264705882352942,
        0.9325490196078432
      ],
      "variance": 0.3082078052764941
    },
    {
      "equivalent": true,
      "hues": [
        0.6666666666666666,
        0.7192028985507246
      ],
      "lightness": 0.09887955182072829,
      "sats": [
        0.47058823529411753,
        0.4401913875598087,
        0.3333333333333333
      ],
      "vals": [
        0.057142857142857134,
        0.08235294117647059,
        0.163921568627451
      ],
      "variance": 2.8929042346065645
    }
  ]
}