{
  "group_name": "chisel\\assets\\chisel\\textures\\blocks\\glasspanedyed\\lime-quad-fancy-top.png",
  "segment_dicts": [
    {
      "equivalent": false,
      "hues": [
        0.003787878787878803,
        0.004241671839437207,
        0.006844247132815395
      ],
      "lightness": 0.4530637254901961,
      "sats": [
        0.9675925925925926,
        0.9237385321100918,
        0.8273645546372819
      ],
      "vals": [
        0.4023068050749712,
        0.48403361344537815,
        0.5338235294117647
      ],
      "variance": 0.4019533028597559
    }
  ]
}