{
  "group_name": "chisel\\assets\\chisel\\textures\\blocks\\glasspanedyed\\lime-quad-fancy-top.png",
  "segment_dicts": [
    {
      "equivalent": false,
      "hues": [
        0.0593607305936073,
        0.075993091537133,
        0.08397271952259167
      ],
      "lightness": 0.3225490196078431,
      "sats": [
        0.8295454545454545,
        0.7023289665211062,
        0.6683760683760684
      ],
      "vals": [
        0.17254901960784313,
        0.2835913312693498,
        0.41711229946524064
      ],
      "variance": 0.7001848763104277
    }
  ]
}