{
  "group_name": "extratic\\assets\\extratic\\textures\\items\\throwingknife\\aoa\\jade_knife_blade.png",
  "segment_dicts": [
    {
      "equivalent": false,
      "hues": [
        0.5277777777777778,
        0.5291005291005292,
        0.594302554027505
      ],
      "lightness": 0.3400286944045911,
      "sats": [
        0.44680851063829785,
        0.41739130434782606,
        0.3264913406029506
      ],
      "vals": [
        0.24454901960784317,
        0.45098039215686275,
        0.5529411764705883
      ],
      "variance": 0.22874371545579678
    }
  ]
}