{
  "group_name": "extratic\\assets\\extratic\\textures\\items\\pickmattock\\aoa\\jade_pickmattock_head.png",
  "segment_dicts": [
    {
      "equivalent": false,
      "hues": [
        0.7491909385113269,
        0.7654185022026431,
        0.06770833333333333
      ],
      "lightness": 0.39254901960784316,
      "sats": [
        1.0,
        0.762962962962963,
        0.5934640522875817
      ],
      "vals": [
        0.25098039215686274,
        0.5294117647058824,
        0.75
      ],
      "variance": 0.26314848234639926
    }
  ]
}