{
  "group_name": "extratic\\assets\\extratic\\textures\\items\\battlesign\\metallurgy3\\precious\\brass_battlesign_head.png",
  "segment_dicts": [
    {
      "equivalent": false,
      "hues": [
        0.0
      ],
      "lightness": 0.3331657449304508,
      "sats": [
        0.0
      ],
      "vals": [
        0.1368286445012787,
        0.40935143288084475,
        0.5999999999999999
      ],
      "variance": 1.0583354691219133
    }
  ]
}