{
  "group_name": "bucket",
  "segment_dicts": [
    {
      "colorize": false,
      "id": 0
    },
    {
      "colorize": true,
      "hues": [
        0.0,
        0.0,
        0.0,
        0.0,
        0.0,
        0.0,
        0.0,
        0.0,
        0.0,
        0.0,
        0.0,
        0.0
      ],
      "id": 1,
      "lightness": 0.5074971164936564,
      "sats": [
        0.0,
        0.0,
        0.0,
        0.0,
        0.0,
        0.0,
        0.0,
        0.0,
        0.0,
        0.0,
        0.0,
        0.0
      ],
      "vals": [
        0.47058823529411764,
        0.47058823529411764,
        0.47058823529411764,
        0.47058823529411764,
        0.47058823529411764,
        0.47058823529411764,
        0.47058823529411764,
        0.47058823529411764,
        0.47058823529411764,
        0.47058823529411764,
        0.47058823529411764,
        0.47058823529411764
      ],
      "variance": 0.6077797790367648
    }
  ]
}