{
  "group_name": "bucket_empty",
  "segment_dicts": [
    {
      "colorize": true,
      "hues": [
        0.0,
        0.0,
        0.0,
        0.0,
        0.0,
        0.0,
        0.0,
        0.0,
        0.0,
        0.0,
        0.0
      ],
      "id": 0,
      "lightness": 0.5079044117647059,
      "sats": [
        0.0,
        0.0,
        0.0,
        0.0,
        0.0,
        0.0,
        0.0,
        0.0,
        0.0,
        0.0,
        0.0
      ],
      "vals": [
        0.20784313725490197,
        0.20784313725490197,
        0.3176470588235294,
        0.4470588235294118,
        0.47058823529411764,
        0.5882352941176471,
        0.5882352941176471,
        0.596078431372549,
        0.596078431372549,
        0.6588235294117647,
        0.6588235294117647
      ],
      "variance": 0.6034758601422266
    }
  ]
}