{
  "group_name": "thermalfoundation\\assets\\thermalfoundation\\textures\\items\\tool\\copper\\CopperAxe.png",
  "segment_dicts": [
    {
      "equivalent": true,
      "hues": [
        0.08435916002896453,
        0.09156118143459913,
        0.09854453928649597
      ],
      "lightness": 0.5507189542483659,
      "sats": [
        0.8356652949245541,
        0.6190049305244286,
        0.15490196078431373
      ],
      "vals": [
        0.3486370157819225,
        0.9721132897603487,
        1.0
      ],
      "variance": 0.7764875672302701
    }
  ]
}