{
  "group_name": "thermalfoundation\\assets\\thermalfoundation\\textures\\items\\tool\\platinum\\PlatinumSickle.png",
  "segment_dicts": [
    {
      "equivalent": false,
      "hues": [
        0.08253588516746413,
        0.08605101711333552,
        0.08962264150943429
      ],
      "lightness": 0.5387955182072829,
      "sats": [
        0.9878787878787876,
        0.4978165938864628,
        0.10392156862745106
      ],
      "vals": [
        0.32352941176470584,
        0.9878431372549019,
        1.0
      ],
      "variance": 0.5033521563695584
    },
    {
      "equivalent": false,
      "hues": [
        0.0,
        0.09108527131782945,
        0.09523809523809523
      ],
      "lightness": 0.8117647058823529,
      "sats": [
        0.98989898989899,
        0.9885057471264368,
        0.0
      ],
      "vals": [
        0.3411764705882353,
        0.38823529411764707,
        1.0
      ],
      "variance": 0.3340917435392842
    },
    {
      "equivalent": false,
      "hues": [
        0.1049019607843137,
        0.108257804632427,
        0.10919540229885061
      ],
      "lightness": 0.3192156862745098,
      "sats": [
        0.7296137339055795,
        0.7250000000000001,
        0.7180043383947939
      ],
      "vals": [
        0.1568627450980392,
        0.30457516339869284,
        0.4519607843137255
      ],
      "variance": 0.849594482956165
    }
  ]
}