{
  "group_name": "harvestcraft\\assets\\harvestcraft\\textures\\items\\kiwiseedpacketItem.png",
  "segment_dicts": [
    {
      "equivalent": false,
      "hues": [
        0.13392857142857142,
        0.13395963813500347,
        0.1344086021505376
      ],
      "lightness": 0.8439950980392157,
      "sats": [
        0.7775974025974024,
        0.5090909090909091,
        0.2616033755274262
      ],
      "vals": [
        0.5368191721132898,
        0.8627450980392157,
        0.9294117647058824
      ],
      "variance": 0.46347151352308247
    },
    {
      "equivalent": false,
      "hues": [
        0.13295880149812736
      ],
      "lightness": 0.34901960784313724,
      "sats": [
        1.0
      ],
      "vals": [
        0.34901960784313724
      ],
      "variance": 1.1207613460791674
    },
    {
      "equivalent": false,
      "hues": [
        0.13392857142857142,
        0.13401559454191028,
        0.1344086021505376
      ],
      "lightness": 0.7675070028011204,
      "sats": [
        0.6986721144024514,
        0.5090909090909091,
        0.2616033755274262
      ],
      "vals": [
        0.5484593837535015,
        0.8627450980392157,
        0.9294117647058824
      ],
      "variance": 0.5096600865746871
    }
  ]
}