{
  "group_name": "witchery\\assets\\witchery\\textures\\items\\ingredient.attunedStone.png",
  "segment_dicts": [
    {
      "equivalent": false,
      "hues": [
        0.0958005249343832
      ],
      "lightness": 1.0,
      "sats": [
        0.4980392156862745
      ],
      "vals": [
        1.0
      ],
      "variance": 0.4373317277024469
    },
    {
      "equivalent": false,
      "hues": [
        0.0625
      ],
      "lightness": 0.2823529411764706,
      "sats": [
        1.0
      ],
      "vals": [
        0.2823529411764706
      ],
      "variance": 1.5488832022794994
    },
    {
      "equivalent": false,
      "hues": [
        0.06250000000000011,
        0.09069305525998439,
        0.09802985454661191
      ],
      "lightness": 0.7834967320261437,
      "sats": [
        1.0,
        0.9777798524880964,
        0.6970775849280522
      ],
      "vals": [
        0.2823529411764706,
        0.9334204793028325,
        0.9790849673202615
      ],
      "variance": 0.5581793896848749
    }
  ]
}