{
  "group_name": "extratic\\assets\\extratic\\textures\\items\\longbow\\generic\\sapphire_bow_bottom.png",
  "segment_dicts": [
    {
      "equivalent": false,
      "hues": [
        0.739269406392694,
        0.7435897435897436,
        0.0
      ],
      "lightness": 0.19890196078431374,
      "sats": [
        0.7500000000000001,
        0.6886792452830189,
        0.0
      ],
      "vals": [
        0.0,
        0.20392156862745098,
        0.29691876750700286
      ],
      "variance": 0.5876967864479761
    }
  ]
}