{
  "group_name": "buildcraft\\assets\\buildcraft\\textures\\items\\triggers\\action_station_request_items.png",
  "segment_dicts": [
    {
      "equivalent": false,
      "hues": [
        0.0
      ],
      "lightness": 0.7991285403050108,
      "sats": [
        1.0,
        0.0
      ],
      "vals": [
        0.6078431372549019,
        0.8153452685421995,
        1.0
      ],
      "variance": 0.3564045860297037
    },
    {
      "equivalent": false,
      "hues": [
        0.09975669099756691,
        0.10061443932411691,
        0.10110722610722611
      ],
      "lightness": 0.3205673758865248,
      "sats": [
        0.7393416082029142,
        0.45181674565560814,
        0.3001383125864454
      ],
      "vals": [
        0.16678200692041523,
        0.29204152249134946,
        0.558974358974359
      ],
      "variance": 0.8884655707845567
    },
    {
      "equivalent": false,
      "hues": [
        0.3333333333333333
      ],
      "lightness": 0.4980392156862745,
      "sats": [
        1.0
      ],
      "vals": [
        0.4980392156862745
      ],
      "variance": 0.5718687758341877
    }
  ]
}