{
  "group_name": "buildcraft\\assets\\buildcraft\\textures\\items\\triggers\\color_light_gray.png",
  "segment_dicts": [
    {
      "equivalent": false,
      "hues": [
        0.10576923076923078,
        0.10852713178294575,
        0.10919540229885061
      ],
      "lightness": 0.3156862745098039,
      "sats": [
        0.725,
        0.7136929460580912,
        0.7123287671232877
      ],
      "vals": [
        0.15686274509803919,
        0.28627450980392155,
        0.4725490196078431
      ],
      "variance": 1.2737870045465076
    },
    {
      "equivalent": false,
      "hues": [
        0.6455855855855855,
        0.6482412060301508,
        0.6493844696969697
      ],
      "lightness": 0.5073661897191309,
      "sats": [
        0.74578388507183,
        0.7441860465116279,
        0.7148377125193199
      ],
      "vals": [
        0.46372549019607845,
        0.5074509803921569,
        0.5707664884135472
      ],
      "variance": 0.792557884487523
    },
    {
      "equivalent": false,
      "hues": [
        0.0
      ],
      "lightness": 0.4923529411764706,
      "sats": [
        0.0
      ],
      "vals": [
        0.3431372549019608,
        0.4117647058823529,
        0.6475490196078432
      ],
      "variance": 0.8167252398725118
    }
  ]
}