{
  "group_name": "buildcraft\\assets\\buildcraft\\textures\\items\\triggers\\trigger_pipecontents_toomuchenergy.png",
  "segment_dicts": [
    {
      "equivalent": false,
      "hues": [
        0.0,
        0.16666666666666666
      ],
      "lightness": 0.2663962136578769,
      "sats": [
        1.0,
        0.0
      ],
      "vals": [
        0.14901960784313723,
        0.14901960784313725,
        1.0
      ],
      "variance": 0.5445635817791686
    },
    {
      "equivalent": false,
      "hues": [
        0.0
      ],
      "lightness": 0.14901960784313723,
      "sats": [
        0.0
      ],
      "vals": [
        0.14901960784313725
      ],
      "variance": 0.973493880313033
    }
  ]
}