{
  "group_name": "extratic\\assets\\extratic\\textures\\items\\crossbow\\generic\\sapphire_crossbow_bow_1.png",
  "segment_dicts": [
    {
      "equivalent": false,
      "hues": [
        0.16979166666666665,
        0.17224546722454673,
        0.1828914964508185
      ],
      "lightness": 0.7827450980392157,
      "sats": [
        1.0,
        0.6093052899936267
      ],
      "vals": [
        0.6274509803921569,
        0.8203208556149733,
        0.8789915966386554
      ],
      "variance": 0.07106378354480275
    }
  ]
}