{
  "group_name": "extratic\\assets\\extratic\\textures\\items\\javelin\\aoa\\limonite_javelin_handle.png",
  "segment_dicts": [
    {
      "equivalent": false,
      "hues": [
        0.8249581239530989,
        0.826530612244898,
        0.8304093567251463
      ],
      "lightness": 0.9321799307958477,
      "sats": [
        0.8104265402843602,
        0.7803921568627451,
        0.1967871485943775
      ],
      "vals": [
        0.8274509803921568,
        0.9764705882352941,
        1.0
      ],
      "variance": 0.03614157103870603
    }
  ]
}