{
  "group_name": "extratic\\assets\\extratic\\textures\\items\\javelin\\ae\\certus_quartz_javelin_head_broken.png",
  "segment_dicts": [
    {
      "equivalent": false,
      "hues": [
        0.5585585585585585,
        0.5650887573964497
      ],
      "lightness": 0.8009803921568628,
      "sats": [
        0.8941798941798943,
        0.592
      ],
      "vals": [
        0.7411764705882353,
        0.9803921568627451
      ],
      "variance": 0.03255607936958439
    },
    {
      "equivalent": false,
      "hues": [
        0.5660919540229884
      ],
      "lightness": 0.6862745098039217,
      "sats": [
        0.9942857142857143
      ],
      "vals": [
        0.6862745098039216
      ],
      "variance": 0.03799759549278635
    },
    {
      "equivalent": false,
      "hues": [
        0.5555555555555555
      ],
      "lightness": 1.0,
      "sats": [
        0.17647058823529416
      ],
      "vals": [
        1.0
      ],
      "variance": 0.026076781220539656
    }
  ]
}