{
  "group_name": "extratic\\assets\\extratic\\textures\\items\\lumberaxe\\metallurgy3\\precious\\brass_lumberaxe_binding.png",
  "segment_dicts": [
    {
      "equivalent": false,
      "hues": [
        0.16929133858267717,
        0.17598595353862775,
        0.1834030683403068
      ],
      "lightness": 0.7664884135472372,
      "sats": [
        1.0,
        0.5799086757990868
      ],
      "vals": [
        0.6913165266106442,
        0.8588235294117647,
        0.9372549019607843
      ],
      "variance": 0.03779542082340332
    }
  ]
}