{
  "group_name": "extratic\\assets\\extratic\\textures\\items\\lumberaxe\\ae\\certus_quartz_lumberaxe_shield.png",
  "segment_dicts": [
    {
      "equivalent": false,
      "hues": [
        0.16979166666666665,
        0.1830601092896175
      ],
      "lightness": 0.6905882352941177,
      "sats": [
        1.0
      ],
      "vals": [
        0.6274509803921569,
        0.7176470588235294
      ],
      "variance": 0.08336794052837529
    },
    {
      "equivalent": false,
      "hues": [
        0.16904761904761903
      ],
      "lightness": 0.5568627450980392,
      "sats": [
        0.9859154929577465
      ],
      "vals": [
        0.5568627450980392
      ],
      "variance": 0.10338798821864008
    }
  ]
}