{
  "group_name": "botania\\assets\\botania\\textures\\blocks\\alt\\narslimmus.png",
  "segment_dicts": [
    {
      "equivalent": true,
      "hues": [
        0.33757781550650817,
        0.340104647583872,
        0.34524549409571176
      ],
      "lightness": 0.5648476257973069,
      "sats": [
        0.4545197740112995,
        0.4361659283125252,
        0.397167902899528
      ],
      "vals": [
        0.3966386554621848,
        0.5727797001153403,
        0.7504111321948135
      ],
      "variance": 0.387699731101739
    }
  ]
}