{
  "group_name": "tinker\\assets\\tinker\\textures\\blocks\\glass\\stained\\gray\\glass_2_h.png",
  "segment_dicts": [
    {
      "equivalent": false,
      "hues": [
        0.07213930348258712,
        0.10585585585585577,
        0.10589318600368319
      ],
      "lightness": 0.92567296244063,
      "sats": [
        0.9178082191780823,
        0.7418032786885245,
        0.2901960784313724
      ],
      "vals": [
        0.5725490196078431,
        0.9568627450980393,
        1.0
      ],
      "variance": 0.10187288246713427
    }
  ]
}