{
  "group_name": "extratic\\assets\\extratic\\textures\\items\\javelin\\ae\\certus_quartz_javelin_head.png",
  "segment_dicts": [
    {
      "equivalent": false,
      "hues": [
        0.7777777777777778
      ],
      "lightness": 0.2352941176470588,
      "sats": [
        1.0
      ],
      "vals": [
        0.23529411764705882
      ],
      "variance": 0.43248238764717345
    },
    {
      "equivalent": false,
      "hues": [
        0.7554890219560878,
        0.7761194029850746,
        0.7766393442622951
      ],
      "lightness": 0.7477124183006536,
      "sats": [
        1.0,
        0.9568627450980393,
        0.912568306010929
      ],
      "vals": [
        0.5254901960784314,
        0.7176470588235294,
        1.0
      ],
      "variance": 0.136095856252607
    }
  ]
}