{
  "group_name": "twilightforest\\assets\\twilightforest\\textures\\items\\knightlyPlate.png",
  "segment_dicts": [
    {
      "equivalent": true,
      "hues": [
        0.0,
        0.054982817869415335,
        0.24324324324324312
      ],
      "lightness": 0.26515593972666746,
      "sats": [
        0.18829516539440197,
        0.023390402700747513,
        0.0
      ],
      "vals": [
        0.0,
        0.25019607843137254,
        0.7705882352941176
      ],
      "variance": 1.1256420780853762
    },
    {
      "equivalent": true,
      "hues": [
        0.24166666666666656,
        0.2432778489116516,
        0.2450980392156863
      ],
      "lightness": 0.668289384719405,
      "sats": [
        0.18994413407821226,
        0.18691588785046717,
        0.18264733395696897
      ],
      "vals": [
        0.5409234661606578,
        0.7019607843137254,
        0.8392156862745097
      ],
      "variance": 0.4466189196405173
    }
  ]
}