{
  "group_name": "twilightforest\\assets\\twilightforest\\textures\\items\\emptyMazeMap.png",
  "segment_dicts": [
    {
      "equivalent": false,
      "hues": [
        0.1430817610062894,
        0.14338235294117643,
        0.14542124542124532
      ],
      "lightness": 0.6701880752300919,
      "sats": [
        0.3475935828877,
        0.34517766497461927,
        0.28420471571642614
      ],
      "vals": [
        0.28518518518518515,
        0.5407843137254902,
        0.8288235294117646
      ],
      "variance": 0.5276761759268073
    }
  ]
}