{
  "group_name": "extratic\\assets\\extratic\\textures\\items\\longbow\\generic\\amethyst_bow_top_1.png",
  "segment_dicts": [
    {
      "equivalent": false,
      "hues": [
        0.548872180451128,
        0.5891472868217055,
        0.5933333333333333
      ],
      "lightness": 0.4024340770791075,
      "sats": [
        0.32824427480916024,
        0.25773195876288657,
        0.16199756394640677
      ],
      "vals": [
        0.2568627450980392,
        0.3803921568627451,
        0.5366013071895425
      ],
      "variance": 0.33366999592897256
    }
  ]
}