{
  "group_name": "extratic\\assets\\extratic\\textures\\items\\longbow\\generic\\amethyst_bow_bottom_1.png",
  "segment_dicts": [
    {
      "equivalent": false,
      "hues": [
        0.07908496732026143,
        0.09934640522875816,
        0.12453951277480689
      ],
      "lightness": 1.0,
      "sats": [
        1.0
      ],
      "vals": [
        1.0
      ],
      "variance": 0.3262361931345716
    }
  ]
}