{
  "group_name": "tinker\\assets\\tinker\\textures\\blocks\\glass\\glass_clear.png",
  "segment_dicts": [
    {
      "equivalent": false,
      "hues": [
        0.4943181818181819,
        0.49444444444444446,
        0.49878345498783444
      ],
      "lightness": 0.6081447963800906,
      "sats": [
        0.07345575959933233,
        0.07177033492822962,
        0.05679933665008296
      ],
      "vals": [
        0.5464052287581699,
        0.5872549019607843,
        0.6305882352941177
      ],
      "variance": 0.2795906196297318
    },
    {
      "equivalent": false,
      "hues": [
        0.48648648648648657,
        0.49834983498349844,
        0.49870801033591733
      ],
      "lightness": 0.5969639468690702,
      "sats": [
        0.07117688513037342,
        0.0698772426817752,
        0.05774395702775288
      ],
      "vals": [
        0.556470588235294,
        0.5932773109243697,
        0.6257703081232493
      ],
      "variance": 0.28482721835427527
    },
    {
      "equivalent": false,
      "hues": [
        0.4833333333333334,
        0.5
      ],
      "lightness": 0.5673202614379085,
      "sats": [
        0.07432432432432444,
        0.07092198581560298,
        0.06896551724137927
      ],
      "vals": [
        0.5529411764705883,
        0.5686274509803921,
        0.5803921568627451
      ],
      "variance": 0.29971004387107736
    }
  ]
}