{
  "group_name": "extratic\\assets\\extratic\\textures\\items\\frypan\\metallurgy3\\nether\\kalendrite_frypan_handle.png",
  "segment_dicts": [
    {
      "equivalent": false,
      "hues": [
        0.0
      ],
      "lightness": 0.658191018342821,
      "sats": [
        0.0
      ],
      "vals": [
        0.5294117647058824,
        0.6745098039215687,
        0.7835294117647059
      ],
      "variance": 0.11437880833397464
    }
  ]
}