{
  "group_name": "extratic\\assets\\extratic\\textures\\items\\axe\\oodmod\\kroostyl_axe_head_broken.png",
  "segment_dicts": [
    {
      "equivalent": false,
      "hues": [
        0.0
      ],
      "lightness": 0.17521008403361343,
      "sats": [
        0.0
      ],
      "vals": [
        0.047058823529411764,
        0.19558823529411765,
        0.44705882352941173
      ],
      "variance": 1.2935370088182023
    }
  ]
}