{
  "group_name": "forestry\\assets\\forestry\\textures\\items\\hardenedMachine.png",
  "segment_dicts": [
    {
      "equivalent": false,
      "hues": [
        0.5287237702098381,
        0.5353535353535351,
        0.8333333333333334
      ],
      "lightness": 0.652304233795429,
      "sats": [
        0.1151886792452829,
        0.08353448275862099,
        2.820221706231719e-16
      ],
      "vals": [
        0.39366515837104077,
        0.6113033448673586,
        0.9098039215686275
      ],
      "variance": 0.49199217144107527
    }
  ]
}