{
  "group_name": "railcraft\\assets\\railcraft\\textures\\items\\dust.saltpeter.png",
  "segment_dicts": [
    {
      "equivalent": false,
      "hues": [
        0.6520467836257312,
        0.14831038798498128,
        0.15144073346430909
      ],
      "lightness": 0.8437300501595988,
      "sats": [
        0.3749999999999997,
        0.24474095444163965,
        0.12280971411005207
      ],
      "vals": [
        0.596078431372549,
        0.9062091503267974,
        0.9812971342383106
      ],
      "variance": 0.2911849193265705
    },
    {
      "equivalent": false,
      "hues": [
        0.652046783625731
      ],
      "lightness": 0.596078431372549,
      "sats": [
        0.375
      ],
      "vals": [
        0.596078431372549
      ],
      "variance": 0.4121629867120207
    }
  ]
}