{
  "group_name": "extratic\\assets\\extratic\\textures\\items\\rapier\\metallurgy3\\precious\\brass_rapier_blade.png",
  "segment_dicts": [
    {
      "equivalent": false,
      "hues": [
        0.968421052631579,
        0.9696969696969697,
        0.9698412698412698
      ],
      "lightness": 0.63281045751634,
      "sats": [
        0.6241134751773049,
        0.5147058823529412,
        0.4418604651162791
      ],
      "vals": [
        0.5529411764705883,
        0.8,
        0.8431372549019608
      ],
      "variance": 0.15023273721853236
    }
  ]
}