{
  "group_name": "minecraft\\assets\\thaumcraft\\textures\\items\\golem_upgrade_order.png",
  "segment_dicts": [
    {
      "equivalent": false,
      "hues": [
        0.162004662004662,
        0.16200466200466201,
        0.16666666666666904
      ],
      "lightness": 0.65844093735055,
      "sats": [
        0.6163793103448276,
        0.011627906976744146
      ],
      "vals": [
        0.3372549019607843,
        0.9098039215686274,
        0.9098039215686275
      ],
      "variance": 0.3551943056382199
    },
    {
      "equivalent": false,
      "hues": [
        0.16200466200466201,
        0.16200466200466204,
        0.16666666666666666
      ],
      "lightness": 0.6842543077837197,
      "sats": [
        0.6163793103448276,
        0.011627906976744309
      ],
      "vals": [
        0.33725490196078434,
        0.9098039215686274
      ],
      "variance": 0.34179466447718837
    },
    {
      "equivalent": false,
      "hues": [
        0.16200466200466201,
        0.16666666666666666
      ],
      "lightness": 0.6235294117647059,
      "sats": [
        0.6163793103448276,
        0.011627906976744309
      ],
      "vals": [
        0.33725490196078434,
        0.9098039215686274
      ],
      "variance": 0.3750816996492569
    }
  ]
}