{
  "group_name": "extratic\\assets\\extratic\\textures\\items\\chisel\\metallurgy3\\fantasy\\astral_silver_chisel_head_broken.png",
  "segment_dicts": [
    {
      "equivalent": false,
      "hues": [
        0.01807228915662651,
        0.019900497512437814
      ],
      "lightness": 0.4726643598615917,
      "sats": [
        1.0
      ],
      "vals": [
        0.2627450980392157,
        0.976470588235294
      ],
      "variance": 0.25611961483920276
    }
  ]
}