{
  "group_name": "extratic\\assets\\extratic\\textures\\items\\chisel\\natura\\ghostwood_chisel_head.png",
  "segment_dicts": [
    {
      "equivalent": false,
      "hues": [
        0.01807228915662651,
        0.018425460636515918,
        0.019900497512437814
      ],
      "lightness": 0.5275816993464051,
      "sats": [
        1.0,
        0.7803921568627451
      ],
      "vals": [
        0.26274509803921575,
        0.976470588235294,
        1.0
      ],
      "variance": 0.28910063924063345
    }
  ]
}