{
  "group_name": "extratic\\assets\\extratic\\textures\\items\\chisel\\metallurgy3\\fantasy\\astral_silver_chisel_head_broken.png",
  "segment_dicts": [
    {
      "equivalent": false,
      "hues": [
        0.014619883040935663,
        0.5
      ],
      "lightness": 0.28627450980392155,
      "sats": [
        0.9827586206896551,
        1.2986553728413528e-16
      ],
      "vals": [
        0.22745098039215686,
        0.2274509803921569,
        0.4274509803921569
      ],
      "variance": 0.3940570365639095
    }
  ]
}