{
  "group_name": "extratic\\assets\\extratic\\textures\\items\\chisel\\metallurgy3\\fantasy\\astral_silver_chisel_head_broken.png",
  "segment_dicts": [
    {
      "equivalent": false,
      "hues": [
        0.625,
        0.6253753753753754
      ],
      "lightness": 0.4221453287197232,
      "sats": [
        1.0
      ],
      "vals": [
        0.2352941176470588,
        0.23529411764705882,
        0.8705882352941177
      ],
      "variance": 0.24982768777458436
    }
  ]
}