{
  "group_name": "extratic\\assets\\extratic\\textures\\items\\chisel\\generic\\amethyst_chisel_handle.png",
  "segment_dicts": [
    {
      "equivalent": false,
      "hues": [
        0.0968992248062015,
        0.11413043478260869,
        0.11728395061728396
      ],
      "lightness": 0.6310708898944194,
      "sats": [
        0.29347826086956524,
        0.21827411167512697,
        0.21800947867298578
      ],
      "vals": [
        0.3607843137254902,
        0.7725490196078432,
        0.8274509803921569
      ],
      "variance": 0.07675012164834849
    }
  ]
}