{
  "group_name": "tinker\\assets\\tinker\\textures\\items\\arrow\\copper_arrow_head.png",
  "segment_dicts": [
    {
      "equivalent": false,
      "hues": [
        0.498015873015873,
        0.5045045045045046,
        0.5059523809523809
      ],
      "lightness": 0.5752450980392156,
      "sats": [
        0.43410852713178294,
        0.4204545454545454,
        0.42
      ],
      "vals": [
        0.5058823529411764,
        0.6901960784313725,
        0.7843137254901961
      ],
      "variance": 0.24641103735749068
    }
  ]
}