{
  "group_name": "tinker\\assets\\tinker\\textures\\items\\arrow\\copper_arrow_head.png",
  "segment_dicts": [
    {
      "equivalent": false,
      "hues": [
        0.14975845410628025,
        0.18154761904761907,
        0.3551587301587302
      ],
      "lightness": 0.4808823529411765,
      "sats": [
        0.8659793814432989,
        0.44516129032258056,
        0.26046511627906976
      ],
      "vals": [
        0.3803921568627451,
        0.6078431372549019,
        0.8431372549019608
      ],
      "variance": 0.25635995895244185
    }
  ]
}