{
  "group_name": "tinker\\assets\\tinker\\textures\\items\\arrow\\copper_arrow_head.png",
  "segment_dicts": [
    {
      "equivalent": false,
      "hues": [
        0.7415730337078652,
        0.756880733944954,
        0.8232323232323232
      ],
      "lightness": 0.4325980392156863,
      "sats": [
        0.8249999999999998,
        0.6606060606060606,
        0.45641025641025634
      ],
      "vals": [
        0.31372549019607837,
        0.6470588235294118,
        0.7647058823529411
      ],
      "variance": 0.2632922530217095
    }
  ]
}