{
  "group_name": "tinker\\assets\\tinker\\textures\\items\\arrow\\copper_arrow_shaft.png",
  "segment_dicts": [
    {
      "equivalent": false,
      "hues": [
        0.9857142857142857,
        0.0026881720430107503,
        0.008771929824561375
      ],
      "lightness": 0.6046805819101835,
      "sats": [
        0.4696969696969697,
        0.3664921465968587,
        0.3166666666666666
      ],
      "vals": [
        0.5176470588235295,
        0.7490196078431373,
        0.9411764705882353
      ],
      "variance": 0.3351558031185792
    }
  ]
}