{
  "group_name": "tinker\\assets\\tinker\\textures\\items\\arrow\\copper_arrow_shaft.png",
  "segment_dicts": [
    {
      "equivalent": false,
      "hues": [
        0.0
      ],
      "lightness": 0.35458570524984184,
      "sats": [
        0.0
      ],
      "vals": [
        0.2549019607843137,
        0.5372549019607843,
        0.6039215686274509
      ],
      "variance": 0.3561729787584049
    }
  ]
}