{
  "group_name": "tinker\\assets\\tinker\\textures\\items\\arrow\\copper_arrow_head.png",
  "segment_dicts": [
    {
      "equivalent": false,
      "hues": [
        0.0
      ],
      "lightness": 0.46740196078431373,
      "sats": [
        0.0
      ],
      "vals": [
        0.4235294117647059,
        0.5372549019607843,
        0.6039215686274509
      ],
      "variance": 0.24474592490984662
    }
  ]
}