{
  "group_name": "tinker\\assets\\tinker\\textures\\items\\arrow\\copper_arrow_head.png",
  "segment_dicts": [
    {
      "equivalent": false,
      "hues": [
        0.7054794520547946,
        0.70578231292517,
        0.7105263157894738
      ],
      "lightness": 0.4343137254901961,
      "sats": [
        0.46341463414634143,
        0.46009389671361495,
        0.3146551724137929
      ],
      "vals": [
        0.16078431372549018,
        0.41764705882352937,
        0.7278431372549019
      ],
      "variance": 0.27604904527608204
    }
  ]
}