{
  "group_name": "redstonearsenal\\assets\\redstonearsenal\\textures\\items\\material\\PlateFlux.png",
  "segment_dicts": [
    {
      "equivalent": true,
      "hues": [
        0.0
      ],
      "lightness": 0.3995642701525054,
      "sats": [
        0.8861696072851452,
        0.8819826907946499,
        5.308253836489027e-16
      ],
      "vals": [
        0.1568627450980393,
        0.4984313725490196,
        0.6890196078431372
      ],
      "variance": 0.8765337121157734
    },
    {
      "equivalent": true,
      "hues": [
        0.1361145362378408,
        0.14854848672019763,
        0.16167161226508406
      ],
      "lightness": 0.8533559577677226,
      "sats": [
        0.6297670405522002,
        0.5227639651275429,
        0.42421953675730106
      ],
      "vals": [
        0.7836375929682218,
        0.8675070028011205,
        0.9735294117647059
      ],
      "variance": 0.41041671972592686
    },
    {
      "equivalent": true,
      "hues": [
        0.0
      ],
      "lightness": 0.1568627450980392,
      "sats": [
        0.0
      ],
      "vals": [
        0.1568627450980392
      ],
      "variance": 2.2327261500282334
    }
  ]
}