{
  "group_name": "extratic\\assets\\extratic\\textures\\items\\axe\\oodmod\\kroostyl_axe_head_broken.png",
  "segment_dicts": [
    {
      "equivalent": false,
      "hues": [
        0.6217948717948718,
        0.622554660529344,
        0.6242937853107344
      ],
      "lightness": 0.4256302521008403,
      "sats": [
        0.7428571428571428,
        0.7375,
        0.7339527027027027
      ],
      "vals": [
        0.3137254901960785,
        0.4117647058823529,
        0.6633053221288515
      ],
      "variance": 0.43585019709813344
    }
  ]
}