{
  "group_name": "extratic\\assets\\extratic\\textures\\items\\trident\\generic\\sapphire_trident_accessory.png",
  "segment_dicts": [
    {
      "equivalent": false,
      "hues": [
        0.9141975308641975,
        0.10018214936247721,
        0.10974610974610971
      ],
      "lightness": 0.9996434937611408,
      "sats": [
        0.7176470588235294,
        0.5294117647058824,
        0.3194662480376767
      ],
      "vals": [
        0.9992156862745099,
        1.0
      ],
      "variance": 0.20278681213101565
    }
  ]
}