{
  "group_name": "extratic\\assets\\extratic\\textures\\items\\trident\\generic\\sapphire_trident_accessory.png",
  "segment_dicts": [
    {
      "equivalent": false,
      "hues": [
        0.04545454545454545,
        0.11623699683401174,
        0.1315406976744186
      ],
      "lightness": 1.0,
      "sats": [
        0.9490196078431372,
        0.7225490196078431,
        0.44967320261437904
      ],
      "vals": [
        1.0
      ],
      "variance": 0.20278667738152203
    }
  ]
}