{
  "group_name": "thermalfoundation\\assets\\thermalfoundation\\textures\\items\\tool\\bronze\\BronzeBow.png",
  "segment_dicts": [
    {
      "equivalent": false,
      "hues": [
        0.14457070707070716,
        0.1491228070175439,
        0.15273132664437009
      ],
      "lightness": 0.34434389140271493,
      "sats": [
        0.8906250000000001,
        0.3492990654205607,
        0.29497206703910606
      ],
      "vals": [
        0.20915032679738568,
        0.5594771241830065,
        0.7019607843137254
      ],
      "variance": 0.9600413477371594
    },
    {
      "equivalent": false,
      "hues": [
        0.0
      ],
      "lightness": 0.155119825708061,
      "sats": [
        0.0
      ],
      "vals": [
        0.09411764705882353,
        0.17647058823529413,
        0.23137254901960785
      ],
      "variance": 2.131154880289047
    }
  ]
}