{
  "group_name": "minecraft\\assets\\minecraft\\textures\\items\\gold_sword.png",
  "segment_dicts": [
    {
      "equivalent": false,
      "hues": [
        0.14161966156325526,
        0.1450261780104712,
        0.1521145975443383
      ],
      "lightness": 0.46428571428571425,
      "sats": [
        0.8585264614320306,
        0.3175922846691054,
        0.18112181863108484
      ],
      "vals": [
        0.2222991157247213,
        0.7370098039215686,
        0.9335640138408307
      ],
      "variance": 0.670323377685809
    }
  ]
}