{
  "group_name": "extratic\\assets\\extratic\\textures\\items\\dagger\\metallurgy3\\precious\\brass_dagger_handle.png",
  "segment_dicts": [
    {
      "equivalent": false,
      "hues": [
        0.8164983164983166,
        0.8185840707964601,
        0.8194444444444445
      ],
      "lightness": 0.7896358543417366,
      "sats": [
        0.7635135135135135,
        0.6666666666666666,
        0.19899497487437184
      ],
      "vals": [
        0.5803921568627451,
        0.9176470588235294,
        0.9754901960784313
      ],
      "variance": 0.0811962249506892
    }
  ]
}