{
  "group_name": "nugget",
  "segment_dicts": [
    {
      "colorize": true,
      "hues": [
        0.018315018315018305,
        0.018315018315018305,
        0.047517730496453914,
        0.047517730496453914,
        0.07460317460317462,
        0.07460317460317462,
        0.07460317460317462,
        0.1006535947712418,
        0.1006535947712418,
        0.142483660130719,
        0.16666666666666663,
        0.16666666666666663
      ],
      "id": 0,
      "lightness": 0.882006920415225,
      "sats": [
        1.0,
        1.0,
        1.0,
        1.0,
        1.0,
        1.0,
        1.0,
        1.0,
        1.0,
        1.0,
        1.0,
        1.0
      ],
      "vals": [
        0.7137254901960784,
        0.7137254901960784,
        0.8235294117647058,
        0.8235294117647058,
        0.8235294117647058,
        0.9215686274509803,
        0.9215686274509803,
        1.0,
        1.0,
        1.0,
        1.0,
        1.0
      ],
      "variance": 0.3425401183047096
    }
  ]
}