{
  "group_name": "extratic\\assets\\extratic\\textures\\items\\excavator\\generic\\amethyst_excavator_handle.png",
  "segment_dicts": [
    {
      "equivalent": false,
      "hues": [
        0.57981220657277,
        0.5867410161090457,
        0.5964912280701755
      ],
      "lightness": 0.7306372549019609,
      "sats": [
        0.36224489795918374,
        0.31647058823529417,
        0.15702479338842976
      ],
      "vals": [
        0.47450980392156866,
        0.7686274509803922,
        1.0
      ],
      "variance": 0.16137237388047063
    }
  ]
}