{
  "group_name": "extratic\\assets\\extratic\\textures\\items\\excavator\\metallurgy3\\precious\\platinum_excavator_grip.png",
  "segment_dicts": [
    {
      "equivalent": false,
      "hues": [
        0.57981220657277,
        0.5869565217391305,
        0.5964912280701754
      ],
      "lightness": 0.7039215686274509,
      "sats": [
        0.36224489795918374,
        0.2705882352941177,
        0.15702479338842967
      ],
      "vals": [
        0.4745098039215686,
        0.7686274509803922,
        1.0
      ],
      "variance": 0.1103807726897612
    }
  ]
}