{
  "group_name": "extratic\\assets\\extratic\\textures\\items\\cleaver\\natura\\darkwood_cleaver_shield.png",
  "segment_dicts": [
    {
      "equivalent": false,
      "hues": [
        0.10069444444444442,
        0.1011904761904762,
        0.10204081632653063
      ],
      "lightness": 0.48437314319667263,
      "sats": [
        0.8057553956834532,
        0.7903225806451613,
        0.7659574468085106
      ],
      "vals": [
        0.24313725490196073,
        0.5450980392156862,
        0.7372549019607844
      ],
      "variance": 0.3887218070277389
    }
  ]
}