{
  "group_name": "extratic\\assets\\extratic\\textures\\items\\crossbow\\ae\\certus_quartz_crossbow_bow_3.png",
  "segment_dicts": [
    {
      "equivalent": false,
      "hues": [
        0.5660919540229884
      ],
      "lightness": 0.6862745098039216,
      "sats": [
        0.9942857142857143
      ],
      "vals": [
        0.6862745098039216
      ],
      "variance": 0.12001048762365879
    },
    {
      "equivalent": false,
      "hues": [
        0.5555555555555557,
        0.5585585585585585,
        0.5650887573964497
      ],
      "lightness": 0.9263616557734204,
      "sats": [
        0.8941798941798943,
        0.592,
        0.17647058823529416
      ],
      "vals": [
        0.7411764705882353,
        0.9803921568627451,
        1.0
      ],
      "variance": 0.08890711101000123
    }
  ]
}