{
  "group_name": "extratic\\assets\\extratic\\textures\\items\\crossbow\\generic\\sapphire_crossbow_bow_1.png",
  "segment_dicts": [
    {
      "equivalent": false,
      "hues": [
        0.279120510238335,
        0.28551628551628555,
        0.29191321499013806
      ],
      "lightness": 0.8037647058823529,
      "sats": [
        1.0,
        0.8670572329878324,
        0.5766550522648083
      ],
      "vals": [
        0.6627450980392158,
        0.7910873440285205,
        0.9647058823529411
      ],
      "variance": 0.11287982618997258
    }
  ]
}