{
  "group_name": "extratic\\assets\\extratic\\textures\\items\\crossbow\\metallurgy3\\fantasy\\oureclase_crossbow_binding.png",
  "segment_dicts": [
    {
      "equivalent": false,
      "hues": [
        0.27777777777777773,
        0.2790697674418605,
        0.2878787878787879
      ],
      "lightness": 0.8120098039215686,
      "sats": [
        0.8979591836734693,
        0.792626728110599,
        0.6794871794871795
      ],
      "vals": [
        0.7686274509803922,
        0.8509803921568627,
        0.9176470588235294
      ],
      "variance": 0.05675156682241037
    }
  ]
}