{
  "group_name": "binniecore\\assets\\extrabees\\textures\\items\\cast\\helmet.png",
  "segment_dicts": [
    {
      "equivalent": true,
      "hues": [
        0.09150472786836412,
        0.1415343915343915,
        0.14196901464298864
      ],
      "lightness": 0.7053781512605042,
      "sats": [
        0.8110957960027567,
        0.804058908045977,
        0.543103448275862
      ],
      "vals": [
        0.43670588235294117,
        0.8367935409457901,
        0.9098039215686275
      ],
      "variance": 0.544028103786391
    }
  ]
}