{
  "group_name": "binniecore\\assets\\extrabees\\textures\\items\\cast\\helmet.png",
  "segment_dicts": [
    {
      "equivalent": false,
      "hues": [
        0.09150472786836422,
        0.1415343915343915,
        0.14197739635297768
      ],
      "lightness": 0.7073949579831932,
      "sats": [
        0.8110684405431353,
        0.8040589080459772,
        0.5431034482758622
      ],
      "vals": [
        0.4367058823529413,
        0.8409457900807381,
        0.9098039215686274
      ],
      "variance": 0.5440758817360681
    }
  ]
}