{
  "group_name": "binniecore\\assets\\extrabees\\textures\\items\\cast\\helmet.png",
  "segment_dicts": [
    {
      "equivalent": false,
      "hues": [
        0.09150472786836428,
        0.1415343915343916,
        0.14198569625578464
      ],
      "lightness": 0.7094117647058824,
      "sats": [
        0.8110413538965471,
        0.8040589080459771,
        0.5431034482758621
      ],
      "vals": [
        0.4367058823529414,
        0.8450980392156863,
        0.9098039215686274
      ],
      "variance": 0.5441142744173133
    }
  ]
}