{
  "group_name": "extratic\\assets\\extratic\\textures\\items\\chisel\\metallurgy3\\fantasy\\astral_silver_chisel_head_broken.png",
  "segment_dicts": [
    {
      "equivalent": false,
      "hues": [
        0.42517006802721086,
        0.42892156862745096
      ],
      "lightness": 0.4678200692041522,
      "sats": [
        0.620253164556962,
        0.31481481481481477
      ],
      "vals": [
        0.30980392156862746,
        0.8470588235294118
      ],
      "variance": 0.31370533195992795
    }
  ]
}