{
  "group_name": "extratic\\assets\\extratic\\textures\\items\\chisel\\metallurgy3\\fantasy\\astral_silver_chisel_head_broken.png",
  "segment_dicts": [
    {
      "equivalent": false,
      "hues": [
        0.8018867924528302,
        0.8025641025641027
      ],
      "lightness": 0.4885813148788927,
      "sats": [
        0.5955056179775281,
        0.30952380952380953
      ],
      "vals": [
        0.34901960784313724,
        0.8235294117647058
      ],
      "variance": 0.2844849330340059
    }
  ]
}