{
  "group_name": "extratic\\assets\\extratic\\textures\\items\\chisel\\generic\\amethyst_chisel_handle.png",
  "segment_dicts": [
    {
      "equivalent": false,
      "hues": [
        0.06547619047619037,
        0.06746031746031746,
        0.07246376811594203
      ],
      "lightness": 0.41176470588235303,
      "sats": [
        0.41071428571428564,
        0.32245681381957775,
        0.14893617021276603
      ],
      "vals": [
        0.2196078431372549,
        0.40862745098039216,
        0.7372549019607844
      ],
      "variance": 0.3324896233308064
    }
  ]
}