{
  "group_name": "extratic\\assets\\extratic\\textures\\items\\lumberaxe\\ae\\certus_quartz_lumberaxe_shield.png",
  "segment_dicts": [
    {
      "equivalent": false,
      "hues": [
        0.7761194029850746,
        0.7777777777777778
      ],
      "lightness": 0.6352941176470588,
      "sats": [
        1.0
      ],
      "vals": [
        0.5254901960784314,
        0.6823529411764706
      ],
      "variance": 0.09913655009372764
    },
    {
      "equivalent": false,
      "hues": [
        0.7777777777777778
      ],
      "lightness": 0.23529411764705882,
      "sats": [
        1.0
      ],
      "vals": [
        0.23529411764705882
      ],
      "variance": 0.26766868525306464
    }
  ]
}