{
  "group_name": "extratic\\assets\\extratic\\textures\\items\\shuriken\\metallurgy3\\precious\\brass_shuriken.png",
  "segment_dicts": [
    {
      "equivalent": false,
      "hues": [
        0.7646250490773459,
        0.7685624012638231,
        0.7777777777777778
      ],
      "lightness": 0.45215686274509803,
      "sats": [
        1.0,
        0.9464882943143813,
        0.890295358649789
      ],
      "vals": [
        0.2352941176470589,
        0.703529411764706,
        0.9294117647058824
      ],
      "variance": 0.24112643888333604
    }
  ]
}