{
  "group_name": "iron_shovel",
  "segment_dicts": [
    {
      "colorize": true,
      "hues": [
        0.9404761904761905,
        0.9420289855072463,
        0.9444444444444444,
        0.9444444444444444,
        0.9444444444444444,
        0.9473684210526316,
        0.9473684210526316,
        0.9473684210526316,
        0.9561403508771931,
        0.9621212121212122,
        0.9726027397260274,
        0.0,
        0.0
      ],
      "id": 0,
      "lightness": 0.3749019607843137,
      "sats": [
        0.3709677419354838,
        0.3518518518518518,
        0.33962264150943394,
        0.3333333333333333,
        0.3333333333333333,
        0.3333333333333333,
        0.3333333333333333,
        0.32142857142857145,
        0.2978723404255319,
        0.17924528301886794,
        0.17757009345794394,
        0.0,
        0.0
      ],
      "vals": [
        0.08235294117647059,
        0.1843137254901961,
        0.20784313725490197,
        0.21176470588235294,
        0.21176470588235294,
        0.2196078431372549,
        0.24313725490196078,
        0.2980392156862745,
        0.41568627450980394,
        0.4196078431372549,
        0.6352941176470588,
        1.0,
        1.0
      ],
      "variance": 0.8596152327736871
    },
    {
      "colorize": true,
      "hues": [
        0.9462365591397849,
        0.9480519480519479,
        0.9523809523809524,
        0.9530516431924884,
        0.9547619047619048,
        0.9547619047619048,
        0.9623655913978494,
        0.9629629629629631,
        0.9634408602150536,
        0.973744292237443,
        0.9737827715355806,
        0.9913419913419913,
        0.006980802792321161,
        0.0076142131979695105
      ],
      "id": 1,
      "lightness": 0.6868347338935573,
      "sats": [
        1.0,
        1.0,
        1.0,
        1.0,
        1.0,
        1.0,
        0.967391304347826,
        0.9562566277836692,
        0.9451219512195123,
        0.9451219512195123,
        0.9162790697674419,
        0.9012345679012346,
        0.8967136150234741,
        0.8324324324324324
      ],
      "vals": [
        0.27450980392156865,
        0.27450980392156865,
        0.2784313725490196,
        0.30196078431372547,
        0.30196078431372547,
        0.396078431372549,
        0.48627450980392156,
        0.6352941176470588,
        0.6431372549019608,
        0.6431372549019608,
        0.7215686274509804,
        0.7254901960784313,
        0.8352941176470589,
        0.8431372549019608
      ],
      "variance": 0.46921249084188543
    }
  ]
}