{
  "group_name": "iron_axe",
  "segment_dicts": [
    {
      "colorize": true,
      "hues": [
        0.12777777777777777,
        0.13095238095238093,
        0.1428571428571429,
        0.1428571428571429,
        0.1428571428571429,
        0.14583333333333337,
        0.14583333333333337,
        0.15000000000000002,
        0.15277777777777768,
        0.15476190476190466,
        0.15476190476190477,
        0.16666666666666663,
        0.16666666666666663,
        0.16666666666666663
      ],
      "id": 0,
      "lightness": 0.35177923021060276,
      "sats": [
        0.3181818181818182,
        0.30434782608695654,
        0.2978723404255319,
        0.27586206896551724,
        0.2745098039215686,
        0.2711864406779661,
        0.26666666666666666,
        0.25925925925925924,
        0.23809523809523808,
        0.20547945205479448,
        0.18543046357615894,
        0.13084112149532717,
        0.12371134020618557,
        0.11214953271028037
      ],
      "vals": [
        0.16470588235294117,
        0.17254901960784313,
        0.17647058823529413,
        0.1803921568627451,
        0.1843137254901961,
        0.2,
        0.21176470588235294,
        0.22745098039215686,
        0.23137254901960785,
        0.3803921568627451,
        0.4196078431372549,
        0.4196078431372549,
        0.5725490196078431,
        0.592156862745098
      ],
      "variance": 1.0606796000849554
    },
    {
      "colorize": true,
      "hues": [
        0.11734693877551028,
        0.11805555555555558,
        0.125,
        0.12745098039215685,
        0.1282051282051282,
        0.1282051282051282,
        0.1282051282051282,
        0.13020833333333326,
        0.13095238095238104,
        0.1333333333333333,
        0.14460784313725483
      ],
      "id": 1,
      "lightness": 0.8230540701128937,
      "sats": [
        0.45161290322580644,
        0.4423963133640553,
        0.27868852459016397,
        0.23448275862068962,
        0.2119205298013245,
        0.19393939393939394,
        0.19393939393939394,
        0.19393939393939394,
        0.19047619047619038,
        0.18633540372670812,
        0.18439716312056742
      ],
      "vals": [
        0.5529411764705883,
        0.5686274509803921,
        0.5764705882352941,
        0.592156862745098,
        0.6313725490196078,
        0.6470588235294118,
        0.8509803921568627,
        0.8509803921568627,
        0.9568627450980393,
        0.996078431372549,
        1.0
      ],
      "variance": 0.45334209108132606
    }
  ]
}