{
  "group_name": "iron_pickaxe",
  "segment_dicts": [
    {
      "colorize": true,
      "hues": [
        0.34375,
        0.3452380952380952,
        0.3452380952380952,
        0.3452380952380952,
        0.3452380952380952,
        0.3452380952380952,
        0.3452380952380952,
        0.3452380952380952,
        0.3452380952380952,
        0.3452380952380952,
        0.3452380952380952
      ],
      "id": 0,
      "lightness": 0.3860847564832385,
      "sats": [
        0.2978723404255319,
        0.2978723404255319,
        0.2978723404255319,
        0.29268292682926833,
        0.2857142857142857,
        0.2641509433962264,
        0.2608695652173913,
        0.23076923076923078,
        0.21538461538461529,
        0.18867924528301885,
        0.12371134020618557
      ],
      "vals": [
        0.1607843137254902,
        0.1803921568627451,
        0.1843137254901961,
        0.1843137254901961,
        0.1843137254901961,
        0.20392156862745098,
        0.20392156862745098,
        0.20392156862745098,
        0.20784313725490197,
        0.20784313725490197,
        0.2196078431372549
      ],
      "variance": 0.9620042046226253
    },
    {
      "colorize": true,
      "hues": [
        0.23397435897435903,
        0.2699530516431925,
        0.2699530516431925,
        0.278169014084507,
        0.3171296296296296,
        0.3175675675675676,
        0.3181818181818182,
        0.3181818181818182,
        0.3194444444444445,
        0.3194444444444445,
        0.32051282051282054,
        0.32051282051282054,
        0.3284313725490195
      ],
      "id": 1,
      "lightness": 0.7323794382617912,
      "sats": [
        0.5669291338582677,
        0.5657370517928287,
        0.5657370517928287,
        0.5657370517928287,
        0.357487922705314,
        0.30434782608695654,
        0.2063492063492064,
        0.20606060606060617,
        0.20338983050847456,
        0.19834710743801653,
        0.196969696969697,
        0.18032786885245908,
        0.17449664429530204
      ],
      "vals": [
        0.1803921568627451,
        0.4627450980392157,
        0.4745098039215686,
        0.47843137254901963,
        0.5176470588235295,
        0.5843137254901961,
        0.6470588235294118,
        0.8117647058823529,
        0.984313725490196,
        0.984313725490196,
        0.984313725490196,
        0.9882352941176471,
        0.996078431372549
      ],
      "variance": 0.5071348807376188
    }
  ]
}