{
  "group_name": "iron_pickaxe",
  "segment_dicts": [
    {
      "colorize": true,
      "hues": [
        0.5384615384615384,
        0.5384615384615384,
        0.5384615384615384,
        0.5384615384615384,
        0.5384615384615384,
        0.5384615384615384,
        0.5384615384615384,
        0.5384615384615384,
        0.5416666666666666,
        0.5416666666666666,
        0.5416666666666666
      ],
      "id": 0,
      "lightness": 0.384819734345351,
      "sats": [
        0.29268292682926833,
        0.2857142857142857,
        0.28260869565217384,
        0.28260869565217384,
        0.28260869565217384,
        0.2641509433962264,
        0.2608695652173913,
        0.24999999999999994,
        0.20930232558139528,
        0.17307692307692302,
        0.134020618556701
      ],
      "vals": [
        0.1607843137254902,
        0.1803921568627451,
        0.1803921568627451,
        0.1803921568627451,
        0.1803921568627451,
        0.20392156862745098,
        0.20392156862745098,
        0.20392156862745098,
        0.20392156862745098,
        0.20784313725490197,
        0.2196078431372549
      ],
      "variance": 0.9650004724615712
    },
    {
      "colorize": true,
      "hues": [
        0.464367816091954,
        0.464367816091954,
        0.47202797202797203,
        0.5034722222222222,
        0.5090702947845805,
        0.5111111111111111,
        0.5133333333333333,
        0.5133333333333333,
        0.5133333333333333,
        0.5133333333333335,
        0.513888888888889,
        0.5144927536231884,
        0.5151515151515151
      ],
      "id": 1,
      "lightness": 0.7296237413884473,
      "sats": [
        0.5764705882352941,
        0.5753968253968254,
        0.5753968253968254,
        0.5697211155378487,
        0.3623188405797101,
        0.30434782608695654,
        0.20606060606060617,
        0.20338983050847456,
        0.192,
        0.1916666666666667,
        0.19083969465648842,
        0.18032786885245908,
        0.16891891891891897
      ],
      "vals": [
        0.1803921568627451,
        0.4627450980392157,
        0.47058823529411764,
        0.47843137254901963,
        0.5137254901960784,
        0.5803921568627451,
        0.6470588235294118,
        0.8117647058823529,
        0.9803921568627451,
        0.984313725490196,
        0.9882352941176471,
        0.9882352941176471,
        1.0
      ],
      "variance": 0.5089626397698247
    }
  ]
}