{
  "group_name": "iron_hoe",
  "segment_dicts": [
    {
      "colorize": true,
      "hues": [
        0.10215053763440862,
        0.10215053763440862,
        0.10215053763440862,
        0.10215053763440862,
        0.10256410256410259,
        0.1053639846743295,
        0.1053639846743295,
        0.1053639846743295,
        0.1053639846743295,
        0.1053639846743295,
        0.1053639846743295
      ],
      "id": 0,
      "lightness": 0.24731182795698922,
      "sats": [
        0.7435897435897436,
        0.7435897435897436,
        0.7435897435897436,
        0.7435897435897436,
        0.7294117647058823,
        0.7294117647058823,
        0.7294117647058823,
        0.7294117647058823,
        0.7294117647058823,
        0.7294117647058823,
        0.7294117647058823
      ],
      "vals": [
        0.3333333333333333,
        0.3333333333333333,
        0.3333333333333333,
        0.3333333333333333,
        0.3333333333333333,
        0.3333333333333333,
        0.3333333333333333,
        0.4588235294117647,
        0.4588235294117647,
        0.4588235294117647,
        0.4588235294117647
      ],
      "variance": 1.4884024155100295
    },
    {
      "colorize": true,
      "hues": [
        0.12886597938144329,
        0.1293103448275862,
        0.13034188034188032,
        0.13112745098039214,
        0.1318407960199005,
        0.13218390804597702,
        0.1329365079365079,
        0.1333333333333333,
        0.1333333333333333,
        0.1333333333333333
      ],
      "id": 1,
      "lightness": 0.7894117647058824,
      "sats": [
        0.8282208588957054,
        0.7647058823529411,
        0.7391304347826086,
        0.7341772151898734,
        0.7127659574468085,
        0.7103975772635502,
        0.7103975772635502,
        0.708029197080292,
        0.6885245901639345,
        0.6746031746031746
      ],
      "vals": [
        0.5372549019607843,
        0.6196078431372549,
        0.6392156862745098,
        0.6666666666666666,
        0.7215686274509804,
        0.7372549019607844,
        0.9568627450980393,
        0.9647058823529412,
        0.9882352941176471,
        1.0
      ],
      "variance": 0.4662959669121849
    }
  ]
}