{
  "group_name": "iron_boots",
  "segment_dicts": [
    {
      "colorize": true,
      "hues": [
        0.6013071895424836,
        0.6014492753623188,
        0.6014957264957265,
        0.6015873015873016,
        0.6015981735159817,
        0.6016260162601625,
        0.6017316017316018,
        0.6019184652278177,
        0.6022988505747127,
        0.6023809523809524,
        0.6025641025641025
      ],
      "id": 0,
      "lightness": 0.5747378020975832,
      "sats": [
        0.780952380952381,
        0.7807486631016043,
        0.78,
        0.7795698924731183,
        0.7786259541984732,
        0.7777777777777778,
        0.7777777777777778,
        0.7777777777777778,
        0.7777777777777777,
        0.776536312849162,
        0.7752808988764045
      ],
      "vals": [
        0.34901960784313724,
        0.35294117647058826,
        0.4117647058823529,
        0.4588235294117647,
        0.5137254901960784,
        0.7019607843137254,
        0.7294117647058823,
        0.7333333333333333,
        0.7843137254901961,
        0.8313725490196079,
        0.8862745098039215
      ],
      "variance": 0.4505171495940909
    }
  ]
}