{
  "group_name": "iron_hoe",
  "segment_dicts": [
    {
      "colorize": true,
      "hues": [
        0.10215053763440862,
        0.10215053763440862,
        0.10215053763440862,
        0.10215053763440862,
        0.10256410256410259,
        0.1053639846743295,
        0.1053639846743295,
        0.1053639846743295,
        0.1053639846743295,
        0.1053639846743295,
        0.1053639846743295
      ],
      "id": 0,
      "lightness": 0.24731182795698922,
      "sats": [
        0.7435897435897436,
        0.7435897435897436,
        0.7435897435897436,
        0.7435897435897436,
        0.7294117647058823,
        0.7294117647058823,
        0.7294117647058823,
        0.7294117647058823,
        0.7294117647058823,
        0.7294117647058823,
        0.7294117647058823
      ],
      "vals": [
        0.3333333333333333,
        0.3333333333333333,
        0.3333333333333333,
        0.3333333333333333,
        0.3333333333333333,
        0.3333333333333333,
        0.3333333333333333,
        0.4588235294117647,
        0.4588235294117647,
        0.4588235294117647,
        0.4588235294117647
      ],
      "variance": 1.4627405843779717
    },
    {
      "colorize": true,
      "hues": [
        0.6019607843137255,
        0.6019607843137255,
        0.6019607843137255,
        0.6019607843137255,
        0.6019607843137255,
        0.6019607843137255,
        0.6019607843137255,
        0.6019607843137255,
        0.6019607843137255,
        0.6019607843137255
      ],
      "id": 1,
      "lightness": 0.5821568627450981,
      "sats": [
        0.7727272727272728,
        0.7727272727272728,
        0.7727272727272728,
        0.7727272727272728,
        0.7727272727272728,
        0.7727272727272728,
        0.7727272727272728,
        0.7727272727272728,
        0.7727272727272728,
        0.7685185185185186
      ],
      "vals": [
        0.4235294117647059,
        0.43137254901960786,
        0.43137254901960786,
        0.43137254901960786,
        0.43137254901960786,
        0.5058823529411764,
        0.5725490196078431,
        0.792156862745098,
        0.8431372549019608,
        0.9058823529411765
      ],
      "variance": 0.6214013282323654
    }
  ]
}