{
  "group_name": "iron_hoe",
  "segment_dicts": [
    {
      "colorize": true,
      "hues": [
        0.10215053763440862,
        0.10215053763440862,
        0.10215053763440862,
        0.10215053763440862,
        0.10256410256410259,
        0.1053639846743295,
        0.1053639846743295,
        0.1053639846743295,
        0.1053639846743295,
        0.1053639846743295,
        0.1053639846743295
      ],
      "id": 0,
      "lightness": 0.24731182795698922,
      "sats": [
        0.7435897435897436,
        0.7435897435897436,
        0.7435897435897436,
        0.7435897435897436,
        0.7294117647058823,
        0.7294117647058823,
        0.7294117647058823,
        0.7294117647058823,
        0.7294117647058823,
        0.7294117647058823,
        0.7294117647058823
      ],
      "vals": [
        0.3333333333333333,
        0.3333333333333333,
        0.3333333333333333,
        0.3333333333333333,
        0.3333333333333333,
        0.3333333333333333,
        0.3333333333333333,
        0.4588235294117647,
        0.4588235294117647,
        0.4588235294117647,
        0.4588235294117647
      ],
      "variance": 1.4528157594587805
    },
    {
      "colorize": true,
      "hues": [
        0.5217391304347826,
        0.5263157894736841,
        0.5454545454545455,
        0.5579710144927535,
        0.5804597701149424,
        0.596774193548387,
        0.6319444444444443,
        0.6346153846153846,
        0.6436781609195402,
        0.648148148148148
      ],
      "id": 1,
      "lightness": 0.5433333333333333,
      "sats": [
        0.22881355932203393,
        0.2285714285714286,
        0.22656249999999997,
        0.20472440944881895,
        0.20353982300884946,
        0.20353982300884946,
        0.20353982300884946,
        0.20353982300884946,
        0.19620253164556964,
        0.1847133757961784
      ],
      "vals": [
        0.4117647058823529,
        0.44313725490196076,
        0.44313725490196076,
        0.4627450980392157,
        0.4980392156862745,
        0.5019607843137255,
        0.615686274509804,
        0.6196078431372549,
        0.6823529411764706,
        0.6941176470588235
      ],
      "variance": 0.6612856217603789
    }
  ]
}