{
  "group_name": "iron_leggings",
  "segment_dicts": [
    {
      "colorize": true,
      "hues": [
        0.0,
        0.0,
        0.0,
        0.0,
        0.0,
        0.0,
        0.0,
        0.0,
        0.0,
        0.0,
        0.0
      ],
      "id": 0,
      "lightness": 0.34663865546218486,
      "sats": [
        0.0,
        0.0,
        0.0,
        0.0,
        0.0,
        0.0,
        0.0,
        0.0,
        0.0,
        0.0,
        0.0
      ],
      "vals": [
        0.21568627450980393,
        0.2196078431372549,
        0.2235294117647059,
        0.26666666666666666,
        0.27058823529411763,
        0.2901960784313726,
        0.3333333333333333,
        0.4,
        0.4392156862745098,
        0.49019607843137253,
        0.5137254901960784
      ],
      "variance": 0.9866851870795486
    }
  ]
}