{
  "group_name": "mantle\\assets\\mantle\\textures\\gui\\tinkerbook_blue.png",
  "segment_dicts": [
    {
      "equivalent": false,
      "hues": [
        0.0
      ],
      "lightness": 0.11328976034858387,
      "sats": [
        1.0,
        0.0
      ],
      "vals": [
        0.0,
        2.7755575615628914e-17,
        0.23529411764705885
      ],
      "variance": 2.0798869142428416
    },
    {
      "equivalent": false,
      "hues": [
        0.0
      ],
      "lightness": 0.6739495798319328,
      "sats": [
        0.0
      ],
      "vals": [
        0.32941176470588235,
        0.6405228758169935,
        0.8352941176470589
      ],
      "variance": 0.3496253979793083
    },
    {
      "equivalent": false,
      "hues": [
        0.0,
        0.007119994774315778
      ],
      "lightness": 0.33296568627450973,
      "sats": [
        0.9999999999999999,
        0.9999999999999979,
        0.757458809559151
      ],
      "vals": [
        0.006666666666666543,
        0.23529411764705876,
        0.4984831668516463
      ],
      "variance": 0.7076701887907596
    }
  ]
}