{
  "group_name": "mantle\\assets\\mantle\\textures\\gui\\tinkerbook_blue.png",
  "segment_dicts": [
    {
      "equivalent": true,
      "hues": [
        0.6011904761904762,
        0.6022727272727274,
        0.6091954022988505
      ],
      "lightness": 0.3407407407407407,
      "sats": [
        0.7213114754098362,
        0.5043478260869566,
        0.4827586206896552
      ],
      "vals": [
        0.22745098039215686,
        0.23921568627450984,
        0.45098039215686275
      ],
      "variance": 0.8596771388653998
    },
    {
      "equivalent": true,
      "hues": [
        0.0
      ],
      "lightness": 0.6739495798319328,
      "sats": [
        0.0
      ],
      "vals": [
        0.32941176470588235,
        0.6405228758169935,
        0.8352941176470589
      ],
      "variance": 0.4346423439687076
    },
    {
      "equivalent": true,
      "hues": [
        0.6025345622119817,
        0.6071377279908085,
        0.6091954022988505
      ],
      "lightness": 0.5409722222222223,
      "sats": [
        0.6944000000000001,
        0.5043478260869564,
        0.496576807873342
      ],
      "vals": [
        0.2450980392156864,
        0.4509803921568627,
        0.6916759156492787
      ],
      "variance": 0.541482562434689
    }
  ]
}