{
  "group_name": "extratic\\assets\\extratic\\textures\\items\\crossbow\\generic\\sapphire_crossbow_bow_1.png",
  "segment_dicts": [
    {
      "equivalent": false,
      "hues": [
        0.57981220657277,
        0.5867635189669088,
        0.5964912280701755
      ],
      "lightness": 0.7781960784313726,
      "sats": [
        0.36224489795918374,
        0.32443047918303225,
        0.1570247933884296
      ],
      "vals": [
        0.4745098039215685,
        0.7686274509803922,
        0.9984313725490197
      ],
      "variance": 0.12427415235946294
    }
  ]
}