{
  "group_name": "extratic\\assets\\extratic\\textures\\items\\excavator\\generic\\amethyst_excavator_handle.png",
  "segment_dicts": [
    {
      "equivalent": false,
      "hues": [
        0.5061728395061724,
        0.5064102564102565,
        0.5087719298245613
      ],
      "lightness": 0.6768382352941176,
      "sats": [
        0.27368421052631553,
        0.09359605911330045,
        0.03442413939651506
      ],
      "vals": [
        0.37254901960784315,
        0.796078431372549,
        0.9227450980392157
      ],
      "variance": 0.20217822910173916
    }
  ]
}