{
  "group_name": "extratic\\assets\\extratic\\textures\\items\\excavator\\erebus\\jade_excavator_binding.png",
  "segment_dicts": [
    {
      "equivalent": false,
      "hues": [
        0.14393939393939395,
        0.1461352657004831,
        0.14615384615384616
      ],
      "lightness": 0.6147058823529412,
      "sats": [
        1.0,
        0.9912854030501089
      ],
      "vals": [
        0.25882352941176473,
        0.5411764705882353,
        0.9
      ],
      "variance": 0.19633059566486577
    }
  ]
}