{
  "group_name": "extratic\\assets\\extratic\\textures\\items\\excavator\\metallurgy3\\precious\\brass_excavator_head_broken.png",
  "segment_dicts": [
    {
      "equivalent": false,
      "hues": [
        0.14453124999999997,
        0.14609053497942395,
        0.14615996364462622
      ],
      "lightness": 0.6057315233785823,
      "sats": [
        1.0,
        0.9918864097363084,
        0.3176470588235296
      ],
      "vals": [
        0.30117647058823543,
        0.8923076923076922,
        1.0
      ],
      "variance": 0.31511294576271637
    }
  ]
}