{
  "group_name": "extratic\\assets\\extratic\\textures\\items\\excavator\\erebus\\jade_excavator_binding.png",
  "segment_dicts": [
    {
      "equivalent": false,
      "hues": [
        0.1414141414141414,
        0.14145658263305325,
        0.14153439153439154
      ],
      "lightness": 0.6715686274509804,
      "sats": [
        0.672316384180791,
        0.6666666666666664,
        0.28125
      ],
      "vals": [
        0.38823529411764707,
        0.6941176470588235,
        0.8784313725490196
      ],
      "variance": 0.14564281769194848
    }
  ]
}