{
  "group_name": "extratic\\assets\\extratic\\textures\\items\\excavator\\metallurgy3\\precious\\platinum_excavator_grip.png",
  "segment_dicts": [
    {
      "equivalent": false,
      "hues": [
        0.23703703703703707,
        0.23737373737373738,
        0.23873873873873874
      ],
      "lightness": 0.6673202614379085,
      "sats": [
        0.7184466019417478,
        0.6470588235294118,
        0.18987341772151903
      ],
      "vals": [
        0.403921568627451,
        0.8,
        0.9294117647058824
      ],
      "variance": 0.12873283166382382
    }
  ]
}