{
  "group_name": "extratic\\assets\\extratic\\textures\\items\\excavator\\metallurgy3\\precious\\brass_excavator_head.png",
  "segment_dicts": [
    {
      "equivalent": false,
      "hues": [
        0.048611111111111084,
        0.04963787316728494,
        0.04999999999999999
      ],
      "lightness": 0.6755129958960329,
      "sats": [
        1.0,
        0.8179453836150845,
        0.2823529411764705
      ],
      "vals": [
        0.23529411764705882,
        0.9047058823529411,
        1.0
      ],
      "variance": 0.28492338002487533
    }
  ]
}