{
  "group_name": "extratic\\assets\\extratic\\textures\\items\\chisel\\metallurgy3\\fantasy\\astral_silver_chisel_head_broken.png",
  "segment_dicts": [
    {
      "equivalent": false,
      "hues": [
        0.0625,
        0.06770833333333331
      ],
      "lightness": 0.471280276816609,
      "sats": [
        1.0,
        0.9411764705882353
      ],
      "vals": [
        0.25098039215686285,
        1.0
      ],
      "variance": 0.2251792280249715
    }
  ]
}