{
  "group_name": "extratic\\assets\\extratic\\textures\\items\\bolt\\generic\\sapphire_bolt_head.png",
  "segment_dicts": [
    {
      "equivalent": false,
      "hues": [
        0.9142685851318945,
        0.10017889087656529,
        0.11024033437826537
      ],
      "lightness": 0.9995642701525054,
      "sats": [
        0.7307189542483661,
        0.5450980392156863,
        0.31305201177625125
      ],
      "vals": [
        0.9990196078431373,
        1.0
      ],
      "variance": 0.18417475812599293
    }
  ]
}