{
  "group_name": "extratic\\assets\\extratic\\textures\\items\\parts\\bop\\mud_shovel_head.png",
  "segment_dicts": [
    {
      "equivalent": false,
      "hues": [
        0.5376676986584107,
        0.5617283950617283,
        0.5938697318007663
      ],
      "lightness": 0.4503267973856209,
      "sats": [
        0.43699421965317914,
        0.3691428571428571,
        0.3144578313253012
      ],
      "vals": [
        0.25037707390648567,
        0.484593837535014,
        0.6862745098039216
      ],
      "variance": 0.3539893533745338
    }
  ]
}