{
  "group_name": "extratic\\assets\\extratic\\textures\\items\\parts\\bop\\mud_large_guard.png",
  "segment_dicts": [
    {
      "equivalent": false,
      "hues": [
        0.036182861828618275,
        0.13146493365827241,
        0.13162878787878787
      ],
      "lightness": 0.9750588235294118,
      "sats": [
        0.9999999999999999,
        0.6901960784313725,
        0.4388591800356506
      ],
      "vals": [
        0.9109243697478991,
        1.0
      ],
      "variance": 0.29763749092110986
    }
  ]
}