{
  "group_name": "extratic\\assets\\extratic\\textures\\items\\parts\\twilightforest\\knightmetal_rod.png",
  "segment_dicts": [
    {
      "equivalent": false,
      "hues": [
        0.09934640522875816,
        0.11633986928104574,
        0.13137254901960785
      ],
      "lightness": 1.0,
      "sats": [
        1.0
      ],
      "vals": [
        1.0
      ],
      "variance": 0.35162759813961914
    },
    {
      "equivalent": false,
      "hues": [
        0.07908496732026143
      ],
      "lightness": 1.0,
      "sats": [
        1.0
      ],
      "vals": [
        1.0
      ],
      "variance": 0.35162759813961914
    }
  ]
}