{
  "group_name": "extratic\\assets\\extratic\\textures\\items\\dagger\\ae\\certus_quartz_dagger_accessory.png",
  "segment_dicts": [
    {
      "equivalent": false,
      "hues": [
        0.6666666666666666
      ],
      "lightness": 0.14558823529411763,
      "sats": [
        1.0
      ],
      "vals": [
        0.12156862745098039,
        0.16470588235294117,
        0.27058823529411763
      ],
      "variance": 1.4231041972667609
    }
  ]
}