{
  "group_name": "extratic\\assets\\extratic\\textures\\items\\parts\\bop\\mud_shovel_head.png",
  "segment_dicts": [
    {
      "equivalent": false,
      "hues": [
        0.34970238095238093,
        0.34974747474747475,
        0.3501899335232668
      ],
      "lightness": 0.3207843137254902,
      "sats": [
        1.0,
        0.8859060402684564
      ],
      "vals": [
        0.16193771626297576,
        0.4392156862745098,
        0.5843137254901961
      ],
      "variance": 0.7099916098798578
    }
  ]
}