{
  "group_name": "extratic\\assets\\extratic\\textures\\items\\parts\\bop\\mud_crossbar.png",
  "segment_dicts": [
    {
      "equivalent": false,
      "hues": [
        0.5829307568438002,
        0.5833333333333334,
        0.5845797720797722
      ],
      "lightness": 0.36549019607843136,
      "sats": [
        1.0,
        0.9241071428571429
      ],
      "vals": [
        0.2447058823529412,
        0.6901960784313725,
        0.8784313725490196
      ],
      "variance": 0.49363372279276474
    }
  ]
}