{
  "group_name": "extratic\\assets\\extratic\\textures\\items\\parts\\bop\\mud_large_guard.png",
  "segment_dicts": [
    {
      "equivalent": false,
      "hues": [
        0.0
      ],
      "lightness": 0.05725490196078432,
      "sats": [
        0.0
      ],
      "vals": [
        0.03529411764705882,
        0.08235294117647059,
        0.13725490196078433
      ],
      "variance": 4.892254428928544
    }
  ]
}