{
  "group_name": "extratic\\assets\\extratic\\textures\\items\\parts\\natura\\netherquartz_medium_guard.png",
  "segment_dicts": [
    {
      "equivalent": false,
      "hues": [
        0.0
      ],
      "lightness": 0.06862745098039216,
      "sats": [
        0.0
      ],
      "vals": [
        0.03529411764705883,
        0.08235294117647059,
        0.14980392156862746
      ],
      "variance": 3.647709013984193
    }
  ]
}