{
  "group_name": "extratic\\assets\\extratic\\textures\\items\\battlesign\\natura\\netherquartz_battlesign_handle.png",
  "segment_dicts": [
    {
      "equivalent": false,
      "hues": [
        0.5017182130584192,
        0.5023148148148149,
        0.5034083162917519
      ],
      "lightness": 0.2726797385620915,
      "sats": [
        0.8660714285714285,
        0.864,
        0.859402460456942
      ],
      "vals": [
        0.2231372549019608,
        0.32679738562091504,
        0.4392156862745098
      ],
      "variance": 0.4427945525829227
    }
  ]
}