{
  "group_name": "extratic\\assets\\extratic\\textures\\items\\cutlass\\metallurgy3\\nether\\amordrine_cutlass_blade_broken.png",
  "segment_dicts": [
    {
      "equivalent": false,
      "hues": [
        0.7400000000000001,
        0.7435897435897436,
        0.0
      ],
      "lightness": 0.09457013574660633,
      "sats": [
        0.75,
        0.7142857142857143,
        0.0
      ],
      "vals": [
        0.0,
        0.203921568627451,
        0.27450980392156865
      ],
      "variance": 2.0924515306748375
    }
  ]
}