{
  "group_name": "extratic\\assets\\extratic\\textures\\items\\longbow\\generic\\amethyst_bow_bottom_1.png",
  "segment_dicts": [
    {
      "equivalent": false,
      "hues": [
        0.3870056497175141,
        0.39000000000000007,
        0.39102564102564114
      ],
      "lightness": 0.374067046173308,
      "sats": [
        0.3937007874015748,
        0.3880597014925374,
        0.3868852459016394
      ],
      "vals": [
        0.2627450980392157,
        0.39869281045751637,
        0.4980392156862745
      ],
      "variance": 0.18137535988601863
    }
  ]
}