{
  "group_name": "extratic\\assets\\extratic\\textures\\items\\dagger\\ae\\certus_quartz_dagger_accessory.png",
  "segment_dicts": [
    {
      "equivalent": false,
      "hues": [
        0.0
      ],
      "lightness": 0.21715686274509804,
      "sats": [
        0.6081081081081082,
        0.5982905982905983,
        0.5952380952380953
      ],
      "vals": [
        0.1647058823529412,
        0.2901960784313726,
        0.4588235294117647
      ],
      "variance": 0.8802076755796387
    }
  ]
}