{
  "group_name": "extratic\\assets\\extratic\\textures\\items\\longbow\\generic\\amethyst_bow_bottom_1.png",
  "segment_dicts": [
    {
      "equivalent": false,
      "hues": [
        0.0
      ],
      "lightness": 0.155977229601518,
      "sats": [
        0.0
      ],
      "vals": [
        0.10196078431372549,
        0.14901960784313725,
        0.21140819964349378
      ],
      "variance": 0.3422933337371356
    }
  ]
}