{
  "group_name": "tinker\\assets\\tinker\\textures\\items\\fishingrod\\pigiron_fishingrod_flail.png",
  "segment_dicts": [
    {
      "equivalent": false,
      "hues": [
        0.7574906367041199,
        0.7777777777777778
      ],
      "lightness": 0.44313725490196076,
      "sats": [
        1.0,
        0.8127853881278538
      ],
      "vals": [
        0.23529411764705882,
        0.8588235294117647
      ],
      "variance": 0.14504971285335572
    },
    {
      "equivalent": false,
      "hues": [
        0.7554890219560878,
        0.7766393442622951
      ],
      "lightness": 0.8117647058823528,
      "sats": [
        0.9568627450980393,
        0.912568306010929
      ],
      "vals": [
        0.7176470588235294,
        1.0
      ],
      "variance": 0.07918172730642124
    }
  ]
}