{
  "group_name": "tinker\\assets\\tinker\\textures\\items\\fishingrod\\iron_fishingrod.png",
  "segment_dicts": [
    {
      "equivalent": false,
      "hues": [
        0.018416206261510137
      ],
      "lightness": 0.7098039215686275,
      "sats": [
        1.0
      ],
      "vals": [
        0.7098039215686275
      ],
      "variance": 0.18262310697954398
    },
    {
      "equivalent": false,
      "hues": [
        0.01907734998265696,
        0.0192307692307692,
        0.01990049751243783
      ],
      "lightness": 0.7408199643493762,
      "sats": [
        1.0,
        0.944007858546169,
        0.8156862745098039
      ],
      "vals": [
        0.26274509803921564,
        0.7984313725490196,
        1.0
      ],
      "variance": 0.1749771924909875
    },
    {
      "equivalent": false,
      "hues": [
        0.02
      ],
      "lightness": 0.5882352941176471,
      "sats": [
        1.0
      ],
      "vals": [
        0.5882352941176471
      ],
      "variance": 0.2203652157553164
    },
    {
      "equivalent": false,
      "hues": [
        0.019900497512437814
      ],
      "lightness": 0.2627450980392157,
      "sats": [
        1.0
      ],
      "vals": [
        0.2627450980392157
      ],
      "variance": 0.49335496064623074
    }
  ]
}