{
  "group_name": "tinker\\assets\\tinker\\textures\\items\\fishingrod\\pigiron_fishingrod_flail.png",
  "segment_dicts": [
    {
      "equivalent": false,
      "hues": [
        0.09459459459459463,
        0.11111111111111109
      ],
      "lightness": 0.45620915032679743,
      "sats": [
        0.29166666666666663,
        0.18048780487804883
      ],
      "vals": [
        0.2823529411764706,
        0.803921568627451
      ],
      "variance": 0.11547235721267757
    },
    {
      "equivalent": false,
      "hues": [
        0.0968992248062015,
        0.11904761904761903
      ],
      "lightness": 0.7934640522875815,
      "sats": [
        0.23004694835680747,
        0.21827411167512697
      ],
      "vals": [
        0.7725490196078432,
        0.8352941176470589
      ],
      "variance": 0.06639184953414248
    }
  ]
}