{
  "group_name": "extratic\\assets\\extratic\\textures\\items\\cleaver\\erebus\\jade_cleaver_head_broken.png",
  "segment_dicts": [
    {
      "equivalent": false,
      "hues": [
        0.0
      ],
      "lightness": 0.19574036511156184,
      "sats": [
        0.0
      ],
      "vals": [
        0.04705882352941179,
        0.29040247678018577,
        0.44705882352941173
      ],
      "variance": 1.5187240978207153
    }
  ]
}