{
  "group_name": "extratic\\assets\\extratic\\textures\\items\\arrow\\metallurgy3\\fantasy\\mithril_arrow_shaft.png",
  "segment_dicts": [
    {
      "equivalent": false,
      "hues": [
        0.9958540630182421,
        0.996078431372549,
        0.01666666666666668
      ],
      "lightness": 0.4412397216951297,
      "sats": [
        1.0,
        0.9136363636363637,
        0.748898678414097
      ],
      "vals": [
        0.23529411764705874,
        0.8627450980392157,
        0.8901960784313725
      ],
      "variance": 0.37234103793282813
    }
  ]
}