{
  "group_name": "extratic\\assets\\extratic\\textures\\items\\battlesign\\natura\\netherquartz_battlesign_head_broken.png",
  "segment_dicts": [
    {
      "equivalent": false,
      "hues": [
        0.968421052631579,
        0.9701246765466949,
        0.9701436130007559
      ],
      "lightness": 0.6823169634826409,
      "sats": [
        0.6241603347648939,
        0.5474860335195532,
        0.44186046511627897
      ],
      "vals": [
        0.5837994214079076,
        0.7897058823529413,
        0.8431372549019607
      ],
      "variance": 0.19240964667887384
    }
  ]
}