{
  "group_name": "extratic\\assets\\extratic\\textures\\items\\dagger\\bop\\mud_dagger_blade.png",
  "segment_dicts": [
    {
      "equivalent": false,
      "hues": [
        0.27777777777777773,
        0.28138528138528135,
        0.29656862745098045
      ],
      "lightness": 0.41639928698752227,
      "sats": [
        0.5999999999999998,
        0.5703703703703704,
        0.4197530864197531
      ],
      "vals": [
        0.196078431372549,
        0.5294117647058824,
        0.6352941176470589
      ],
      "variance": 0.5016531446663838
    }
  ]
}