{
  "group_name": "ironchest\\assets\\ironchest\\textures\\items\\ironGoldUpgrade.png",
  "segment_dicts": [
    {
      "equivalent": true,
      "hues": [
        0.13737684454549504,
        0.14584240313452326,
        0.15570051049347708
      ],
      "lightness": 0.8410912190963342,
      "sats": [
        0.9945464219207236,
        0.8720577069096431,
        0.758769098343017
      ],
      "vals": [
        0.7758513931888545,
        0.8607843137254902,
        0.9591331269349844
      ],
      "variance": 0.5005418385889188
    },
    {
      "equivalent": true,
      "hues": [
        0.1041666666666669
      ],
      "lightness": 0.6980392156862745,
      "sats": [
        0.0449438202247191
      ],
      "vals": [
        0.6980392156862745
      ],
      "variance": 0.6031199046798086
    },
    {
      "equivalent": true,
      "hues": [
        0.5139442231075698,
        0.5333578611724303,
        0.535303776683087
      ],
      "lightness": 0.8263235294117648,
      "sats": [
        0.22818181818181793,
        0.143513609049134,
        0.1411508101371001
      ],
      "vals": [
        0.6162464985994397,
        0.853393665158371,
        0.9681246857717445
      ],
      "variance": 0.5094873015744482
    }
  ]
}