{
  "group_name": "ironchest\\assets\\ironchest\\textures\\items\\ironGoldUpgrade.png",
  "segment_dicts": [
    {
      "equivalent": false,
      "hues": [
        0.13737684454549504,
        0.14584240313452326,
        0.15570051049347708
      ],
      "lightness": 0.8410912190963342,
      "sats": [
        0.9945464219207236,
        0.8720577069096431,
        0.758769098343017
      ],
      "vals": [
        0.7758513931888545,
        0.8607843137254902,
        0.9591331269349844
      ],
      "variance": 0.44488245358752
    },
    {
      "equivalent": false,
      "hues": [
        0.1041666666666663
      ],
      "lightness": 0.5568627450980392,
      "sats": [
        0.05633802816901408
      ],
      "vals": [
        0.5568627450980392
      ],
      "variance": 0.6719550347664532
    },
    {
      "equivalent": false,
      "hues": [
        0.31306306306306314,
        0.31612090680100763,
        0.3333333333333333
      ],
      "lightness": 0.6561274509803922,
      "sats": [
        0.062079749804534956,
        0.045306122448979594,
        0.03684210526315791
      ],
      "vals": [
        0.6116690578670493,
        0.6862745098039216,
        0.7450980392156863
      ],
      "variance": 0.5702957934215098
    }
  ]
}