{
  "group_name": "tinker\\assets\\tinker\\textures\\items\\fishingrod\\iron_fishingrod.png",
  "segment_dicts": [
    {
      "equivalent": false,
      "hues": [
        0.23809523809523805
      ],
      "lightness": 0.45098039215686275,
      "sats": [
        0.18260869565217389
      ],
      "vals": [
        0.45098039215686275
      ],
      "variance": 0.4549720344165986
    },
    {
      "equivalent": false,
      "hues": [
        0.21825396825396867,
        0.24123879380603105,
        0.2450980392156863
      ],
      "lightness": 0.6586452762923352,
      "sats": [
        0.19147940074906367,
        0.18994413407821226,
        0.08750000000000027
      ],
      "vals": [
        0.2689075630252102,
        0.7019607843137254,
        0.930718954248366
      ],
      "variance": 0.311523476880648
    },
    {
      "equivalent": false,
      "hues": [
        0.23958333333333318
      ],
      "lightness": 0.34901960784313724,
      "sats": [
        0.1797752808988764
      ],
      "vals": [
        0.34901960784313724
      ],
      "variance": 0.5878852130102117
    },
    {
      "equivalent": false,
      "hues": [
        0.0
      ],
      "lightness": 0.2,
      "sats": [
        0.01960784313725497
      ],
      "vals": [
        0.2
      ],
      "variance": 1.0259173325080164
    }
  ]
}