{
  "group_name": "ic2\\assets\\ic2\\textures\\items\\cell\\itemCellBiogas.png",
  "segment_dicts": [
    {
      "equivalent": false,
      "hues": [
        0.0
      ],
      "lightness": 0.4648023143683703,
      "sats": [
        0.0
      ],
      "vals": [
        0.2350036310820625,
        0.603641456582633,
        0.8509803921568627
      ],
      "variance": 0.884623990703084
    },
    {
      "equivalent": false,
      "hues": [
        0.5
      ],
      "lightness": 0.8141176470588235,
      "sats": [
        0.03414634146341465,
        0.03377876763177433,
        0.02771362586605084
      ],
      "vals": [
        0.803921568627451,
        0.8126696832579186,
        0.8490196078431372
      ],
      "variance": 0.5050563388596684
    },
    {
      "equivalent": false,
      "hues": [
        0.0
      ],
      "lightness": 0.7105301379811183,
      "sats": [
        0.0
      ],
      "vals": [
        0.31372549019607837,
        0.851764705882353,
        0.9803921568627451
      ],
      "variance": 0.5786880193328319
    }
  ]
}