{
  "group_name": "ic2\\assets\\ic2\\textures\\items\\cell\\itemCellBiogas.png",
  "segment_dicts": [
    {
      "equivalent": false,
      "hues": [
        0.0
      ],
      "lightness": 0.4648023143683703,
      "sats": [
        0.0
      ],
      "vals": [
        0.2350036310820625,
        0.603641456582633,
        0.8509803921568627
      ],
      "variance": 0.7071794129326622
    },
    {
      "equivalent": false,
      "hues": [
        0.0,
        0.057291666666666664,
        0.12615740740740738
      ],
      "lightness": 0.8086274509803921,
      "sats": [
        0.8847926267281107,
        0.8759744861800142
      ],
      "vals": [
        0.7904761904761904,
        0.8509803921568627
      ],
      "variance": 0.4064895736673886
    },
    {
      "equivalent": false,
      "hues": [
        0.0
      ],
      "lightness": 0.7105301379811183,
      "sats": [
        0.0
      ],
      "vals": [
        0.31372549019607837,
        0.851764705882353,
        0.9803921568627451
      ],
      "variance": 0.46261039501958695
    }
  ]
}