{
  "group_name": "extratic\\assets\\extratic\\textures\\items\\bolt\\generic\\sapphire_bolt_shaft.png",
  "segment_dicts": [
    {
      "equivalent": false,
      "hues": [
        0.0
      ],
      "lightness": 0.15864527629233513,
      "sats": [
        0.0
      ],
      "vals": [
        0.10196078431372549,
        0.14901960784313725,
        0.21666666666666667
      ],
      "variance": 0.29428588281501605
    }
  ]
}