{
  "group_name": "extratic\\assets\\extratic\\textures\\items\\parts\\natura\\netherquartz_medium_guard.png",
  "segment_dicts": [
    {
      "equivalent": false,
      "hues": [
        0.0,
        0.5
      ],
      "lightness": 0.1366666666666667,
      "sats": [
        0.8789346246973366,
        2.949029909160572e-16,
        0.0
      ],
      "vals": [
        0.047058823529411764,
        0.12549019607843137,
        0.5398692810457517
      ],
      "variance": 1.7324495913894857
    }
  ]
}