{
  "group_name": "extratic\\assets\\extratic\\textures\\items\\parts\\aoa\\crystalitestone_crossbow_body.png",
  "segment_dicts": [
    {
      "equivalent": false,
      "hues": [
        0.0,
        0.5
      ],
      "lightness": 0.19535603715170277,
      "sats": [
        0.8904665314401623,
        2.1686459499119528e-16,
        0.0
      ],
      "vals": [
        0.12798573975044564,
        0.2057315233785822,
        0.6444444444444444
      ],
      "variance": 0.44893596119417145
    }
  ]
}