{
  "group_name": "extratic\\assets\\extratic\\textures\\items\\parts\\aoa\\limonite_bow_limb.png",
  "segment_dicts": [
    {
      "equivalent": false,
      "hues": [
        0.0
      ],
      "lightness": 0.15537525354969572,
      "sats": [
        0.0
      ],
      "vals": [
        0.10196078431372549,
        0.14901960784313725,
        0.20980392156862746
      ],
      "variance": 0.3316115451720381
    }
  ]
}