{
  "group_name": "tinker\\assets\\tinker\\textures\\blocks\\glass\\stained\\gray\\glass_1_u.png",
  "segment_dicts": [
    {
      "equivalent": false,
      "hues": [
        0.7704402515723271
      ],
      "lightness": 0.7176470588235292,
      "sats": [
        0.5792349726775956
      ],
      "vals": [
        0.7176470588235294
      ],
      "variance": 0.12835522352835607
    },
    {
      "equivalent": false,
      "hues": [
        0.7756410256410255
      ],
      "lightness": 0.9999999999999973,
      "sats": [
        0.5098039215686274
      ],
      "vals": [
        1.0
      ],
      "variance": 0.09211374864976164
    },
    {
      "equivalent": false,
      "hues": [
        0.7704402515723271,
        0.7760416666666666
      ],
      "lightness": 0.8386554621848739,
      "sats": [
        0.5792349726775957,
        0.5792349726775956,
        0.25098039215686274
      ],
      "vals": [
        0.7176470588235294,
        1.0
      ],
      "variance": 0.10983503095512633
    },
    {
      "equivalent": false,
      "hues": [
        0.7760416666666666
      ],
      "lightness": 1.0000000000000002,
      "sats": [
        0.25098039215686274
      ],
      "vals": [
        1.0
      ],
      "variance": 0.09211374864976138
    }
  ]
}