{
  "group_name": "tinker\\assets\\tinker\\textures\\blocks\\crops\\berry_silver_fancy.png",
  "segment_dicts": [
    {
      "equivalent": false,
      "hues": [
        0.12571867896777666,
        0.12581596125500114,
        0.1262878787878788
      ],
      "lightness": 0.5848983071489464,
      "sats": [
        0.6713343207216905,
        0.6423357664233577,
        0.36083884203328015
      ],
      "vals": [
        0.3595739530380052,
        0.7069143446852425,
        0.8460945033751207
      ],
      "variance": 0.5800098008732544
    }
  ]
}