{
  "group_name": "tinker\\assets\\tinker\\textures\\blocks\\crops\\berry_silver_fancy.png",
  "segment_dicts": [
    {
      "equivalent": false,
      "hues": [
        0.553984287317621,
        0.5541371158392434,
        0.5545921644187545
      ],
      "lightness": 0.484959201071733,
      "sats": [
        0.27277505255781265,
        0.26374859708193044,
        0.12880562060889872
      ],
      "vals": [
        0.27634955216654555,
        0.551702786377709,
        0.7411764705882351
      ],
      "variance": 0.6053968168912963
    }
  ]
}