{
  "group_name": "extratic\\assets\\extratic\\textures\\items\\dagger\\bop\\mud_dagger_blade.png",
  "segment_dicts": [
    {
      "equivalent": false,
      "hues": [
        0.5,
        0.5079365079365078,
        0.5128205128205128
      ],
      "lightness": 0.635650623885918,
      "sats": [
        0.27999999999999947,
        0.058558558558558606,
        0.024896265560165887
      ],
      "vals": [
        0.29411764705882343,
        0.8705882352941177,
        0.9450980392156862
      ],
      "variance": 0.26099532091526967
    }
  ]
}