{
  "group_name": "extratic\\assets\\extratic\\textures\\items\\dagger\\bop\\mud_dagger_blade.png",
  "segment_dicts": [
    {
      "equivalent": false,
      "hues": [
        0.578947368421053,
        0.5880503144654088,
        0.5919540229885056
      ],
      "lightness": 0.5907308377896614,
      "sats": [
        0.5087719298245613,
        0.25480769230769235,
        0.07949790794979075
      ],
      "vals": [
        0.22352941176470587,
        0.8156862745098039,
        0.9372549019607843
      ],
      "variance": 0.30994746443954857
    }
  ]
}