{
  "group_name": "extratic\\assets\\extratic\\textures\\items\\dagger\\ae\\certus_quartz_dagger_accessory.png",
  "segment_dicts": [
    {
      "equivalent": false,
      "hues": [
        0.23737373737373738,
        0.23809523809523805,
        0.23873873873873874
      ],
      "lightness": 0.3799019607843137,
      "sats": [
        0.7184466019417476,
        0.7179487179487178,
        0.6470588235294118
      ],
      "vals": [
        0.3058823529411765,
        0.403921568627451,
        0.8
      ],
      "variance": 0.40923495759806666
    }
  ]
}