{
  "group_name": "extratic\\assets\\extratic\\textures\\items\\dagger\\bop\\mud_dagger_blade.png",
  "segment_dicts": [
    {
      "equivalent": false,
      "hues": [
        0.25490196078431343,
        0.2626262626262627,
        0.2647058823529413
      ],
      "lightness": 0.5415329768270944,
      "sats": [
        0.5483870967741934,
        0.32999999999999996,
        0.07053941908713669
      ],
      "vals": [
        0.1215686274509804,
        0.7843137254901961,
        0.945098039215686
      ],
      "variance": 0.3827085568467121
    }
  ]
}