{
  "group_name": "extratic\\assets\\extratic\\textures\\items\\broadsword\\metallurgy3\\precious\\brass_sword_blade_broken.png",
  "segment_dicts": [
    {
      "equivalent": false,
      "hues": [
        0.984375,
        0.0,
        0.016666666666666663
      ],
      "lightness": 0.3420814479638009,
      "sats": [
        0.9999999999999998,
        0.7843137254901961,
        0.49999999999999983
      ],
      "vals": [
        0.25098039215686274,
        0.4,
        0.588235294117647
      ],
      "variance": 0.7066647322579801
    }
  ]
}