{
  "group_name": "extratic\\assets\\extratic\\textures\\items\\broadsword\\metallurgy3\\nether\\inolashite_sword_blade.png",
  "segment_dicts": [
    {
      "equivalent": false,
      "hues": [
        1.850371707708594e-17,
        0.055118110236220465,
        0.069281045751634
      ],
      "lightness": 0.7830936819172114,
      "sats": [
        1.0,
        0.900763358778626
      ],
      "vals": [
        0.5137254901960784,
        0.996078431372549,
        0.9999999999999999
      ],
      "variance": 0.1665987995708503
    }
  ]
}