{
  "group_name": "extratic\\assets\\extratic\\textures\\items\\frypan\\metallurgy3\\nether\\kalendrite_frypan_handle.png",
  "segment_dicts": [
    {
      "equivalent": false,
      "hues": [
        0.8250581846392553,
        0.826530612244898,
        0.8304093567251463
      ],
      "lightness": 0.9332068311195445,
      "sats": [
        0.8104265402843602,
        0.7237507018528916,
        0.1967871485943775
      ],
      "vals": [
        0.8274509803921568,
        0.9764705882352941,
        0.9977591036414566
      ],
      "variance": 0.037548427133058115
    }
  ]
}