{
  "group_name": "extratic\\assets\\extratic\\textures\\items\\bolt\\generic\\sapphire_bolt_shaft.png",
  "segment_dicts": [
    {
      "equivalent": false,
      "hues": [
        0.8163580246913581,
        0.8185840707964601,
        0.8194444444444445
      ],
      "lightness": 0.8315508021390374,
      "sats": [
        0.7635135135135136,
        0.6666666666666666,
        0.21697639377197392
      ],
      "vals": [
        0.5803921568627451,
        0.9176470588235294,
        0.9759803921568627
      ],
      "variance": 0.14567105918260745
    }
  ]
}