{
  "group_name": "extratic\\assets\\extratic\\textures\\items\\parts\\oodmod\\kroostyl_largeplate.png",
  "segment_dicts": [
    {
      "equivalent": false,
      "hues": [
        0.06569276001470044,
        0.07328990228013028,
        0.07407407407407396
      ],
      "lightness": 0.2548019207683073,
      "sats": [
        0.4736842105263158,
        0.46656534954407297,
        0.46293224448130676
      ],
      "vals": [
        0.14901960784313728,
        0.23458110516934044,
        0.2926984126984128
      ],
      "variance": 0.2071289902818331
    }
  ]
}