{
  "group_name": "extratic\\assets\\extratic\\textures\\items\\parts\\thermal\\signalum_large_sword_blade.png",
  "segment_dicts": [
    {
      "equivalent": false,
      "hues": [
        0.06683417085427139,
        0.07407407407407418,
        0.0747126436781609
      ],
      "lightness": 0.2269079939668175,
      "sats": [
        0.47368421052631576,
        0.47044917257683205,
        0.4677419354838709
      ],
      "vals": [
        0.14901960784313723,
        0.24313725490196078,
        0.29621848739495793
      ],
      "variance": 0.242790891442521
    }
  ]
}