{
  "group_name": "extratic\\assets\\extratic\\textures\\items\\parts\\bop\\mud_large_guard.png",
  "segment_dicts": [
    {
      "equivalent": true,
      "hues": [
        0.0625,
        0.07051282051282054,
        0.07407407407407406
      ],
      "lightness": 0.17882352941176471,
      "sats": [
        0.4736842105263159,
        0.4642857142857143,
        0.4444444444444444
      ],
      "vals": [
        0.14901960784313728,
        0.2196078431372549,
        0.2823529411764706
      ],
      "variance": 0.25899186997803225
    }
  ]
}