{
  "group_name": "extratic\\assets\\extratic\\textures\\items\\parts\\twilightforest\\knightmetal_toughrod.png",
  "segment_dicts": [
    {
      "equivalent": false,
      "hues": [
        0.07407407407407407
      ],
      "lightness": 0.14901960784313725,
      "sats": [
        0.47368421052631576
      ],
      "vals": [
        0.14901960784313725
      ],
      "variance": 0.21030874051851906
    },
    {
      "equivalent": false,
      "hues": [
        0.06634692246203037,
        0.06756756756756756,
        0.07051282051282054
      ],
      "lightness": 0.27766410912190964,
      "sats": [
        0.47359454855195904,
        0.4642857142857143,
        0.46249999999999997
      ],
      "vals": [
        0.2196078431372549,
        0.28774509803921566,
        0.3137254901960784
      ],
      "variance": 0.11287064121165837
    }
  ]
}