{
  "group_name": "extratic\\assets\\extratic\\textures\\items\\parts\\metallurgy3\\precious\\silver_sword_blade.png",
  "segment_dicts": [
    {
      "equivalent": false,
      "hues": [
        0.06756756756756756,
        0.07017543859649122,
        0.074074074074074
      ],
      "lightness": 0.23155929038281978,
      "sats": [
        0.5066666666666666,
        0.4736842105263158,
        0.46249999999999997
      ],
      "vals": [
        0.14901960784313728,
        0.29411764705882354,
        0.3137254901960784
      ],
      "variance": 0.20862330010067584
    },
    {
      "equivalent": false,
      "hues": [
        0.07407407407407407
      ],
      "lightness": 0.14901960784313725,
      "sats": [
        0.47368421052631576
      ],
      "vals": [
        0.14901960784313725
      ],
      "variance": 0.32417655654741606
    }
  ]
}