{
  "group_name": "extratic\\assets\\extratic\\textures\\items\\trident\\generic\\sapphire_trident_accessory.png",
  "segment_dicts": [
    {
      "equivalent": false,
      "hues": [
        0.018425460636515918,
        0.019331243469174492,
        0.02
      ],
      "lightness": 0.7265597147950089,
      "sats": [
        1.0,
        0.9264278799612778,
        0.7803921568627451
      ],
      "vals": [
        0.5882352941176471,
        0.8101960784313725,
        1.0
      ],
      "variance": 0.05008228901431973
    }
  ]
}