{
  "group_name": "extratic\\assets\\extratic\\textures\\items\\trident\\metallurgy3\\precious\\brass_trident_head.png",
  "segment_dicts": [
    {
      "equivalent": false,
      "hues": [
        0.01807228915662649,
        0.01977401129943503,
        0.019900497512437814
      ],
      "lightness": 0.4372549019607843,
      "sats": [
        1.0,
        0.903061224489796
      ],
      "vals": [
        0.26274509803921564,
        0.7686274509803923,
        0.9764705882352941
      ],
      "variance": 0.48806299070610665
    }
  ]
}