{
  "group_name": "extratic\\assets\\extratic\\textures\\items\\trident\\generic\\sapphire_trident_accessory.png",
  "segment_dicts": [
    {
      "equivalent": false,
      "hues": [
        0.11041666666666668,
        0.11051502145922747,
        0.1111111111111111
      ],
      "lightness": 0.5607843137254902,
      "sats": [
        1.0,
        0.9769392033542976
      ],
      "vals": [
        0.3137254901960784,
        0.6823529411764706,
        0.9352941176470588
      ],
      "variance": 0.12390748718865287
    }
  ]
}