{
  "group_name": "extrautils\\assets\\extrautils\\textures\\blocks\\pipes_supply.png",
  "segment_dicts": [
    {
      "equivalent": false,
      "hues": [
        0.0
      ],
      "lightness": 0.5294117647058822,
      "sats": [
        0.0
      ],
      "vals": [
        0.5294117647058824
      ],
      "variance": 0.44432766357340187
    },
    {
      "equivalent": false,
      "hues": [
        0.0
      ],
      "lightness": 0.65,
      "sats": [
        0.0
      ],
      "vals": [
        0.5294117647058824,
        0.6468409586056645,
        0.6892911010558069
      ],
      "variance": 0.3618958345846711
    }
  ]
}