{
  "group_name": "extratic\\assets\\extratic\\textures\\items\\hammer\\metallurgy3\\nether\\kalendrite_hammer_handle_broken.png",
  "segment_dicts": [
    {
      "equivalent": false,
      "hues": [
        0.5789473684210527,
        0.5880503144654088,
        0.5919085312225154
      ],
      "lightness": 0.5436601307189541,
      "sats": [
        0.5256588072122053,
        0.25480769230769235,
        0.07949790794979075
      ],
      "vals": [
        0.403921568627451,
        0.8156862745098039,
        0.9372549019607843
      ],
      "variance": 0.30534148810210754
    }
  ]
}