{
  "group_name": "extratic\\assets\\extratic\\textures\\items\\hammer\\metallurgy3\\nether\\kalendrite_hammer_handle_broken.png",
  "segment_dicts": [
    {
      "equivalent": false,
      "hues": [
        0.572463768115942,
        0.5729166666666666,
        0.5761448349307773
      ],
      "lightness": 0.45555555555555555,
      "sats": [
        0.32394366197183094,
        0.3047619047619048,
        0.19735182849936939
      ],
      "vals": [
        0.2784313725490196,
        0.4117647058823529,
        0.6910675381263616
      ],
      "variance": 0.40443596578317675
    }
  ]
}