{
  "group_name": "extratic\\assets\\extratic\\textures\\items\\hammer\\generic\\amethyst_hammer_handle.png",
  "segment_dicts": [
    {
      "equivalent": false,
      "hues": [
        0.5119047619047619,
        0.5122222222222222,
        0.5136612021857924
      ],
      "lightness": 0.8718207282913165,
      "sats": [
        0.9433962264150944,
        0.36599999999999994,
        0.110236220472441
      ],
      "vals": [
        0.623529411764706,
        0.9803921568627451,
        0.996078431372549
      ],
      "variance": 0.08741749822056234
    }
  ]
}