{
  "group_name": "extratic\\assets\\extratic\\textures\\items\\hammer\\generic\\amethyst_hammer_handle.png",
  "segment_dicts": [
    {
      "equivalent": false,
      "hues": [
        0.07894736842105261,
        0.07925072046109512,
        0.08006535947712418
      ],
      "lightness": 0.7318767507002801,
      "sats": [
        0.8793103448275863,
        0.8381642512077295,
        0.3909465020576131
      ],
      "vals": [
        0.4549019607843138,
        0.8117647058823529,
        0.9529411764705882
      ],
      "variance": 0.1631686830550515
    }
  ]
}