{
  "group_name": "extratic\\assets\\extratic\\textures\\items\\hammer\\generic\\amethyst_hammer_handle.png",
  "segment_dicts": [
    {
      "equivalent": false,
      "hues": [
        0.3173758865248227,
        0.3186274509803921,
        0.32051282051282043
      ],
      "lightness": 0.5161904761904762,
      "sats": [
        0.3376623376623378,
        0.33451957295373663,
        0.17989417989418
      ],
      "vals": [
        0.3019607843137255,
        0.5509803921568628,
        0.7411764705882353
      ],
      "variance": 0.34319387829685755
    }
  ]
}