{
  "group_name": "extratic\\assets\\extratic\\textures\\items\\cutlass\\natura\\netherquartz_cutlass_handle.png",
  "segment_dicts": [
    {
      "equivalent": false,
      "hues": [
        0.0
      ],
      "lightness": 0.0995475113122172,
      "sats": [
        0.0
      ],
      "vals": [
        0.047058823529411764,
        0.18823529411764706,
        0.4470588235294118
      ],
      "variance": 1.745093807960121
    }
  ]
}