{
  "group_name": "extratic\\assets\\extratic\\textures\\items\\throwingknife\\aoa\\jade_knife_blade.png",
  "segment_dicts": [
    {
      "equivalent": false,
      "hues": [
        0.0
      ],
      "lightness": 0.5899569583931134,
      "sats": [
        1.0,
        0.9411764705882353
      ],
      "vals": [
        0.43733333333333335,
        0.7254901960784313,
        1.0
      ],
      "variance": 0.15422561858533249
    }
  ]
}