{
  "group_name": "forestry\\assets\\forestry\\textures\\items\\slots\\locked.png",
  "segment_dicts": [
    {
      "equivalent": true,
      "hues": [
        0.12244395171224441,
        0.12248995983935744,
        0.12282635317168751
      ],
      "lightness": 0.3469019607843137,
      "sats": [
        0.7652714932126696,
        0.7633202467750981,
        0.7614678899082568
      ],
      "vals": [
        0.23908045977011494,
        0.42745098039215684,
        0.5378582202111614
      ],
      "variance": 0.4330721099803403
    }
  ]
}