{
  "group_name": "extratic\\assets\\extratic\\textures\\items\\frypan\\metallurgy3\\precious\\brass_frypan_head.png",
  "segment_dicts": [
    {
      "equivalent": false,
      "hues": [
        0.0
      ],
      "lightness": 0.7052665694376924,
      "sats": [
        1.0,
        0.9411764705882353,
        0.5098039215686274
      ],
      "vals": [
        0.548572846860263,
        1.0
      ],
      "variance": 0.3133973594497746
    }
  ]
}