{
  "group_name": "extratic\\assets\\extratic\\textures\\items\\parts\\oodmod\\kroostyl_largeplate.png",
  "segment_dicts": [
    {
      "equivalent": false,
      "hues": [
        0.09999999999999998,
        0.10498664809009627,
        0.11178861788617885
      ],
      "lightness": 0.5522208883553421,
      "sats": [
        0.5157232704402516,
        0.5066172578083643,
        0.487012987012987
      ],
      "vals": [
        0.44006988934187546,
        0.623529411764706,
        0.7247058823529411
      ],
      "variance": 0.4657770132427063
    }
  ]
}