{
  "group_name": "extratic\\assets\\extratic\\textures\\items\\lumberaxe\\ae\\certus_quartz_lumberaxe_shield.png",
  "segment_dicts": [
    {
      "equivalent": false,
      "hues": [
        0.3493589743589743,
        0.3494623655913978
      ],
      "lightness": 0.23137254901960788,
      "sats": [
        1.0
      ],
      "vals": [
        0.20392156862745098,
        0.24313725490196078
      ],
      "variance": 0.8891289039417282
    },
    {
      "equivalent": false,
      "hues": [
        0.35042735042735046
      ],
      "lightness": 0.15294117647058825,
      "sats": [
        1.0
      ],
      "vals": [
        0.15294117647058825
      ],
      "variance": 1.3450924444246657
    }
  ]
}