{
  "group_name": "biomesoplenty\\assets\\biomesoplenty\\textures\\items\\bucket_poison.png",
  "segment_dicts": [
    {
      "equivalent": false,
      "hues": [
        0.0,
        0.16666666666666666
      ],
      "lightness": 0.428095621810368,
      "sats": [
        0.009544586855740392,
        1.1902940901139702e-16,
        0.0
      ],
      "vals": [
        0.23318250377073896,
        0.5752156862745098,
        0.8640522875816994
      ],
      "variance": 0.7033944820199015
    },
    {
      "equivalent": false,
      "hues": [
        0.0
      ],
      "lightness": 0.7000933706816059,
      "sats": [
        0.0
      ],
      "vals": [
        0.29934640522875816,
        0.5882352941176471,
        0.8798319327731092
      ],
      "variance": 0.4301141972893174
    },
    {
      "equivalent": false,
      "hues": [
        0.0,
        0.16666666666666666
      ],
      "lightness": 0.549365628604383,
      "sats": [
        0.18836009174311932,
        0.15512465373961218,
        0.0
      ],
      "vals": [
        0.5260935143288085,
        0.6067226890756303,
        0.7529411764705882
      ],
      "variance": 0.5481232943590986
    }
  ]
}