{
  "group_name": "thermalfoundation\\assets\\thermalfoundation\\textures\\items\\armor\\copper\\CopperLegs.png",
  "segment_dicts": [
    {
      "equivalent": false,
      "hues": [
        0.0
      ],
      "lightness": 0.16663165266106442,
      "sats": [
        0.0
      ],
      "vals": [
        0.0,
        0.14901960784313725,
        0.4722327640733712
      ],
      "variance": 0.9538787742098129
    }
  ]
}