{
  "group_name": "enderio\\assets\\enderio\\textures\\items\\old\\ingotLead.png",
  "segment_dicts": [
    {
      "equivalent": false,
      "hues": [
        0.3720769557823129,
        0.3721534875381029,
        0.37240100648920665
      ],
      "lightness": 0.38229352346999407,
      "sats": [
        0.6034250529151435,
        0.5712664548343168,
        0.5693721286370598
      ],
      "vals": [
        0.23997821350762538,
        0.41302972802024035,
        0.7027721433400947
      ],
      "variance": 0.6182947563159273
    }
  ]
}