{
  "group_name": "enderio\\assets\\enderio\\textures\\items\\pulsatingCrystal.png",
  "segment_dicts": [
    {
      "equivalent": true,
      "hues": [
        0.4265700483091788,
        0.4478100969575393,
        0.48509073736760433
      ],
      "lightness": 0.7471044231646147,
      "sats": [
        0.8874844222894783,
        0.7232704402515723,
        0.6251265182186235
      ],
      "vals": [
        0.4316742081447963,
        0.7595672751859365,
        0.9998734977862115
      ],
      "variance": 0.3930177866115638
    }
  ]
}