{
  "group_name": "extratic\\assets\\extratic\\textures\\items\\shovel\\natura\\darkwood_shovel_head.png",
  "segment_dicts": [
    {
      "equivalent": false,
      "hues": [
        0.7480176211453745,
        0.7527777777777778,
        0.7570921985815603
      ],
      "lightness": 0.5132026143790849,
      "sats": [
        1.0,
        0.994475138121547,
        0.40343347639484983
      ],
      "vals": [
        0.4046345811051693,
        0.7098039215686275,
        0.9137254901960784
      ],
      "variance": 0.3298519187949134
    }
  ]
}