{
  "group_name": "extratic\\assets\\extratic\\textures\\items\\frypan\\metallurgy3\\precious\\brass_frypan_head_broken.png",
  "segment_dicts": [
    {
      "equivalent": false,
      "hues": [
        0.583283102270444,
        0.5833333333333334,
        0.584232466895537
      ],
      "lightness": 0.4486928104575163,
      "sats": [
        1.0,
        0.9898568019093078
      ],
      "vals": [
        0.2621665059466408,
        0.5254901960784314,
        0.7105458399576046
      ],
      "variance": 0.6877033843021779
    }
  ]
}