{
  "group_name": "extratic\\assets\\extratic\\textures\\items\\rapier\\natura\\netherquartz_rapier_accessory.png",
  "segment_dicts": [
    {
      "equivalent": false,
      "hues": [
        0.12017167381974254,
        0.12028985507246377,
        0.1209677419354838
      ],
      "lightness": 0.5329411764705883,
      "sats": [
        0.6216216216216216,
        0.62,
        0.205648720211827
      ],
      "vals": [
        0.3921568627450981,
        0.7254901960784313,
        0.8886274509803921
      ],
      "variance": 0.26152665154630167
    }
  ]
}