{
  "group_name": "extratic\\assets\\extratic\\textures\\items\\battleaxe\\oodmod\\kroostyl_battleaxe_backhead.png",
  "segment_dicts": [
    {
      "equivalent": false,
      "hues": [
        0.34942363112391933,
        0.34974747474747475,
        0.3501529051987768
      ],
      "lightness": 0.3039941902687001,
      "sats": [
        1.0,
        0.8859060402684564
      ],
      "vals": [
        0.17098039215686273,
        0.3887955182072829,
        0.5843137254901961
      ],
      "variance": 0.725006485629959
    }
  ]
}