{
  "group_name": "extratic\\assets\\extratic\\textures\\items\\trident\\generic\\sapphire_trident_accessory.png",
  "segment_dicts": [
    {
      "equivalent": false,
      "hues": [
        0.27937649880095927,
        0.2861491628614916,
        0.29191321499013806
      ],
      "lightness": 0.746524064171123,
      "sats": [
        1.0,
        0.8751248751248751,
        0.560483870967742
      ],
      "vals": [
        0.6627450980392157,
        0.7850980392156863,
        0.9725490196078431
      ],
      "variance": 0.07173798176380304
    }
  ]
}