{
  "group_name": "twilightforest\\assets\\twilightforest\\textures\\blocks\\fireflyjar_cork.png",
  "segment_dicts": [
    {
      "equivalent": true,
      "hues": [
        0.06896143837236814,
        0.0794455713319811,
        0.09658781946710167
      ],
      "lightness": 0.4467320261437908,
      "sats": [
        0.45264906774967695,
        0.36654275092936794,
        0.33756588404408244
      ],
      "vals": [
        0.2397504456327986,
        0.4307533539731682,
        0.590087145969499
      ],
      "variance": 0.5208121547309501
    }
  ]
}