{
  "group_name": "twilightforest\\assets\\twilightforest\\textures\\blocks\\sapling_oak.png",
  "segment_dicts": [
    {
      "equivalent": false,
      "hues": [
        0.07675213675213677,
        0.11163522012578618,
        0.13095238095238096
      ],
      "lightness": 0.4141886586323444,
      "sats": [
        0.4588744588744588,
        0.3223140495867769,
        0.3134328358208955
      ],
      "vals": [
        0.22647058823529412,
        0.28295625942684766,
        0.439360929557008
      ],
      "variance": 0.6053966031042245
    },
    {
      "equivalent": false,
      "hues": [
        0.1375924509053813,
        0.2864942528735632,
        0.46341124095715086
      ],
      "lightness": 0.5952941176470588,
      "sats": [
        0.5998998497746619,
        0.5767872903795235,
        0.40082930200414646
      ],
      "vals": [
        0.354656862745098,
        0.6835595776772248,
        0.7119429590017825
      ],
      "variance": 0.42121767971001794
    }
  ]
}