{
  "group_name": "ic2\\assets\\ic2\\textures\\items\\resources\\itemwoodrotorblade.png",
  "segment_dicts": [
    {
      "equivalent": false,
      "hues": [
        0.07327090520781993,
        0.07500000000000001,
        0.08361774744027291
      ],
      "lightness": 0.4495098039215686,
      "sats": [
        0.5689320388349514,
        0.5357142857142857,
        0.4959667562943045
      ],
      "vals": [
        0.12622549019607848,
        0.4392156862745098,
        0.6684640522875817
      ],
      "variance": 0.5892562939294927
    }
  ]
}