{
  "group_name": "thermalexpansion\\assets\\thermalexpansion\\textures\\blocks\\cell\\Cell_Meter_0.png",
  "segment_dicts": [
    {
      "equivalent": false,
      "hues": [
        0.5,
        0.5794573643410846,
        0.021115965356020523
      ],
      "lightness": 0.4004901960784314,
      "sats": [
        0.9011603812681309,
        0.06880000000000051,
        0.006550218340611331
      ],
      "vals": [
        0.14854426619132502,
        0.25658263305322127,
        0.788562091503268
      ],
      "variance": 0.7516978565122804
    }
  ]
}