{
  "group_name": "extratic\\assets\\extratic\\textures\\items\\rapier\\natura\\netherquartz_rapier_accessory.png",
  "segment_dicts": [
    {
      "equivalent": false,
      "hues": [
        0.0859649122807018,
        0.09923664122137404,
        0.10882800608828007
      ],
      "lightness": 0.6090196078431372,
      "sats": [
        0.7987804878048781,
        0.7364341085271319,
        0.5783450704225351
      ],
      "vals": [
        0.5058823529411764,
        0.6431372549019608,
        0.8909803921568626
      ],
      "variance": 0.1453392527179694
    }
  ]
}