{
  "group_name": "thermalfoundation\\assets\\thermalfoundation\\textures\\items\\tool\\copper\\CopperAxe.png",
  "segment_dicts": [
    {
      "equivalent": false,
      "hues": [
        0.0,
        0.056809905316824484,
        0.1084010840108401
      ],
      "lightness": 0.4072549019607843,
      "sats": [
        0.7885357885357885,
        0.750683433570257,
        0.7130434782608696
      ],
      "vals": [
        0.22414215686274508,
        0.45098039215686275,
        0.6949432404540765
      ],
      "variance": 1.1025486358552132
    }
  ]
}