{
  "group_name": "minecraft\\assets\\minecraft\\textures\\items\\iron_shovel.png",
  "segment_dicts": [
    {
      "equivalent": false,
      "hues": [
        0.6666666666666666
      ],
      "lightness": 0.19215686274509808,
      "sats": [
        0.7142857142857143
      ],
      "vals": [
        0.19215686274509805
      ],
      "variance": 2.3469492589653798
    },
    {
      "equivalent": false,
      "hues": [
        0.6666666666666666
      ],
      "lightness": 0.5038363171355499,
      "sats": [
        0.7237569060773481,
        0.7216494845360825,
        0.7142857142857142
      ],
      "vals": [
        0.19215686274509797,
        0.5705882352941176,
        0.7098039215686275
      ],
      "variance": 0.8950970608642922
    },
    {
      "equivalent": false,
      "hues": [
        0.10576923076923078,
        0.10867293625914316,
        0.10919540229885057
      ],
      "lightness": 0.2996078431372549,
      "sats": [
        0.7249999999999999,
        0.7144456886898096,
        0.7123287671232877
      ],
      "vals": [
        0.15686274509803919,
        0.28627450980392155,
        0.5002801120448179
      ],
      "variance": 1.5052423257762255
    }
  ]
}