{
  "group_name": "projectred\\assets\\projectred\\textures\\items\\gemtools\\sicklediamond.png",
  "segment_dicts": [
    {
      "equivalent": false,
      "hues": [
        0.0
      ],
      "lightness": 0.392684766214178,
      "sats": [
        0.8,
        0.7976639035418237,
        0.791311754684838
      ],
      "vals": [
        0.2630812324929972,
        0.6504901960784314,
        0.803921568627451
      ],
      "variance": 0.7331197650573598
    },
    {
      "equivalent": false,
      "hues": [
        0.10576923076923078,
        0.10840108401084014,
        0.10919540229885057
      ],
      "lightness": 0.3198879551820728,
      "sats": [
        0.725,
        0.7130434782608696,
        0.7123287671232877
      ],
      "vals": [
        0.1568627450980392,
        0.28627450980392155,
        0.4509803921568627
      ],
      "variance": 0.8999556216009602
    }
  ]
}