{
  "group_name": "logisticspipes\\assets\\logisticspipes\\textures\\blocks\\pipes\\status_overlay\\powered_powered.png",
  "segment_dicts": [
    {
      "equivalent": false,
      "hues": [
        0.0
      ],
      "lightness": 0.6705882352941176,
      "sats": [
        0.0
      ],
      "vals": [
        0.6705882352941176
      ],
      "variance": 0.495836086812432
    },
    {
      "equivalent": false,
      "hues": [
        0.0
      ],
      "lightness": 0.0,
      "sats": [
        0.0
      ],
      "vals": [
        0.0
      ],
      "variance": Infinity
    },
    {
      "equivalent": false,
      "hues": [
        0.08218125960061444
      ],
      "lightness": 0.8509803921568627,
      "sats": [
        1.0
      ],
      "vals": [
        0.8509803921568627
      ],
      "variance": 0.39072797624389805
    }
  ]
}