{
  "group_name": "extratic\\assets\\extratic\\textures\\items\\frypan\\metallurgy3\\nether\\kalendrite_frypan_handle.png",
  "segment_dicts": [
    {
      "equivalent": false,
      "hues": [
        0.657894736842105,
        0.6610845295055819,
        0.6625
      ],
      "lightness": 0.6234029095509172,
      "sats": [
        0.1826923076923081,
        0.17924528301886797,
        0.165289256198347
      ],
      "vals": [
        0.40784313725490207,
        0.6532212885154062,
        0.9490196078431372
      ],
      "variance": 0.16596748578556342
    }
  ]
}