{
  "group_name": "extratic\\assets\\extratic\\textures\\items\\broadsword\\natura\\netherquartz_sword_accessory.png",
  "segment_dicts": [
    {
      "equivalent": false,
      "hues": [
        0.6666666666666666,
        0.6777777777777777,
        0.7192982456140351
      ],
      "lightness": 0.10326797385620914,
      "sats": [
        0.4871794871794872,
        0.4545454545454546,
        0.2608695652173913
      ],
      "vals": [
        0.09019607843137255,
        0.12941176470588237,
        0.15294117647058825
      ],
      "variance": 1.5250212494254696
    }
  ]
}