{
  "group_name": "extratic\\assets\\extratic\\textures\\items\\rapier\\metallurgy3\\nether\\kalendrite_rapier_handle.png",
  "segment_dicts": [
    {
      "equivalent": false,
      "hues": [
        0.9952516619183286,
        0.996078431372549,
        0.016666666666666663
      ],
      "lightness": 0.6204334365325077,
      "sats": [
        1.0,
        0.9128738621586476,
        0.748898678414097
      ],
      "vals": [
        0.31372549019607837,
        0.753921568627451,
        0.8901960784313725
      ],
      "variance": 0.13908775649050742
    }
  ]
}