{
  "group_name": "extratic\\assets\\extratic\\textures\\items\\battlesign\\natura\\netherquartz_battlesign_head_broken.png",
  "segment_dicts": [
    {
      "equivalent": false,
      "hues": [
        0.01928838951310861,
        0.019461077844311375,
        0.16666666666666666
      ],
      "lightness": 0.28562691131498474,
      "sats": [
        0.8542199488491049,
        0.8484270734032412,
        2.359223927328457e-16
      ],
      "vals": [
        0.05882352941176472,
        0.34074074074074073,
        0.5142156862745098
      ],
      "variance": 0.44154090746057767
    }
  ]
}