{
  "group_name": "extratic\\assets\\extratic\\textures\\items\\battlesign\\natura\\netherquartz_battlesign_head_broken.png",
  "segment_dicts": [
    {
      "equivalent": true,
      "hues": [
        0.060606060606060795,
        0.06111111111111067,
        0.07805907172995735
      ],
      "lightness": 0.6208670624212987,
      "sats": [
        0.3225806451612898,
        0.16058394160583947,
        0.08856502242152484
      ],
      "vals": [
        0.36470588235294116,
        0.5372549019607843,
        0.8745098039215689
      ],
      "variance": 0.390373826294697
    }
  ]
}