{
  "group_name": "extratic\\assets\\extratic\\textures\\items\\dagger\\metallurgy3\\fantasy\\astral_silver_dagger_blade_broken.png",
  "segment_dicts": [
    {
      "equivalent": false,
      "hues": [
        0.0
      ],
      "lightness": 0.18823529411764706,
      "sats": [
        0.0
      ],
      "vals": [
        0.047058823529411764,
        0.24705882352941178,
        0.6000000000000001
      ],
      "variance": 1.2828210642223257
    }
  ]
}