{
  "group_name": "extratic\\assets\\extratic\\textures\\items\\parts\\natura\\netherquartz_battlesign_head.png",
  "segment_dicts": [
    {
      "equivalent": false,
      "hues": [
        0.01302083333333448,
        0.10071556350626117,
        0.15923566878980888
      ],
      "lightness": 0.26468912351265295,
      "sats": [
        0.8565737051792829,
        0.39475713184271377,
        0.3081452404317959
      ],
      "vals": [
        0.10596405228758154,
        0.9843137254901961,
        0.9990196078431373
      ],
      "variance": 1.0082934582407177
    }
  ]
}