{
  "group_name": "extratic\\assets\\extratic\\textures\\items\\parts\\bop\\mud_binding.png",
  "segment_dicts": [
    {
      "equivalent": false,
      "hues": [
        0.013257575757575616,
        0.0984011627906977,
        0.15923566878980894
      ],
      "lightness": 0.7350000000000001,
      "sats": [
        0.8565737051792828,
        0.4180522565320666,
        0.3081452404317959
      ],
      "vals": [
        0.1375816993464053,
        0.9843137254901959,
        0.9990196078431373
      ],
      "variance": 0.4203411409826701
    }
  ]
}