{
  "group_name": "extratic\\assets\\extratic\\textures\\items\\parts\\aoa\\crystalitestone_crossbow_body.png",
  "segment_dicts": [
    {
      "equivalent": false,
      "hues": [
        0.009132420091324386,
        0.06862745098039218,
        0.1444444444444445
      ],
      "lightness": 0.45603715170278636,
      "sats": [
        0.4784240150093807,
        0.3207547169811321,
        0.09803043867502256
      ],
      "vals": [
        0.20784313725490197,
        0.41718020541549955,
        0.5225490196078431
      ],
      "variance": 0.22630405176084514
    }
  ]
}