{
  "group_name": "extratic\\assets\\extratic\\textures\\items\\parts\\oodmod\\kroostyl_largeplate.png",
  "segment_dicts": [
    {
      "equivalent": false,
      "hues": [
        0.9999999999999996,
        0.06862745098039198,
        0.13589562210170572
      ],
      "lightness": 0.44809923969587834,
      "sats": [
        0.32075471698113256,
        0.31765410830649377,
        0.08823529411764676
      ],
      "vals": [
        0.20784313725490203,
        0.4552770673486785,
        0.5333333333333332
      ],
      "variance": 0.5654369532429798
    }
  ]
}