{
  "group_name": "extratic\\assets\\extratic\\textures\\items\\parts\\bop\\mud_arrowhead.png",
  "segment_dicts": [
    {
      "equivalent": false,
      "hues": [
        2.220446049250313e-16,
        0.06862745098039201,
        0.15176322418136026
      ],
      "lightness": 0.34194165471066473,
      "sats": [
        0.49408836341008083,
        0.32075471698113217,
        0.09053497942386834
      ],
      "vals": [
        0.20784313725490203,
        0.4764705882352941,
        0.5251633986928104
      ],
      "variance": 0.7286072311177186
    }
  ]
}