{
  "group_name": "extratic\\assets\\extratic\\textures\\items\\parts\\oodmod\\kroostyl_largeplate.png",
  "segment_dicts": [
    {
      "equivalent": false,
      "hues": [
        0.23525539757767225,
        0.24136321195144692,
        0.24509803921568643
      ],
      "lightness": 0.595018007202881,
      "sats": [
        0.18994413407821223,
        0.18668293533205538,
        0.1540895813047718
      ],
      "vals": [
        0.35406162464986013,
        0.7019607843137255,
        0.9182873149259705
      ],
      "variance": 0.4672878282184941
    }
  ]
}