{
  "group_name": "extratic\\assets\\extratic\\textures\\items\\bolt\\generic\\sapphire_bolt_head.png",
  "segment_dicts": [
    {
      "equivalent": false,
      "hues": [
        0.23958333333333318,
        0.2411764705882352,
        0.24269005847953218
      ],
      "lightness": 0.7886710239651415,
      "sats": [
        0.18780889621087304,
        0.1797752808988764,
        0.16765285996055235
      ],
      "vals": [
        0.34901960784313724,
        0.7934640522875817,
        0.9941176470588236
      ],
      "variance": 0.06518464496664678
    }
  ]
}