{
  "group_name": "railcraft\\assets\\railcraft\\textures\\items\\borehead.iron.png",
  "segment_dicts": [
    {
      "equivalent": false,
      "hues": [
        0.4710144927536232,
        0.4711538461538462
      ],
      "lightness": 0.8509803921568628,
      "sats": [
        0.7839195979899498,
        0.7829787234042552
      ],
      "vals": [
        0.7803921568627451,
        0.9215686274509803
      ],
      "variance": 0.3011271754496534
    },
    {
      "equivalent": false,
      "hues": [
        0.4711538461538462
      ],
      "lightness": 0.7803921568627451,
      "sats": [
        0.7839195979899498
      ],
      "vals": [
        0.7803921568627451
      ],
      "variance": 0.3283648094099236
    },
    {
      "equivalent": false,
      "hues": [
        0.4710144927536232
      ],
      "lightness": 0.9215686274509803,
      "sats": [
        0.7829787234042552
      ],
      "vals": [
        0.9215686274509803
      ],
      "variance": 0.27806211520244595
    },
    {
      "equivalent": false,
      "hues": [
        0.5795454545454546,
        0.5801282051282052,
        0.5817239687076009
      ],
      "lightness": 0.563168449197861,
      "sats": [
        1.0
      ],
      "vals": [
        0.5176470588235293,
        0.5660294117647059,
        0.611764705882353
      ],
      "variance": 0.4550207353025979
    }
  ]
}