{
  "group_name": "railcraft\\assets\\railcraft\\textures\\items\\cart.energy.batbox.png",
  "segment_dicts": [
    {
      "equivalent": false,
      "hues": [
        0.5,
        0.5087719298245612,
        0.5833333333333336
      ],
      "lightness": 0.11639928698752229,
      "sats": [
        0.04702970297029682,
        0.04444444444444444,
        0.02941176470588225
      ],
      "vals": [
        0.08801742919389977,
        0.17647058823529413,
        0.26666666666666666
      ],
      "variance": 1.7772143569326706
    },
    {
      "equivalent": false,
      "hues": [
        0.5808080808080814,
        0.6062271062271063,
        0.6111111111111113
      ],
      "lightness": 0.3976597090449083,
      "sats": [
        0.07100591715976323,
        0.06431095406360439,
        0.047826086956521165
      ],
      "vals": [
        0.12885154061624643,
        0.5044563279857398,
        0.6627450980392157
      ],
      "variance": 0.5202098157437143
    },
    {
      "equivalent": false,
      "hues": [
        0.13237311385459533,
        0.37981407702523245,
        0.6728583545377439
      ],
      "lightness": 0.21706412294647592,
      "sats": [
        0.9642857142857143,
        0.9354037267080745,
        0.6478733926805146
      ],
      "vals": [
        0.1802139037433155,
        0.4509803921568627,
        0.9882352941176471
      ],
      "variance": 0.9530201544267191
    },
    {
      "equivalent": false,
      "hues": [
        0.13237311385459533
      ],
      "lightness": 0.9882352941176471,
      "sats": [
        0.9642857142857143
      ],
      "vals": [
        0.9882352941176471
      ],
      "variance": 0.20932918020870023
    }
  ]
}