{
  "group_name": "tinker\\assets\\tinker\\textures\\blocks\\glass\\stainedglass_lightgray_side.png",
  "segment_dicts": [
    {
      "equivalent": false,
      "hues": [
        0.0,
        0.07281553398058253
      ],
      "lightness": 0.6063725490196078,
      "sats": [
        0.6688311688311688,
        0.0
      ],
      "vals": [
        0.6039215686274509,
        0.6431372549019608
      ],
      "variance": 0.3402684760218295
    },
    {
      "equivalent": false,
      "hues": [
        0.0,
        0.07281553398058253
      ],
      "lightness": 0.640686274509804,
      "sats": [
        0.6688311688311688,
        0.0
      ],
      "vals": [
        0.6039215686274509,
        0.6431372549019608
      ],
      "variance": 0.3220444566480513
    }
  ]
}