{
  "group_name": "extratic\\assets\\extratic\\textures\\items\\axe\\natura\\ghostwood_axe_handle.png",
  "segment_dicts": [
    {
      "equivalent": false,
      "hues": [
        0.09956709956709957,
        0.10036496350364965,
        0.10082304526748971
      ],
      "lightness": 0.6549019607843138,
      "sats": [
        0.801980198019802,
        0.7639405204460967,
        0.326271186440678
      ],
      "vals": [
        0.396078431372549,
        0.7672014260249554,
        0.9254901960784314
      ],
      "variance": 0.19046092203457288
    }
  ]
}