{
  "group_name": "extratic\\assets\\extratic\\textures\\items\\axe\\natura\\ghostwood_axe_handle.png",
  "segment_dicts": [
    {
      "equivalent": false,
      "hues": [
        0.11996206733048832,
        0.12028985507246376,
        0.1269841269841271
      ],
      "lightness": 0.8174962292609351,
      "sats": [
        0.6216216216216215,
        0.29725158562367865,
        0.08713692946058084
      ],
      "vals": [
        0.7254901960784313,
        0.8431372549019608,
        0.9450980392156862
      ],
      "variance": 0.07472859002973574
    }
  ]
}