{
  "group_name": "production\\assets\\production\\textures\\items\\storage.png",
  "segment_dicts": [
    {
      "equivalent": false,
      "hues": [
        0.5,
        0.6112994350282485,
        0.0
      ],
      "lightness": 0.4116046418567426,
      "sats": [
        0.6644144144144145,
        0.00012950012950005023,
        0.0
      ],
      "vals": [
        0.3129785247432306,
        0.42651201325600663,
        0.5803921568627451
      ],
      "variance": 0.6057356901079447
    },
    {
      "equivalent": false,
      "hues": [
        0.6121196624904117,
        0.6122962192160943,
        0.612647825215474
      ],
      "lightness": 0.47121401752190234,
      "sats": [
        0.69932716568545,
        0.6869840154575795,
        0.5961538461538461
      ],
      "vals": [
        0.35867269984917044,
        0.48533674339300936,
        0.5746880570409982
      ],
      "variance": 0.5291090937784734
    }
  ]
}