{
  "group_name": "tinker\\assets\\tinker\\textures\\blocks\\glass\\stained\\light_gray\\glass_3_r.png",
  "segment_dicts": [
    {
      "equivalent": false,
      "hues": [
        0.0
      ],
      "lightness": 0.7199099387410933,
      "sats": [
        0.9426229508196722,
        0.7473684210526316
      ],
      "vals": [
        0.47843137254901963,
        0.7450980392156863
      ],
      "variance": 0.08966360785304393
    }
  ]
}