{
  "group_name": "natura\\assets\\natura\\textures\\blocks\\blueberry_fancy.png",
  "segment_dicts": [
    {
      "equivalent": false,
      "hues": [
        0.22565665360615297,
        0.2704277817832252,
        0.32362459546925565
      ],
      "lightness": 0.5611622962437988,
      "sats": [
        0.9693619176232271,
        0.4253296534805275,
        0.22956909361069833
      ],
      "vals": [
        0.544180225281602,
        0.5597921096149303,
        0.5864923747276688
      ],
      "variance": 0.356821029380925
    }
  ]
}