{
  "group_name": "natura\\assets\\natura\\textures\\blocks\\blueberry_fancy.png",
  "segment_dicts": [
    {
      "equivalent": false,
      "hues": [
        0.913781258587524,
        0.9586114819759679,
        0.018595041322314005
      ],
      "lightness": 0.6772501771793055,
      "sats": [
        0.7748941946817858,
        0.307313570622628,
        0.15134459036898046
      ],
      "vals": [
        0.6591615956727519,
        0.6820806100217865,
        0.6967320261437908
      ],
      "variance": 0.3210315042212017
    }
  ]
}