{
  "group_name": "natura\\assets\\natura\\textures\\blocks\\hopseed_ladder.png",
  "segment_dicts": [
    {
      "equivalent": false,
      "hues": [
        0.019108669108669096,
        0.019605522682445736,
        0.019615969056499538
      ],
      "lightness": 0.4288515406162465,
      "sats": [
        0.8518145161290323,
        0.8514467184191955,
        0.8425925925925928
      ],
      "vals": [
        0.22689075630252112,
        0.42284739982949704,
        0.5849329205366356
      ],
      "variance": 0.4640782309220862
    }
  ]
}