{
  "group_name": "minecraft\\assets\\minecraft\\textures\\blocks\\door_wood_upper.png",
  "segment_dicts": [
    {
      "equivalent": false,
      "hues": [
        0.0
      ],
      "lightness": 0.7137254901960784,
      "sats": [
        0.0
      ],
      "vals": [
        0.6470588235294118,
        0.8470588235294118
      ],
      "variance": 0.44098216211065183
    },
    {
      "equivalent": false,
      "hues": [
        0.0
      ],
      "lightness": 0.790416068866571,
      "sats": [
        0.0
      ],
      "vals": [
        0.7122837370242214,
        0.7943775100401607,
        0.8827160493827161
      ],
      "variance": 0.39819561142206783
    }
  ]
}