{
  "group_name": "minecraft\\assets\\minecraft\\textures\\blocks\\leaves_birch.png",
  "segment_dicts": [
    {
      "equivalent": false,
      "hues": [
        0.6119957537154989,
        0.6121231155778895,
        0.6122144340602285
      ],
      "lightness": 0.656470588235294,
      "sats": [
        0.3419548053362376,
        0.2454362993405332,
        0.13478960291253922
      ],
      "vals": [
        0.4115406162464986,
        0.6617963314358001,
        0.798580121703854
      ],
      "variance": 0.5210112367538229
    }
  ]
}