{
  "group_name": "natura\\assets\\natura\\textures\\blocks\\willow_window.png",
  "segment_dicts": [
    {
      "equivalent": false,
      "hues": [
        0.5241935483870969,
        0.0
      ],
      "lightness": 0.996078431372549,
      "sats": [
        0.2440944881889764,
        0.0
      ],
      "vals": [
        0.996078431372549
      ],
      "variance": 0.3531861433013419
    },
    {
      "equivalent": false,
      "hues": [
        0.10358688930117498,
        0.10394126738794439,
        0.5241935483870966
      ],
      "lightness": 0.6101201771030993,
      "sats": [
        0.5066562255285826,
        0.4911907654921021,
        0.1220472440944882
      ],
      "vals": [
        0.435464620630861,
        0.6978272390037097,
        0.996078431372549
      ],
      "variance": 0.5766095153130347
    }
  ]
}