{
  "group_name": "natura\\assets\\natura\\textures\\blocks\\raspberry_ripe_fancy.png",
  "segment_dicts": [
    {
      "equivalent": true,
      "hues": [
        0.23571428571428577,
        0.2984775641025641,
        0.32102908277404923
      ],
      "lightness": 0.683249299719888,
      "sats": [
        0.41791044776119407,
        0.22596414991852254,
        0.1519632840387557
      ],
      "vals": [
        0.6563279857397505,
        0.6568627450980392,
        0.699108734402852
      ],
      "variance": 0.49410997524989014
    },
    {
      "equivalent": true,
      "hues": [
        0.9758333333333333,
        0.9872222222222222,
        0.9933333333333333
      ],
      "lightness": 0.8499999999999999,
      "sats": [
        0.9943181818181819,
        0.8658008658008658,
        0.6521739130434783
      ],
      "vals": [
        0.6901960784313725,
        0.9019607843137254,
        0.9058823529411765
      ],
      "variance": 0.39717681714599845
    },
    {
      "equivalent": true,
      "hues": [
        0.2147722435078757,
        0.21550717384050722,
        0.25819672131147536
      ],
      "lightness": 0.6862222222222223,
      "sats": [
        0.8017656500802569,
        0.7695331695331695,
        0.2997542997542998
      ],
      "vals": [
        0.6515032679738563,
        0.6650326797385621,
        0.7254901960784313
      ],
      "variance": 0.49196934118634833
    },
    {
      "equivalent": true,
      "hues": [
        0.21521942110177403,
        0.23571428571428577,
        0.30776173285198566
      ],
      "lightness": 0.6784313725490196,
      "sats": [
        0.7798165137614679,
        0.41791044776119407,
        0.18811544991511034
      ],
      "vals": [
        0.6568627450980392,
        0.6793540945790081,
        0.6904977375565611
      ],
      "variance": 0.49761893130864243
    }
  ]
}