{
  "group_name": "natura\\assets\\natura\\textures\\blocks\\hopseed_ladder.png",
  "segment_dicts": [
    {
      "equivalent": false,
      "hues": [
        0.05981632159832436,
        0.06025621927603161,
        0.062090024881248575
      ],
      "lightness": 0.7047969187675069,
      "sats": [
        0.6275848121745286,
        0.6183216783216783,
        0.503638682571836
      ],
      "vals": [
        0.5722288915566227,
        0.6987811340752517,
        0.8167279411764705
      ],
      "variance": 0.35144433116840196
    }
  ]
}