{
  "group_name": "extratic\\assets\\extratic\\textures\\items\\pickmattock\\aoa\\jade_pickmattock_head.png",
  "segment_dicts": [
    {
      "equivalent": false,
      "hues": [
        0.34970238095238093,
        0.34974747474747475,
        0.3501759678230267
      ],
      "lightness": 0.2250980392156863,
      "sats": [
        1.0,
        0.8859060402684564
      ],
      "vals": [
        0.16249999999999998,
        0.4392156862745098,
        0.5843137254901961
      ],
      "variance": 0.7176976504065921
    }
  ]
}