{
  "group_name": "extratic\\assets\\extratic\\textures\\items\\pickmattock\\aoa\\jade_pickmattock_head_broken.png",
  "segment_dicts": [
    {
      "equivalent": false,
      "hues": [
        0.5833333333333334,
        0.5846994535519126
      ],
      "lightness": 0.3161764705882353,
      "sats": [
        1.0
      ],
      "vals": [
        0.2392156862745098,
        0.3215686274509804,
        0.6901960784313725
      ],
      "variance": 0.3282113779201419
    }
  ]
}