{
  "group_name": "extratic\\assets\\extratic\\textures\\items\\dagger\\metallurgy3\\precious\\brass_dagger_handle.png",
  "segment_dicts": [
    {
      "equivalent": false,
      "hues": [
        0.968421052631579,
        0.9704532415375788,
        0.970873786407767
      ],
      "lightness": 0.7358543417366946,
      "sats": [
        0.6242424242424243,
        0.5856854838709677,
        0.4418604651162791
      ],
      "vals": [
        0.6470588235294118,
        0.7780392156862745,
        0.8431372549019608
      ],
      "variance": 0.05630469784213073
    }
  ]
}