{
  "group_name": "extratic\\assets\\extratic\\textures\\items\\battleaxe\\oodmod\\kroostyl_battleaxe_backhead.png",
  "segment_dicts": [
    {
      "equivalent": false,
      "hues": [
        0.5698924731182796,
        0.5729847494553377,
        0.573037323037323
      ],
      "lightness": 0.3959331880900508,
      "sats": [
        0.5159362549800797,
        0.5,
        0.46268656716417894
      ],
      "vals": [
        0.26274509803921564,
        0.45,
        0.5624649859943978
      ],
      "variance": 0.4803364788105764
    }
  ]
}