{
  "group_name": "farmland_dry",
  "segment_dicts": [
    {
      "colorize": true,
      "hues": [
        0.6666666666666666,
        0.7105263157894738,
        0.7196969696969697,
        0.7291666666666666,
        0.7291666666666666,
        0.7440476190476191,
        0.7440476190476191,
        0.7444444444444445,
        0.7523809523809524,
        0.764102564102564,
        0.7708333333333334
      ],
      "id": 0,
      "lightness": 0.19569546568627452,
      "sats": [
        0.6746987951807228,
        0.6730769230769231,
        0.6701030927835051,
        0.6666666666666667,
        0.6511627906976745,
        0.6486486486486487,
        0.6486486486486487,
        0.6486486486486487,
        0.6285714285714286,
        0.6190476190476191,
        0.6129032258064516
      ],
      "vals": [
        0.07058823529411765,
        0.08235294117647059,
        0.12156862745098039,
        0.13725490196078433,
        0.1450980392156863,
        0.1450980392156863,
        0.1450980392156863,
        0.1450980392156863,
        0.16862745098039217,
        0.17647058823529413,
        0.20392156862745098
      ],
      "variance": 0.4378308216317751
    }
  ]
}