{
  "group_name": "extratic\\assets\\extratic\\textures\\items\\javelin\\ae\\certus_quartz_javelin_head.png",
  "segment_dicts": [
    {
      "equivalent": false,
      "hues": [
        0.13122171945701358,
        0.13139695712309818,
        0.13162878787878787
      ],
      "lightness": 0.9999999999999999,
      "sats": [
        0.8666666666666667,
        0.6901960784313725,
        0.4295900178253119
      ],
      "vals": [
        1.0
      ],
      "variance": 0.30081197579510466
    },
    {
      "equivalent": false,
      "hues": [
        0.03547854785478547,
        0.036601307189542485,
        0.0630081300813008
      ],
      "lightness": 0.9307189542483658,
      "sats": [
        1.0,
        0.6431372549019607
      ],
      "vals": [
        0.792156862745098,
        1.0
      ],
      "variance": 0.3232038784877178
    }
  ]
}