{
  "group_name": "harvestcraft\\assets\\harvestcraft\\textures\\blocks\\kiwicrop_1.png",
  "segment_dicts": [
    {
      "equivalent": false,
      "hues": [
        0.284019725443156,
        0.2860454334724154,
        0.30952380952380953
      ],
      "lightness": 0.39912102772143343,
      "sats": [
        0.9777169663799845,
        0.7739504843918191,
        0.3010752688172043
      ],
      "vals": [
        0.3039809863339275,
        0.4967914438502674,
        0.7294117647058823
      ],
      "variance": 0.44595023775120635
    }
  ]
}