{
  "group_name": "harvestcraft\\assets\\harvestcraft\\textures\\blocks\\candle_14.png",
  "segment_dicts": [
    {
      "equivalent": false,
      "hues": [
        0.5833333333333334,
        0.5833333333333336
      ],
      "lightness": 0.2411764705882353,
      "sats": [
        0.0425531914893617,
        0.02631578947368412
      ],
      "vals": [
        0.1843137254901961,
        0.2980392156862745
      ],
      "variance": 1.0238231980366337
    },
    {
      "equivalent": false,
      "hues": [
        0.03951890034364262,
        0.12013151239251389,
        0.5539253539253539
      ],
      "lightness": 0.8771836007130125,
      "sats": [
        0.8893387314439946,
        0.7607843137254902,
        0.35286103542234315
      ],
      "vals": [
        0.8465974625144175,
        0.9686274509803922,
        1.0
      ],
      "variance": 0.281494165198855
    }
  ]
}