{
  "group_name": "harvestcraft\\assets\\harvestcraft\\textures\\blocks\\cashew_0.png",
  "segment_dicts": [
    {
      "equivalent": false,
      "hues": [
        0.10815450643776825,
        0.10888814167227079,
        0.11238095238095237
      ],
      "lightness": 0.6483673196897923,
      "sats": [
        0.5736090595765633,
        0.5681818181818183,
        0.46775715633847126
      ],
      "vals": [
        0.3019607843137255,
        0.549290060851927,
        0.7333333333333334
      ],
      "variance": 0.4418509273661422
    },
    {
      "equivalent": false,
      "hues": [
        0.1266025641025641
      ],
      "lightness": 0.7568627450980392,
      "sats": [
        0.538860103626943
      ],
      "vals": [
        0.7568627450980392
      ],
      "variance": 0.3785120926274759
    }
  ]
}