{
  "group_name": "harvestcraft\\assets\\harvestcraft\\textures\\blocks\\cashew_0.png",
  "segment_dicts": [
    {
      "equivalent": true,
      "hues": [
        0.22656692734897432,
        0.22951713395638632,
        0.23015873015873015
      ],
      "lightness": 0.6469703818304979,
      "sats": [
        0.5468949654996167,
        0.5436893203883495,
        0.4554746786433328
      ],
      "vals": [
        0.30294117647058827,
        0.5480392156862746,
        0.7234733893557423
      ],
      "variance": 0.4414004635323889
    },
    {
      "equivalent": true,
      "hues": [
        0.1266025641025641
      ],
      "lightness": 0.7568627450980392,
      "sats": [
        0.538860103626943
      ],
      "vals": [
        0.7568627450980392
      ],
      "variance": 0.3773115116066614
    }
  ]
}