{
  "group_name": "harvestcraft\\assets\\harvestcraft\\textures\\blocks\\ricecrop_0.png",
  "segment_dicts": [
    {
      "equivalent": false,
      "hues": [
        0.15128205128205127,
        0.1532567049808429
      ],
      "lightness": 0.807843137254902,
      "sats": [
        0.435,
        0.3023255813953488
      ],
      "vals": [
        0.7843137254901961,
        0.8431372549019608
      ],
      "variance": 0.29426589671684344
    },
    {
      "equivalent": false,
      "hues": [
        0.15339233038348082
      ],
      "lightness": 0.7176470588235294,
      "sats": [
        0.6174863387978142
      ],
      "vals": [
        0.7176470588235294
      ],
      "variance": 0.3312501351020205
    },
    {
      "equivalent": false,
      "hues": [
        0.15128205128205127
      ],
      "lightness": 0.8431372549019608,
      "sats": [
        0.3023255813953488
      ],
      "vals": [
        0.8431372549019608
      ],
      "variance": 0.2819477894124175
    },
    {
      "equivalent": false,
      "hues": [
        0.15128205128205127,
        0.1532567049808429,
        0.15339233038348082
      ],
      "lightness": 0.7733333333333333,
      "sats": [
        0.6174863387978142,
        0.435,
        0.3023255813953488
      ],
      "vals": [
        0.7176470588235294,
        0.7843137254901961,
        0.8431372549019608
      ],
      "variance": 0.30739743774680406
    }
  ]
}