{
  "group_name": "harvestcraft\\assets\\harvestcraft\\textures\\blocks\\watergarden1.png",
  "segment_dicts": [
    {
      "equivalent": false,
      "hues": [
        0.1524300441826215,
        0.15327581558371528,
        0.15339233038348088
      ],
      "lightness": 0.8044465030106531,
      "sats": [
        0.6174863387978142,
        0.4301786128508467,
        0.2679135101010102
      ],
      "vals": [
        0.7176470588235293,
        0.7863201094391244,
        0.8567951318458418
      ],
      "variance": 0.5020323890152271
    },
    {
      "equivalent": false,
      "hues": [
        0.15339233038348082
      ],
      "lightness": 0.7176470588235294,
      "sats": [
        0.6174863387978142
      ],
      "vals": [
        0.7176470588235294
      ],
      "variance": 0.5627532291478291
    }
  ]
}