{
  "group_name": "extratic\\assets\\extratic\\textures\\items\\parts\\oodmod\\kroostyl_largeplate.png",
  "segment_dicts": [
    {
      "equivalent": false,
      "hues": [
        0.024806554392353224,
        0.13132461625923827,
        0.25011910433539764
      ],
      "lightness": 0.7841536614645856,
      "sats": [
        0.9829977628635347,
        0.6701787994891453,
        0.15600886917960058
      ],
      "vals": [
        0.37219251336898396,
        0.7303921568627451,
        0.8784573432021816
      ],
      "variance": 0.2549564521098502
    }
  ]
}