{
  "group_name": "extratic\\assets\\extratic\\textures\\items\\parts\\oodmod\\kroostyl_largeplate.png",
  "segment_dicts": [
    {
      "equivalent": false,
      "hues": [
        0.012283943906946463,
        0.12317499485914037,
        0.1315789473684215
      ],
      "lightness": 0.6101040416166466,
      "sats": [
        0.8306094808126417,
        0.38096357226792016,
        0.18169227725384102
      ],
      "vals": [
        0.4343137254901963,
        0.6674509803921569,
        0.8375034520850592
      ],
      "variance": 0.389839688056419
    }
  ]
}