{
  "group_name": "harvestcraft\\assets\\harvestcraft\\textures\\blocks\\pecan_1.png",
  "segment_dicts": [
    {
      "equivalent": true,
      "hues": [
        0.09821428571428574,
        0.1482843137254902,
        0.15224358974358976
      ],
      "lightness": 0.5390045248868778,
      "sats": [
        0.6753246753246753,
        0.6021505376344085,
        0.5528455284552846
      ],
      "vals": [
        0.4823529411764706,
        0.6039215686274509,
        0.7294117647058823
      ],
      "variance": 0.48400366464796385
    },
    {
      "equivalent": true,
      "hues": [
        0.22737686139747995,
        0.22782874617737003,
        0.22798742138364778
      ],
      "lightness": 0.4627450980392157,
      "sats": [
        0.9208860759493671,
        0.7730496453900709,
        0.6198830409356725
      ],
      "vals": [
        0.41307189542483663,
        0.5529411764705883,
        0.6705882352941176
      ],
      "variance": 0.5637664589263244
    }
  ]
}