{
  "group_name": "railcraft\\assets\\railcraft\\textures\\items\\buildcraft.gate.trigger.engine.green.png",
  "segment_dicts": [
    {
      "equivalent": false,
      "hues": [
        0.0
      ],
      "lightness": 0.5159663865546218,
      "sats": [
        0.0
      ],
      "vals": [
        0.47843137254901963,
        0.5369934640522875,
        0.6509803921568628
      ],
      "variance": 0.42138806536836493
    },
    {
      "equivalent": false,
      "hues": [
        0.5613026819923371,
        0.5616309658023299,
        0.5642115203021718
      ],
      "lightness": 0.4830065359477124,
      "sats": [
        0.430791646430306,
        0.3171608265947889,
        0.2068145800316957
      ],
      "vals": [
        0.3967914438502674,
        0.504656862745098,
        0.5498910675381263
      ],
      "variance": 0.45014313729471955
    }
  ]
}