{
  "group_name": "harvestcraft\\assets\\harvestcraft\\textures\\blocks\\seaweedcrop_1.png",
  "segment_dicts": [
    {
      "equivalent": true,
      "hues": [
        0.36095054592164416,
        0.36173814898419865,
        0.361998361998362
      ],
      "lightness": 0.5013574660633484,
      "sats": [
        0.48510131108462445,
        0.4825708061002178,
        0.43430962343096213
      ],
      "vals": [
        0.3655773420479303,
        0.5142857142857142,
        0.6694677871148459
      ],
      "variance": 0.4852016238188697
    }
  ]
}