{
  "group_name": "harvestcraft\\assets\\harvestcraft\\textures\\blocks\\tealeafcrop_2.png",
  "segment_dicts": [
    {
      "equivalent": true,
      "hues": [
        0.2471804511278195,
        0.24833635813672114,
        0.24879227053140096
      ],
      "lightness": 0.4363025210084034,
      "sats": [
        0.6330275229357798,
        0.6258823529411764,
        0.6218961625282168
      ],
      "vals": [
        0.31586452762923356,
        0.42745098039215684,
        0.5555555555555555
      ],
      "variance": 0.6503263042115636
    }
  ]
}