{
  "group_name": "harvestcraft\\assets\\harvestcraft\\textures\\blocks\\wintersquashcrop_0.png",
  "segment_dicts": [
    {
      "equivalent": false,
      "hues": [
        0.0771144278606965,
        0.0911764705882353,
        0.25702811244979923
      ],
      "lightness": 0.41568627450980394,
      "sats": [
        0.9289617486338799,
        0.9054054054054054,
        0.6693548387096774
      ],
      "vals": [
        0.2901960784313726,
        0.3588235294117647,
        0.48627450980392156
      ],
      "variance": 0.7142744816667714
    }
  ]
}