{
  "group_name": "projectred\\assets\\projectred\\textures\\blocks\\pipes\\routedconn.png",
  "segment_dicts": [
    {
      "equivalent": false,
      "hues": [
        0.0,
        0.1591760299625468
      ],
      "lightness": 0.2518262206843522,
      "sats": [
        0.5204678362573099,
        0.0
      ],
      "vals": [
        0.216289592760181,
        0.23672014260249555,
        0.6705882352941176
      ],
      "variance": 1.295849458354194
    },
    {
      "equivalent": false,
      "hues": [
        0.15917602996254684,
        0.3333333333333333
      ],
      "lightness": 0.5689291101055807,
      "sats": [
        0.7219251336898396,
        0.7209705372616985,
        0.5204678362573099
      ],
      "vals": [
        0.55,
        0.5656862745098039,
        0.6705882352941176
      ],
      "variance": 0.5735844165411786
    },
    {
      "equivalent": false,
      "hues": [
        0.054226475279106845
      ],
      "lightness": 0.9490196078431372,
      "sats": [
        0.8636363636363636
      ],
      "vals": [
        0.9490196078431372
      ],
      "variance": 0.343858935027547
    }
  ]
}