{
  "group_name": "extratic\\assets\\extratic\\textures\\items\\mattock\\natura\\netherquartz_mattock_head_broken.png",
  "segment_dicts": [
    {
      "equivalent": false,
      "hues": [
        0.10416666666666674,
        0.5820353063343718,
        0.5964912280701754
      ],
      "lightness": 0.4456582633053221,
      "sats": [
        0.3807829181494662,
        0.2909090909090909,
        0.15702479338842967
      ],
      "vals": [
        0.21568627450980393,
        0.4745098039215686,
        0.8264705882352941
      ],
      "variance": 0.435631911854778
    }
  ]
}