{
  "group_name": "extratic\\assets\\extratic\\textures\\items\\rapier\\metallurgy3\\nether\\kalendrite_rapier_handle.png",
  "segment_dicts": [
    {
      "equivalent": false,
      "hues": [
        0.8165618448637316,
        0.8185840707964601,
        0.8194444444444445
      ],
      "lightness": 0.8111455108359134,
      "sats": [
        0.7635135135135136,
        0.6666666666666666,
        0.21342281879194636
      ],
      "vals": [
        0.5803921568627453,
        0.9176470588235294,
        0.9738562091503268
      ],
      "variance": 0.08536760420097464
    }
  ]
}