{
  "group_name": "extratic\\assets\\extratic\\textures\\items\\rapier\\natura\\netherquartz_rapier_accessory.png",
  "segment_dicts": [
    {
      "equivalent": false,
      "hues": [
        0.8168044077134987,
        0.8185840707964601,
        0.8211382113821138
      ],
      "lightness": 0.41843137254901963,
      "sats": [
        0.7635135135135135,
        0.7592592592592594,
        0.2951219512195123
      ],
      "vals": [
        0.21176470588235294,
        0.5803921568627451,
        0.9647058823529412
      ],
      "variance": 0.43168319142529243
    }
  ]
}