{
  "group_name": "extratic\\assets\\extratic\\textures\\items\\rapier\\natura\\netherquartz_rapier_accessory.png",
  "segment_dicts": [
    {
      "equivalent": false,
      "hues": [
        0.06966490299823634,
        0.07051282051282054,
        0.07407407407407411
      ],
      "lightness": 0.18980392156862746,
      "sats": [
        0.4973684210526316,
        0.4736842105263157,
        0.4642857142857143
      ],
      "vals": [
        0.14901960784313723,
        0.2196078431372549,
        0.29803921568627456
      ],
      "variance": 0.21403813432058275
    }
  ]
}