{
  "group_name": "witchery\\assets\\witchery\\textures\\items\\ingredient.bookBiomes.png",
  "segment_dicts": [
    {
      "equivalent": false,
      "hues": [
        0.0
      ],
      "lightness": 0.3950980392156862,
      "sats": [
        1.0,
        0.8562401263823064,
        0.8541666666666666
      ],
      "vals": [
        0.3764705882352941,
        0.4137254901960784
      ],
      "variance": 0.6375614111002615
    },
    {
      "equivalent": false,
      "hues": [
        0.0
      ],
      "lightness": 0.6596638655462185,
      "sats": [
        0.0
      ],
      "vals": [
        0.32941176470588235,
        0.5882352941176471,
        0.7363321799307959
      ],
      "variance": 0.3818600298755494
    },
    {
      "equivalent": false,
      "hues": [
        0.0
      ],
      "lightness": 0.26501547987616103,
      "sats": [
        1.0,
        0.8552504816955684,
        0.0
      ],
      "vals": [
        0.0,
        0.3764705882352941,
        0.3971305595408895
      ],
      "variance": 0.9505077345784076
    }
  ]
}