{
  "group_name": "extratic\\assets\\extratic\\textures\\items\\lumberaxe\\ae\\certus_quartz_lumberaxe_shield.png",
  "segment_dicts": [
    {
      "equivalent": false,
      "hues": [
        0.0
      ],
      "lightness": 0.7427450980392157,
      "sats": [
        0.0
      ],
      "vals": [
        0.6823529411764706,
        0.7686274509803922
      ],
      "variance": 0.4429950305814161
    },
    {
      "equivalent": false,
      "hues": [
        0.0
      ],
      "lightness": 0.5607843137254902,
      "sats": [
        0.0
      ],
      "vals": [
        0.5607843137254902
      ],
      "variance": 0.5867360754693721
    }
  ]
}