{
  "group_name": "extratic\\assets\\extratic\\textures\\items\\lumberaxe\\metallurgy3\\precious\\brass_lumberaxe_binding.png",
  "segment_dicts": [
    {
      "equivalent": false,
      "hues": [
        0.5,
        0.5010615711252654,
        0.5059523809523809
      ],
      "lightness": 0.5244206773618538,
      "sats": [
        0.43410852713178294,
        0.43373493975903615,
        0.4186666666666667
      ],
      "vals": [
        0.3254901960784314,
        0.5058823529411764,
        0.7352941176470589
      ],
      "variance": 0.6003647344128114
    }
  ]
}