{
  "group_name": "extratic\\assets\\extratic\\textures\\items\\lumberaxe\\metallurgy3\\precious\\brass_lumberaxe_binding.png",
  "segment_dicts": [
    {
      "equivalent": false,
      "hues": [
        0.06962025316455699,
        0.07142857142857144,
        0.10599721059972111
      ],
      "lightness": 0.5422459893048128,
      "sats": [
        0.6124031007751939,
        0.608695652173913,
        0.557109557109557
      ],
      "vals": [
        0.27058823529411763,
        0.5058823529411764,
        0.8411764705882352
      ],
      "variance": 0.7188150468159089
    }
  ]
}