{
  "group_name": "extratic\\assets\\extratic\\textures\\items\\lumberaxe\\ae\\certus_quartz_lumberaxe_shield.png",
  "segment_dicts": [
    {
      "equivalent": false,
      "hues": [
        0.0
      ],
      "lightness": 0.14392156862745098,
      "sats": [
        0.0
      ],
      "vals": [
        0.11372549019607843,
        0.1568627450980392
      ],
      "variance": 2.057552637496295
    },
    {
      "equivalent": false,
      "hues": [
        0.0
      ],
      "lightness": 0.027450980392156866,
      "sats": [
        0.0
      ],
      "vals": [
        0.027450980392156862
      ],
      "variance": 10.787454542302003
    }
  ]
}