{
  "group_name": "extratic\\assets\\extratic\\textures\\items\\lumberaxe\\metallurgy3\\precious\\brass_lumberaxe_binding.png",
  "segment_dicts": [
    {
      "equivalent": false,
      "hues": [
        0.75,
        0.8232323232323232,
        0.8865248226950355
      ],
      "lightness": 0.4092691622103387,
      "sats": [
        1.0,
        0.825,
        0.5499999999999999
      ],
      "vals": [
        0.1843137254901961,
        0.3137254901960784,
        0.7058823529411764
      ],
      "variance": 0.7240780556611497
    }
  ]
}