{
  "group_name": "extratic\\assets\\extratic\\textures\\items\\lumberaxe\\ae\\certus_quartz_lumberaxe_shield.png",
  "segment_dicts": [
    {
      "equivalent": false,
      "hues": [
        0.0,
        0.020627062706270627
      ],
      "lightness": 0.347843137254902,
      "sats": [
        0.6580882352941178,
        0.5776397515527949,
        0.44493392070484583
      ],
      "vals": [
        0.15784313725490196,
        0.35555555555555557,
        0.5934640522875817
      ],
      "variance": 0.8460796719832513
    },
    {
      "equivalent": false,
      "hues": [
        0.0
      ],
      "lightness": 0.0,
      "sats": [
        0.0
      ],
      "vals": [
        0.0
      ],
      "variance": Infinity
    }
  ]
}