{
  "group_name": "extratic\\assets\\extratic\\textures\\items\\lumberaxe\\generic\\amethyst_lumberaxe_handle.png",
  "segment_dicts": [
    {
      "equivalent": false,
      "hues": [
        0.7132987910189983,
        0.7291666666666666,
        0.745679012345679
      ],
      "lightness": 0.5766825649178591,
      "sats": [
        0.5591397849462365,
        0.5294117647058824,
        0.4470179502026635
      ],
      "vals": [
        0.33862745098039215,
        0.7294117647058823,
        1.0
      ],
      "variance": 0.48711044288914745
    }
  ]
}