{
  "group_name": "extratic\\assets\\extratic\\textures\\items\\lumberaxe\\ae\\certus_quartz_lumberaxe_shield.png",
  "segment_dicts": [
    {
      "equivalent": false,
      "hues": [
        0.6666666666666666,
        0.0
      ],
      "lightness": 0.8094117647058823,
      "sats": [
        0.12500000000000003,
        0.07017543859649128,
        0.0
      ],
      "vals": [
        0.6901960784313725,
        0.8047058823529412,
        1.0
      ],
      "variance": 0.3894154061132219
    },
    {
      "equivalent": false,
      "hues": [
        0.6666666666666666
      ],
      "lightness": 0.5137254901960784,
      "sats": [
        0.22900763358778622
      ],
      "vals": [
        0.5137254901960784
      ],
      "variance": 0.6135522123799161
    }
  ]
}