{
  "group_name": "extratic\\assets\\extratic\\textures\\items\\lumberaxe\\oodmod\\kroostyl_lumberaxe_head_broken.png",
  "segment_dicts": [
    {
      "equivalent": false,
      "hues": [
        0.3091468777484609,
        0.3101851851851852,
        0.3129189518586228
      ],
      "lightness": 0.4498860009119927,
      "sats": [
        0.44399350649350655,
        0.4337349397590362,
        0.4229910714285714
      ],
      "vals": [
        0.3254901960784314,
        0.4831372549019608,
        0.7027450980392157
      ],
      "variance": 0.4976379697602163
    }
  ]
}