{
  "group_name": "extratic\\assets\\extratic\\textures\\items\\battleaxe\\oodmod\\kroostyl_battleaxe_backhead.png",
  "segment_dicts": [
    {
      "equivalent": false,
      "hues": [
        0.7609497464269248,
        0.7766859344894027,
        0.06770833333333333
      ],
      "lightness": 0.48583877995642694,
      "sats": [
        0.9999999999999998,
        0.7232441471571907,
        0.5235336712527154
      ],
      "vals": [
        0.25098039215686274,
        0.5862745098039215,
        0.7736694677871149
      ],
      "variance": 0.20681933595155347
    }
  ]
}