{
  "group_name": "extratic\\assets\\extratic\\textures\\items\\battleaxe\\oodmod\\kroostyl_battleaxe_backhead.png",
  "segment_dicts": [
    {
      "equivalent": false,
      "hues": [
        0.050625190606892335,
        0.06770833333333336,
        0.13749999999999998
      ],
      "lightness": 0.6069716775599128,
      "sats": [
        1.0,
        0.9864620938628159,
        0.6694560669456067
      ],
      "vals": [
        0.2509803921568627,
        0.8690196078431373,
        0.9372549019607843
      ],
      "variance": 0.18197662798935843
    }
  ]
}