{
  "group_name": "extratic\\assets\\extratic\\textures\\items\\rapier\\metallurgy3\\precious\\brass_rapier_blade.png",
  "segment_dicts": [
    {
      "equivalent": false,
      "hues": [
        0.0
      ],
      "lightness": 0.42509803921568634,
      "sats": [
        0.9782608695652176,
        0.7362204724409449,
        0.3700787401574803
      ],
      "vals": [
        0.18039215686274512,
        0.996078431372549
      ],
      "variance": 0.5289848827746961
    }
  ]
}