{
  "group_name": "extratic\\assets\\extratic\\textures\\items\\rapier\\thermal\\lumium_rapier_blade_broken.png",
  "segment_dicts": [
    {
      "equivalent": false,
      "hues": [
        0.14393939393939392,
        0.14393939393939395,
        0.1460823373173971
      ],
      "lightness": 0.5058823529411764,
      "sats": [
        1.0,
        0.9843137254901961
      ],
      "vals": [
        0.25882352941176473,
        1.0
      ],
      "variance": 0.2838570480963468
    }
  ]
}