{
  "group_name": "extratic\\assets\\extratic\\textures\\items\\rapier\\thermal\\lumium_rapier_blade_broken.png",
  "segment_dicts": [
    {
      "equivalent": false,
      "hues": [
        0.5880503144654088,
        0.5919540229885057
      ],
      "lightness": 0.4209150326797385,
      "sats": [
        0.5087719298245613,
        0.25480769230769235
      ],
      "vals": [
        0.22352941176470592,
        0.8156862745098039
      ],
      "variance": 0.3607993961127644
    }
  ]
}