{
  "group_name": "extratic\\assets\\extratic\\textures\\items\\rapier\\natura\\netherquartz_rapier_accessory.png",
  "segment_dicts": [
    {
      "equivalent": false,
      "hues": [
        0.5789473684210527,
        0.5880503144654088,
        0.5920954511558539
      ],
      "lightness": 0.3819607843137255,
      "sats": [
        0.5096921322690994,
        0.25480769230769235,
        0.07949790794979075
      ],
      "vals": [
        0.22928104575163402,
        0.8156862745098039,
        0.9372549019607843
      ],
      "variance": 0.4759351755911914
    }
  ]
}