{
  "group_name": "extratic\\assets\\extratic\\textures\\items\\rapier\\natura\\netherquartz_rapier_accessory.png",
  "segment_dicts": [
    {
      "equivalent": false,
      "hues": [
        0.0,
        0.14132938466600853,
        0.14285714285714285
      ],
      "lightness": 0.5290196078431373,
      "sats": [
        0.6668861092824226,
        0.2121212121212121,
        0.05882352941176472
      ],
      "vals": [
        0.39712418300653596,
        0.9058823529411765,
        1.0
      ],
      "variance": 0.2682996627277488
    }
  ]
}