{
  "group_name": "extratic\\assets\\extratic\\textures\\items\\rapier\\metallurgy3\\nether\\kalendrite_rapier_handle.png",
  "segment_dicts": [
    {
      "equivalent": false,
      "hues": [
        0.572463768115942,
        0.5729166666666666,
        0.575438596491228
      ],
      "lightness": 0.45964912280701753,
      "sats": [
        0.32394366197183094,
        0.3047619047619048,
        0.1727272727272726
      ],
      "vals": [
        0.2784313725490196,
        0.4117647058823529,
        0.718954248366013
      ],
      "variance": 0.3275780879541492
    }
  ]
}