{
  "group_name": "extratic\\assets\\extratic\\textures\\items\\rapier\\metallurgy3\\precious\\brass_rapier_blade.png",
  "segment_dicts": [
    {
      "equivalent": false,
      "hues": [
        0.5119047619047619,
        0.512962962962963,
        0.5142857142857142
      ],
      "lightness": 0.5576470588235294,
      "sats": [
        0.9473684210526314,
        0.27888446215139434,
        0.110236220472441
      ],
      "vals": [
        0.37254901960784303,
        0.984313725490196,
        0.996078431372549
      ],
      "variance": 0.3085905534265813
    }
  ]
}