{
  "group_name": "extratic\\assets\\extratic\\textures\\items\\scythe\\natura\\netherquartz_scythe_head.png",
  "segment_dicts": [
    {
      "equivalent": false,
      "hues": [
        0.0
      ],
      "lightness": 0.2723707664884136,
      "sats": [
        0.0
      ],
      "vals": [
        0.047058823529411764,
        0.20924369747899157,
        0.5165775401069519
      ],
      "variance": 0.7911985429421582
    }
  ]
}