{
  "group_name": "chisel\\assets\\chisel\\textures\\blocks\\ironpane\\fenceIron-top.png",
  "segment_dicts": [
    {
      "equivalent": false,
      "hues": [
        0.5555555555555555,
        0.0
      ],
      "lightness": 0.35784313725490197,
      "sats": [
        0.013392857142857095,
        0.0
      ],
      "vals": [
        0.24705882352941178,
        0.30196078431372547,
        0.4392156862745098
      ],
      "variance": 0.6274952068068604
    },
    {
      "equivalent": false,
      "hues": [
        0.8333333333333334,
        0.07407407407407406,
        0.16666666666666666
      ],
      "lightness": 0.3503267973856209,
      "sats": [
        0.15126050420168072,
        0.043478260869565064,
        0.012499999999999956
      ],
      "vals": [
        0.27058823529411763,
        0.3137254901960784,
        0.4666666666666667
      ],
      "variance": 0.6409582569529032
    },
    {
      "equivalent": false,
      "hues": [
        0.8333333333333334,
        0.06862745098039215,
        0.11111111111111112
      ],
      "lightness": 0.36549019607843136,
      "sats": [
        0.14912280701754393,
        0.019736842105263087,
        0.015075376884422056
      ],
      "vals": [
        0.2980392156862745,
        0.39019607843137255,
        0.4470588235294118
      ],
      "variance": 0.6143662834884767
    }
  ]
}