{
  "group_name": "extratic\\assets\\extratic\\textures\\items\\axe\\oodmod\\kroostyl_axe_head_broken.png",
  "segment_dicts": [
    {
      "equivalent": false,
      "hues": [
        0.06962025316455699,
        0.0714285714285714,
        0.08403165735567968
      ],
      "lightness": 0.4312324929971989,
      "sats": [
        0.6124031007751939,
        0.6086956521739131,
        0.5917355371900826
      ],
      "vals": [
        0.2705882352941177,
        0.5058823529411764,
        0.6778711484593838
      ],
      "variance": 0.33924225887498644
    }
  ]
}