{
  "group_name": "extratic\\assets\\extratic\\textures\\items\\axe\\natura\\ghostwood_axe_handle.png",
  "segment_dicts": [
    {
      "equivalent": false,
      "hues": [
        0.7480569948186528,
        0.8232323232323232,
        0.8865248226950355
      ],
      "lightness": 0.3891402714932127,
      "sats": [
        1.0,
        0.825,
        0.5251700680272109
      ],
      "vals": [
        0.1843137254901961,
        0.3137254901960784,
        0.7205882352941176
      ],
      "variance": 0.3557862770800072
    }
  ]
}