{
  "group_name": "extratic\\assets\\extratic\\textures\\items\\axe\\oodmod\\kroostyl_axe_head_broken.png",
  "segment_dicts": [
    {
      "equivalent": false,
      "hues": [
        0.7808842652795839,
        0.8232323232323232,
        0.8777777777777778
      ],
      "lightness": 0.26540616246498594,
      "sats": [
        0.9999999999999999,
        0.8404371584699453,
        0.825
      ],
      "vals": [
        0.11764705882352942,
        0.3137254901960784,
        0.5126050420168067
      ],
      "variance": 0.3743781232596333
    }
  ]
}