{
  "group_name": "extratic\\assets\\extratic\\textures\\items\\axe\\oodmod\\kroostyl_axe_head_broken.png",
  "segment_dicts": [
    {
      "equivalent": false,
      "hues": [
        0.6666666666666666,
        0.0
      ],
      "lightness": 0.6259103641456583,
      "sats": [
        0.19230769230769218,
        0.1055408970976254,
        0.0
      ],
      "vals": [
        0.40784313725490196,
        0.7431372549019608,
        0.9196078431372549
      ],
      "variance": 0.3353150123324521
    }
  ]
}