{
  "group_name": "tinker\\assets\\tinker\\textures\\items\\axe\\blueslime_axe_head_broken.png",
  "segment_dicts": [
    {
      "equivalent": false,
      "hues": [
        0.3101851851851852,
        0.3121212121212121,
        0.3137715179968701
      ],
      "lightness": 0.42491349480968854,
      "sats": [
        0.43373493975903615,
        0.4296875,
        0.42599999999999993
      ],
      "vals": [
        0.3254901960784314,
        0.5019607843137255,
        0.65359477124183
      ],
      "variance": 0.2609339451817001
    }
  ]
}