{
  "group_name": "thermaldynamics\\assets\\thermaldynamics\\textures\\items\\filter1.png",
  "segment_dicts": [
    {
      "equivalent": false,
      "hues": [
        0.5000000000000012,
        0.5454545454545462,
        0.5595238095238099
      ],
      "lightness": 0.28773369813041494,
      "sats": [
        0.030434782608695667,
        0.023305084745762747,
        0.01754385964912324
      ],
      "vals": [
        0.22352941176470592,
        0.9019607843137255,
        0.9254901960784314
      ],
      "variance": 1.4501767426163226
    },
    {
      "equivalent": false,
      "hues": [
        0.5,
        0.5560224089635851,
        0.556521739130435
      ],
      "lightness": 0.9113725490196078,
      "sats": [
        0.026832018038331417,
        0.019275896748240054,
        0.017543859649122747
      ],
      "vals": [
        0.22352941176470587,
        0.9153766769865841,
        0.935843137254902
      ],
      "variance": 0.45784209491999533
    },
    {
      "equivalent": false,
      "hues": [
        0.5693069306930694,
        0.5727861319966583,
        0.5772701635645797
      ],
      "lightness": 0.8199346405228758,
      "sats": [
        0.9542518837459634,
        0.9528358208955224,
        0.9521885521885523
      ],
      "vals": [
        0.8095860566448801,
        0.821078431372549,
        0.8319327731092437
      ],
      "variance": 0.5088999738194033
    }
  ]
}