{
  "group_name": "thermaldynamics\\assets\\thermaldynamics\\textures\\items\\filter1.png",
  "segment_dicts": [
    {
      "equivalent": true,
      "hues": [
        0.4416666666666665,
        0.45402298850574696,
        0.49999999999999883
      ],
      "lightness": 0.2596443228454173,
      "sats": [
        0.10357142857142859,
        0.05813953488372105,
        0.01754385964912299
      ],
      "vals": [
        0.22352941176470592,
        0.5490196078431373,
        0.6745098039215687
      ],
      "variance": 1.5810144052545012
    },
    {
      "equivalent": true,
      "hues": [
        0.44063926940639253,
        0.446327683615819,
        0.5
      ],
      "lightness": 0.6666666666666667,
      "sats": [
        0.07336483461825433,
        0.04087346024636053,
        0.017543859649122747
      ],
      "vals": [
        0.22352941176470587,
        0.6307450980392157,
        0.7372549019607844
      ],
      "variance": 0.6157521219917326
    },
    {
      "equivalent": true,
      "hues": [
        0.569453044375645,
        0.5728271251193887,
        0.5772701635645797
      ],
      "lightness": 0.8200980392156862,
      "sats": [
        0.9542518837459634,
        0.952901023890785,
        0.9522405660377359
      ],
      "vals": [
        0.8095860566448801,
        0.8207282913165266,
        0.8313725490196079
      ],
      "variance": 0.500551635330996
    }
  ]
}