{
  "group_name": "thermaldynamics\\assets\\thermaldynamics\\textures\\items\\filter1.png",
  "segment_dicts": [
    {
      "equivalent": false,
      "hues": [
        0.5000000000000012,
        0.5454545454545462,
        0.5595238095238099
      ],
      "lightness": 0.28773369813041494,
      "sats": [
        0.030434782608695667,
        0.023305084745762747,
        0.01754385964912324
      ],
      "vals": [
        0.22352941176470592,
        0.9019607843137255,
        0.9254901960784314
      ],
      "variance": 1.4409264005781852
    },
    {
      "equivalent": false,
      "hues": [
        0.5,
        0.5590828924162249,
        0.0
      ],
      "lightness": 0.8427015250544663,
      "sats": [
        1.0,
        0.022211775766834918,
        0.017543859649122747
      ],
      "vals": [
        0.22352941176470587,
        0.5411764705882353,
        0.9269063180827886
      ],
      "variance": 0.4919927989276059
    },
    {
      "equivalent": false,
      "hues": [
        0.5441176470588244,
        0.0
      ],
      "lightness": 0.7723856209150326,
      "sats": [
        1.0,
        0.9973770491803279,
        0.017866526537046824
      ],
      "vals": [
        0.6367647058823529,
        0.7475490196078431,
        0.932843137254902
      ],
      "variance": 0.5367824966510063
    }
  ]
}