{
  "group_name": "thermaldynamics\\assets\\thermaldynamics\\textures\\items\\filter1.png",
  "segment_dicts": [
    {
      "equivalent": false,
      "hues": [
        0.5
      ],
      "lightness": 0.24304605563155496,
      "sats": [
        0.654320987654321,
        0.6392857142857142,
        0.017543859649122747
      ],
      "vals": [
        0.22352941176470587,
        0.3176470588235294,
        0.5490196078431373
      ],
      "variance": 1.0301827180076029
    },
    {
      "equivalent": false,
      "hues": [
        0.0,
        0.5
      ],
      "lightness": 0.5128540305010894,
      "sats": [
        1.0,
        0.6369694843914416,
        0.6269430051813472
      ],
      "vals": [
        0.39834881320949433,
        0.5411764705882353,
        0.6211328976034858
      ],
      "variance": 0.48821269074731494
    },
    {
      "equivalent": false,
      "hues": [
        0.0,
        0.5
      ],
      "lightness": 0.6437908496732027,
      "sats": [
        0.9985835694050992,
        0.6433121019108281,
        0.6356589147286821
      ],
      "vals": [
        0.46176470588235297,
        0.6323529411764706,
        0.692156862745098
      ],
      "variance": 0.3889179945919389
    }
  ]
}