{
  "group_name": "extratic\\assets\\extratic\\textures\\items\\pickaxe\\natura\\netherquartz_pickaxe_head_broken.png",
  "segment_dicts": [
    {
      "equivalent": false,
      "hues": [
        0.0
      ],
      "lightness": 0.6490828589500317,
      "sats": [
        0.0
      ],
      "vals": [
        0.5607843137254902,
        0.7686274509803922,
        0.8588235294117647
      ],
      "variance": 0.332731405449154
    }
  ]
}