{
  "group_name": "extratic\\assets\\extratic\\textures\\items\\pickaxe\\bop\\mud_pickaxe_head.png",
  "segment_dicts": [
    {
      "equivalent": false,
      "hues": [
        0.0,
        0.048484848484848485,
        0.0992063492063492
      ],
      "lightness": 0.3564605329311212,
      "sats": [
        1.0
      ],
      "vals": [
        0.2818627450980392,
        0.6470588235294118,
        0.8235294117647058
      ],
      "variance": 0.4062866747132278
    }
  ]
}