{
  "group_name": "extratic\\assets\\extratic\\textures\\items\\pickaxe\\tcon\\glue_pickaxe_accessory.png",
  "segment_dicts": [
    {
      "equivalent": false,
      "hues": [
        0.0
      ],
      "lightness": 0.34068627450980393,
      "sats": [
        0.0
      ],
      "vals": [
        0.1568627450980392,
        0.33725490196078434,
        0.7117647058823529
      ],
      "variance": 0.21211456865421963
    }
  ]
}