{
  "group_name": "extratic\\assets\\extratic\\textures\\items\\pickaxe\\natura\\netherquartz_pickaxe_head_broken.png",
  "segment_dicts": [
    {
      "equivalent": false,
      "hues": [
        0.7568807339449543,
        0.7992424242424242,
        0.8777777777777778
      ],
      "lightness": 0.24225173940543965,
      "sats": [
        0.9999999999999999,
        0.8585365853658536,
        0.6606060606060605
      ],
      "vals": [
        0.11764705882352937,
        0.4019607843137255,
        0.6470588235294117
      ],
      "variance": 0.42136645912972076
    }
  ]
}