{
  "group_name": "extratic\\assets\\extratic\\textures\\items\\longsword\\natura\\netherquartz_longsword_accessory.png",
  "segment_dicts": [
    {
      "equivalent": false,
      "hues": [
        0.01887464387464388,
        0.01977401129943503,
        0.027777777777777773
      ],
      "lightness": 0.20058823529411765,
      "sats": [
        0.8509090909090908,
        0.8489208633093526,
        7.077671781985368e-16
      ],
      "vals": [
        0.05882352941176475,
        0.43137254901960786,
        0.5450980392156862
      ],
      "variance": 0.2846951278413517
    }
  ]
}