{
  "group_name": "extratic\\assets\\extratic\\textures\\items\\longsword\\natura\\darkwood_longsword_blade.png",
  "segment_dicts": [
    {
      "equivalent": false,
      "hues": [
        0.0611111111111113,
        0.07738095238095256,
        0.09523809523809523
      ],
      "lightness": 0.5969834087481145,
      "sats": [
        0.3225806451612903,
        0.12785388127853864,
        0.029166666666666563
      ],
      "vals": [
        0.3647058823529411,
        0.8588235294117645,
        0.9411764705882353
      ],
      "variance": 0.29835145140400043
    }
  ]
}