{
  "group_name": "extrautils\\assets\\extrautils\\textures\\blocks\\extractor_extract_remote.png",
  "segment_dicts": [
    {
      "equivalent": false,
      "hues": [
        0.0
      ],
      "lightness": 0.06958957496041894,
      "sats": [
        0.0
      ],
      "vals": [
        0.019885749575420802,
        0.24327731092436977,
        0.3111111111111111
      ],
      "variance": 4.095287868186357
    },
    {
      "equivalent": false,
      "hues": [
        0.8333333333333334,
        0.004020100502512576,
        0.03787878787878788
      ],
      "lightness": 0.15616778356912386,
      "sats": [
        0.9945027486256872,
        7.952867755026525e-15,
        1.1441963619837784e-16
      ],
      "vals": [
        0.019195046439628605,
        0.24257703081232496,
        0.9808823529411763
      ],
      "variance": 1.8248920204563526
    }
  ]
}