{
  "group_name": "extratic\\assets\\extratic\\textures\\items\\axe\\natura\\ghostwood_axe_handle.png",
  "segment_dicts": [
    {
      "equivalent": false,
      "hues": [
        0.6666666666666666
      ],
      "lightness": 0.2684766214177979,
      "sats": [
        1.0,
        0.9741379310344828
      ],
      "vals": [
        0.16470588235294117,
        0.27807486631016043,
        0.4549019607843137
      ],
      "variance": 0.8323626336983413
    }
  ]
}