{
  "group_name": "extratic\\assets\\extratic\\textures\\items\\axe\\oodmod\\kroostyl_axe_head_broken.png",
  "segment_dicts": [
    {
      "equivalent": false,
      "hues": [
        0.45416666666666666,
        0.4561949196474857,
        0.4567901234567901
      ],
      "lightness": 0.3701680672268908,
      "sats": [
        0.6,
        0.5981395348837208,
        0.5970149253731343
      ],
      "vals": [
        0.2627450980392157,
        0.35294117647058826,
        0.6022408963585434
      ],
      "variance": 0.5460928628943301
    }
  ]
}