{
  "group_name": "tinker\\assets\\tinker\\textures\\blocks\\glass\\stained\\gray\\glass_1_u.png",
  "segment_dicts": [
    {
      "equivalent": false,
      "hues": [
        0.5208333333333334
      ],
      "lightness": 0.8588235294117645,
      "sats": [
        0.18264840182648404
      ],
      "vals": [
        0.8588235294117647
      ],
      "variance": 0.03379213697287419
    },
    {
      "equivalent": false,
      "hues": [
        0.525
      ],
      "lightness": 0.9294117647058799,
      "sats": [
        0.08438818565400849
      ],
      "vals": [
        0.9294117647058824
      ],
      "variance": 0.03122564555721294
    },
    {
      "equivalent": false,
      "hues": [
        0.5208333333333334,
        0.0
      ],
      "lightness": 0.9176470588235293,
      "sats": [
        0.18264840182648404,
        0.0
      ],
      "vals": [
        0.8588235294117647,
        0.996078431372549
      ],
      "variance": 0.0316259743464079
    },
    {
      "equivalent": false,
      "hues": [
        0.0
      ],
      "lightness": 0.9960784313725493,
      "sats": [
        0.0
      ],
      "vals": [
        0.996078431372549
      ],
      "variance": 0.029135740145903328
    }
  ]
}