{
  "group_name": "tinker\\assets\\tinker\\textures\\blocks\\glass\\stained\\gray\\glass_1_d.png",
  "segment_dicts": [
    {
      "equivalent": true,
      "hues": [
        0.0
      ],
      "lightness": 0.8470588235294114,
      "sats": [
        0.0
      ],
      "vals": [
        0.8470588235294118
      ],
      "variance": 0.1404657914749028
    },
    {
      "equivalent": true,
      "hues": [
        0.75
      ],
      "lightness": 0.6235294117647041,
      "sats": [
        0.012578616352201213
      ],
      "vals": [
        0.6235294117647059
      ],
      "variance": 0.19082145256967975
    },
    {
      "equivalent": true,
      "hues": [
        0.0
      ],
      "lightness": 0.2588235294117647,
      "sats": [
        0.0
      ],
      "vals": [
        0.25882352941176473
      ],
      "variance": 0.45970622664513633
    }
  ]
}