{
  "group_name": "tinker\\assets\\tinker\\textures\\blocks\\glass\\stained\\gray\\glass_2_v.png",
  "segment_dicts": [
    {
      "equivalent": true,
      "hues": [
        0.6666666666666666,
        0.75
      ],
      "lightness": 0.6106232948030198,
      "sats": [
        0.012578616352201213,
        8.578996099376205e-16,
        1.3106799596269207e-16
      ],
      "vals": [
        0.25882352941176484,
        0.6235294117647059,
        0.8470588235294119
      ],
      "variance": 0.17453401434424282
    }
  ]
}