{
  "group_name": "extratic\\assets\\extratic\\textures\\items\\parts\\aoa\\limonite_crossbow_limb.png",
  "segment_dicts": [
    {
      "equivalent": false,
      "hues": [
        0.1713369963369963,
        0.17320261437908493,
        0.17500000000000004
      ],
      "lightness": 0.5109943977591036,
      "sats": [
        0.9357798165137614,
        0.9264443878849581,
        0.9090909090909091
      ],
      "vals": [
        0.25882352941176473,
        0.5502801120448179,
        0.8549019607843137
      ],
      "variance": 0.2459941265367973
    }
  ]
}