{
  "group_name": "extratic\\assets\\extratic\\textures\\items\\bolt\\generic\\sapphire_bolt_shaft.png",
  "segment_dicts": [
    {
      "equivalent": false,
      "hues": [
        0.17128560431100848,
        0.17320261437908493,
        0.17500000000000004
      ],
      "lightness": 0.5281639928698753,
      "sats": [
        0.9357798165137614,
        0.920623671155209,
        0.9090909090909091
      ],
      "vals": [
        0.25882352941176473,
        0.5533333333333333,
        0.8549019607843137
      ],
      "variance": 0.15401483341992162
    }
  ]
}