{
  "group_name": "extratic\\assets\\extratic\\textures\\items\\parts\\bop\\mud_crossbar.png",
  "segment_dicts": [
    {
      "equivalent": false,
      "hues": [
        0.17026226734348562,
        0.17225950782997765,
        0.17320261437908493
      ],
      "lightness": 0.323921568627451,
      "sats": [
        0.9924433249370278,
        0.9357798165137614,
        0.93125
      ],
      "vals": [
        0.20758169934640527,
        0.6274509803921569,
        0.8549019607843137
      ],
      "variance": 0.5878978002686972
    }
  ]
}