{
  "group_name": "extratic\\assets\\extratic\\textures\\items\\parts\\aoa\\limonite_bow_limb.png",
  "segment_dicts": [
    {
      "equivalent": false,
      "hues": [
        0.58130081300813,
        0.5966514459665144,
        0.6058558558558559
      ],
      "lightness": 0.5106152805949966,
      "sats": [
        0.6788990825688073,
        0.5615384615384615,
        0.24260355029585798
      ],
      "vals": [
        0.42745098039215684,
        0.5098039215686274,
        0.6627450980392157
      ],
      "variance": 0.27239317294118537
    }
  ]
}