{
  "group_name": "extratic\\assets\\extratic\\textures\\items\\parts\\aoa\\limonite_crossbow_limb.png",
  "segment_dicts": [
    {
      "equivalent": false,
      "hues": [
        0.5813008130081299,
        0.5967400162999185,
        0.6058558558558559
      ],
      "lightness": 0.5103641456582633,
      "sats": [
        0.6788990825688075,
        0.5624312431243125,
        0.24260355029585798
      ],
      "vals": [
        0.4274509803921569,
        0.5092436974789916,
        0.6627450980392157
      ],
      "variance": 0.35681256161461034
    }
  ]
}