{
  "group_name": "extratic\\assets\\extratic\\textures\\items\\parts\\bop\\mud_arrowhead.png",
  "segment_dicts": [
    {
      "equivalent": false,
      "hues": [
        0.58130081300813,
        0.5833333333333334,
        0.5967056323060573
      ],
      "lightness": 0.3504543280726925,
      "sats": [
        0.556146572104019,
        0.28571428571428537,
        0.24260355029585798
      ],
      "vals": [
        0.192156862745098,
        0.5104072398190045,
        0.6627450980392157
      ],
      "variance": 0.7120454026184377
    }
  ]
}