{
  "group_name": "extratic\\assets\\extratic\\textures\\items\\parts\\twilightforest\\knightmetal_rod.png",
  "segment_dicts": [
    {
      "equivalent": false,
      "hues": [
        0.58130081300813,
        0.5915492957746479,
        0.5990990990990991
      ],
      "lightness": 0.553623188405797,
      "sats": [
        0.5873015873015873,
        0.5144927536231884,
        0.24260355029585798
      ],
      "vals": [
        0.49411764705882355,
        0.5411764705882353,
        0.6627450980392157
      ],
      "variance": 0.39151597244979125
    },
    {
      "equivalent": false,
      "hues": [
        0.5833333333333334
      ],
      "lightness": 0.19215686274509802,
      "sats": [
        0.2857142857142857
      ],
      "vals": [
        0.19215686274509805
      ],
      "variance": 1.1279967724440747
    }
  ]
}