{
  "group_name": "extratic\\assets\\extratic\\textures\\items\\parts\\thermal\\signalum_large_sword_blade.png",
  "segment_dicts": [
    {
      "equivalent": false,
      "hues": [
        0.58130081300813,
        0.5833333333333336,
        0.5991820040899795
      ],
      "lightness": 0.39251885369532435,
      "sats": [
        0.5786455488803932,
        0.2857142857142862,
        0.24260355029585784
      ],
      "vals": [
        0.1921568627450982,
        0.49519945909398244,
        0.6627450980392156
      ],
      "variance": 0.7117122052618445
    }
  ]
}