{
  "group_name": "projectred\\assets\\projectred\\textures\\blocks\\pipes\\colour\\colour_8.png",
  "segment_dicts": [
    {
      "equivalent": false,
      "hues": [
        0.7565753045404208,
        0.7568082788671023,
        0.7570490536886828
      ],
      "lightness": 0.7108455882352941,
      "sats": [
        0.6769954893116297,
        0.6722501395868231,
        0.6287671232876711
      ],
      "vals": [
        0.6665359477124183,
        0.7393188854489164,
        0.7633986928104575
      ],
      "variance": 0.07013636015959629
    }
  ]
}