{
  "group_name": "stevescarts\\assets\\stevescarts\\textures\\items\\basic_farmer_icon.png",
  "segment_dicts": [
    {
      "equivalent": true,
      "hues": [
        0.4020356234096692,
        0.40350877192982454
      ],
      "lightness": 0.29548167092924127,
      "sats": [
        0.3039443155452436,
        0.2526595744680851,
        0.2072727272727273
      ],
      "vals": [
        0.24145658263305322,
        0.29490196078431374,
        0.35947712418300654
      ],
      "variance": 0.6457059123664429
    },
    {
      "equivalent": true,
      "hues": [
        0.8333333333333334,
        0.016895510760541355,
        0.021169848262359292
      ],
      "lightness": 0.3766027759418374,
      "sats": [
        0.9941911124019748,
        0.7471201316511246,
        2.0816681711721685e-16
      ],
      "vals": [
        0.2935208866155158,
        0.3762641898864809,
        0.5333333333333333
      ],
      "variance": 0.5066193721960061
    }
  ]
}