{
  "group_name": "stevescarts\\assets\\stevescarts\\textures\\items\\drill_intelligence_icon.png",
  "segment_dicts": [
    {
      "equivalent": false,
      "hues": [
        0.680890538033395,
        0.10000000000000005,
        0.12277201383346618
      ],
      "lightness": 0.7144218435037566,
      "sats": [
        0.5833333333333334,
        0.29411764705882326,
        0.21269733491767062
      ],
      "vals": [
        0.3294117647058824,
        0.6,
        0.7966193373901284
      ],
      "variance": 0.37086862515017827
    },
    {
      "equivalent": false,
      "hues": [
        0.5474452554744526,
        0.5698757763975154,
        0.9125295508274232
      ],
      "lightness": 0.4666666666666666,
      "sats": [
        1.0,
        0.9657534246575343,
        0.5569105691056911
      ],
      "vals": [
        0.28627450980392155,
        0.42091503267973857,
        0.9647058823529413
      ],
      "variance": 0.5677642433089158
    },
    {
      "equivalent": false,
      "hues": [
        0.5703125,
        0.8368055555555556
      ],
      "lightness": 0.4235294117647059,
      "sats": [
        1.0
      ],
      "vals": [
        0.18823529411764706,
        0.5019607843137255
      ],
      "variance": 0.6255920829051943
    }
  ]
}