{
  "group_name": "stevescarts\\assets\\stevescarts\\textures\\items\\hardened_wood_cutter_icon.png",
  "segment_dicts": [
    {
      "equivalent": false,
      "hues": [
        0.8333333333333334,
        0.09166666666666655
      ],
      "lightness": 0.29848484848484846,
      "sats": [
        0.08287292817679567,
        1.9324701111222858e-16,
        1.5533984706689431e-16
      ],
      "vals": [
        0.17867647058823533,
        0.283921568627451,
        0.5745098039215687
      ],
      "variance": 0.9018448550748683
    },
    {
      "equivalent": false,
      "hues": [
        0.24583333333333343,
        0.24736842105263146,
        0.2811651444087879
      ],
      "lightness": 0.4610159024239617,
      "sats": [
        0.5769833357071642,
        0.5359317904993913,
        0.2631578947368422
      ],
      "vals": [
        0.21464052287581714,
        0.4830409356725146,
        0.8494117647058823
      ],
      "variance": 0.5838996518525973
    },
    {
      "equivalent": false,
      "hues": [
        0.3333333333333333,
        0.45938818565400846,
        0.46938775510204084
      ],
      "lightness": 0.6988795518207283,
      "sats": [
        0.9834710743801653,
        0.7198177676537586,
        0.7
      ],
      "vals": [
        0.27450980392156865,
        0.7378151260504202,
        0.9490196078431372
      ],
      "variance": 0.38516941041209946
    },
    {
      "equivalent": false,
      "hues": [
        0.9928748451053284,
        0.9950166112956811,
        0.9970760233918129
      ],
      "lightness": 0.17753406447324693,
      "sats": [
        0.8699421965317918,
        0.533201189296333,
        0.3568075117370892
      ],
      "vals": [
        0.08480392156862746,
        0.1720375106564365,
        0.25058823529411767
      ],
      "variance": 1.5162556308421964
    }
  ]
}