{
  "group_name": "stevescarts\\assets\\stevescarts\\textures\\items\\reinforced_hull_icon.png",
  "segment_dicts": [
    {
      "equivalent": false,
      "hues": [
        0.08932790758729327,
        0.09667161331354675,
        0.09703909322229953
      ],
      "lightness": 0.49485956544780074,
      "sats": [
        0.8492753623188407,
        0.6444543828264756,
        0.6314591700133869
      ],
      "vals": [
        0.2039215686274508,
        0.5496323529411764,
        0.7144906743185079
      ],
      "variance": 0.5928164626957539
    }
  ]
}