{
  "group_name": "advancedsolarpanel\\assets\\advancedsolarpanel\\textures\\items\\SunnariumAlloy.png",
  "segment_dicts": [
    {
      "equivalent": false,
      "hues": [
        0.05573681348559036,
        0.16666666666666666,
        0.3333333333333333
      ],
      "lightness": 0.5115606556343679,
      "sats": [
        0.9464147035982396,
        0.11956309732787183,
        0.08894963726211724
      ],
      "vals": [
        0.2717011128775835,
        0.7172699849170436,
        0.946813725490196
      ],
      "variance": 0.6462694513800139
    },
    {
      "equivalent": false,
      "hues": [
        0.0555555555555556
      ],
      "lightness": 0.3392503563311376,
      "sats": [
        0.21951219512195128,
        0.19780219780219788
      ],
      "vals": [
        0.3215686274509804,
        0.3568627450980392
      ],
      "variance": 0.9745193132287331
    }
  ]
}