{
  "group_name": "ic2\\assets\\ic2\\textures\\items\\resources\\itemcopperboiler.png",
  "segment_dicts": [
    {
      "equivalent": false,
      "hues": [
        0.11428571428571428,
        0.5356756928553267,
        0.6392663794055906
      ],
      "lightness": 0.5973856209150328,
      "sats": [
        0.9225085759521506,
        0.6858376903841781,
        2.1007930377624466e-14
      ],
      "vals": [
        0.023120915032679698,
        0.7187908496732025,
        0.928839869281046
      ],
      "variance": 0.6603347136149597
    }
  ]
}