{
  "group_name": "extratic\\assets\\extratic\\textures\\items\\parts\\oodmod\\kroostyl_largeplate.png",
  "segment_dicts": [
    {
      "equivalent": false,
      "hues": [
        0.5476190476190476,
        0.5823240371845949,
        0.9407960199004984
      ],
      "lightness": 0.38643457382953184,
      "sats": [
        0.9176659842059084,
        0.1339732053589289,
        8.700357507611226e-15
      ],
      "vals": [
        0.022331154684096022,
        0.24514705882352958,
        0.6703921568627453
      ],
      "variance": 0.9018665090565299
    }
  ]
}