{
  "group_name": "extratic\\assets\\extratic\\textures\\items\\axe\\oodmod\\kroostyl_axe_head_broken.png",
  "segment_dicts": [
    {
      "equivalent": false,
      "hues": [
        0.9159178433889602,
        0.10017889087656529,
        0.11024033437826537
      ],
      "lightness": 0.9997198879551821,
      "sats": [
        0.730718954248366,
        0.6546218487394958,
        0.31305201177625125
      ],
      "vals": [
        0.9990196078431373,
        1.0
      ],
      "variance": 0.00034536106790720544
    }
  ]
}