{
  "group_name": "extratic\\assets\\extratic\\textures\\items\\battleaxe\\metallurgy3\\nether\\kalendrite_battleaxe_handle.png",
  "segment_dicts": [
    {
      "equivalent": false,
      "hues": [
        0.3757309941520468,
        0.3923611111111111,
        0.39327094474153296
      ],
      "lightness": 0.688515406162465,
      "sats": [
        0.7599999999999999,
        0.6417846417846418,
        0.4423963133640553
      ],
      "vals": [
        0.5882352941176471,
        0.7031674208144797,
        0.8509803921568627
      ],
      "variance": 0.078749717670709
    }
  ]
}