{
  "group_name": "extratic\\assets\\extratic\\textures\\items\\hammer\\oodmod\\kroostyl_hammer_front.png",
  "segment_dicts": [
    {
      "equivalent": false,
      "hues": [
        0.4710144927536232,
        0.47119140625,
        0.4728682170542637
      ],
      "lightness": 0.5027450980392157,
      "sats": [
        0.7829787234042553,
        0.7822765469824293,
        0.7818181818181817
      ],
      "vals": [
        0.21568627450980388,
        0.7333333333333333,
        0.9215686274509802
      ],
      "variance": 0.31435896195738866
    }
  ]
}