{
  "group_name": "extratic\\assets\\extratic\\textures\\items\\hammer\\oodmod\\kroostyl_hammer_head.png",
  "segment_dicts": [
    {
      "equivalent": false,
      "hues": [
        0.9859813084112149,
        0.0004894762604014113,
        0.002347417840375473
      ],
      "lightness": 0.7364958886780518,
      "sats": [
        0.48965517241379297,
        0.37876106194690273,
        0.28529534981147875
      ],
      "vals": [
        0.5686274509803922,
        0.738562091503268,
        0.936078431372549
      ],
      "variance": 0.4406478686343396
    }
  ]
}