{
  "group_name": "extratic\\assets\\extratic\\textures\\items\\hammer\\oodmod\\kroostyl_hammer_head.png",
  "segment_dicts": [
    {
      "equivalent": false,
      "hues": [
        0.10833333333333335,
        0.10919540229885057,
        0.10944976076555024
      ],
      "lightness": 0.30411132194813406,
      "sats": [
        0.7249999999999999,
        0.7171314741035857,
        0.7139197267292913
      ],
      "vals": [
        0.15686274509803916,
        0.3281045751633987,
        0.4592156862745098
      ],
      "variance": 0.47823905542118217
    }
  ]
}