{
  "group_name": "extratic\\assets\\extratic\\textures\\items\\excavator\\metallurgy3\\precious\\platinum_excavator_grip.png",
  "segment_dicts": [
    {
      "equivalent": false,
      "hues": [
        0.34929078014184395,
        0.3493589743589743,
        0.34974747474747475
      ],
      "lightness": 0.35392156862745094,
      "sats": [
        1.0,
        0.8859060402684564
      ],
      "vals": [
        0.20392156862745098,
        0.3686274509803922,
        0.5843137254901961
      ],
      "variance": 0.3967178921574151
    }
  ]
}