{
  "group_name": "extratic\\assets\\extratic\\textures\\items\\excavator\\metallurgy3\\precious\\brass_excavator_head_broken.png",
  "segment_dicts": [
    {
      "equivalent": false,
      "hues": [
        0.0
      ],
      "lightness": 0.10638511814982403,
      "sats": [
        0.0
      ],
      "vals": [
        0.03529411764705882,
        0.12666666666666668,
        0.19019607843137254
      ],
      "variance": 3.0289206266875475
    }
  ]
}