{
  "group_name": "thermalexpansion\\assets\\thermalexpansion\\textures\\blocks\\cell\\Cell_Meter_0.png",
  "segment_dicts": [
    {
      "equivalent": false,
      "hues": [
        0.0
      ],
      "lightness": 0.24080882352941177,
      "sats": [
        1.0,
        0.7874076952973184
      ],
      "vals": [
        0.18018207282913168,
        0.5264705882352941,
        0.803921568627451
      ],
      "variance": 1.4132891339068832
    }
  ]
}