{
  "group_name": "extratic\\assets\\extratic\\textures\\items\\pickmattock\\metallurgy3\\nether\\ceruclase_pickmattock_handle.png",
  "segment_dicts": [
    {
      "equivalent": false,
      "hues": [
        0.5281803542673108,
        0.5288065843621399,
        0.5882352941176471
      ],
      "lightness": 0.45903550609432964,
      "sats": [
        0.4475138121546961,
        0.4259259259259259,
        0.2125000000000001
      ],
      "vals": [
        0.3137254901960785,
        0.47647058823529415,
        0.7098039215686275
      ],
      "variance": 0.12405639558793029
    }
  ]
}