{
  "group_name": "extratic\\assets\\extratic\\textures\\items\\pickmattock\\metallurgy3\\nether\\ceruclase_pickmattock_handle.png",
  "segment_dicts": [
    {
      "equivalent": false,
      "hues": [
        0.07908496732026145,
        0.09934640522875816,
        0.12590612002376708
      ],
      "lightness": 1.0,
      "sats": [
        1.0
      ],
      "vals": [
        1.0
      ],
      "variance": 0.35162759813961914
    }
  ]
}