{
  "group_name": "extratic\\assets\\extratic\\textures\\items\\longbow\\generic\\amethyst_bow_bottom_1.png",
  "segment_dicts": [
    {
      "equivalent": false,
      "hues": [
        0.8333333333333334
      ],
      "lightness": 0.47058823529411764,
      "sats": [
        0.20547945205479448,
        0.18848167539267016,
        0.11111111111111117
      ],
      "vals": [
        0.28627450980392155,
        0.4993464052287582,
        0.7058823529411765
      ],
      "variance": 0.38423949543599145
    }
  ]
}