{
  "group_name": "minecraft\\assets\\minecraft\\textures\\blocks\\door_wood_upper.png",
  "segment_dicts": [
    {
      "equivalent": true,
      "hues": [
        0.0
      ],
      "lightness": 0.28366013071895424,
      "sats": [
        0.0
      ],
      "vals": [
        0.20784313725490197,
        0.43529411764705883
      ],
      "variance": 0.8083240502164364
    },
    {
      "equivalent": true,
      "hues": [
        0.08795918367346939,
        0.098287493513233,
        0.1181829888609877
      ],
      "lightness": 0.5327785748445719,
      "sats": [
        0.6573651730614435,
        0.6399442082890542,
        0.5709086898985443
      ],
      "vals": [
        0.37476118652589235,
        0.527170868347339,
        0.6585330428467683
      ],
      "variance": 0.4303651020774619
    }
  ]
}