{
  "group_name": "binniecore\\assets\\botany\\textures\\blocks\\flowers\\double\\double_plant_syringa_bottom.png",
  "segment_dicts": [
    {
      "equivalent": true,
      "hues": [
        0.8137254901960785,
        0.26548089591567847,
        0.2783981951494641
      ],
      "lightness": 0.579354094579008,
      "sats": [
        0.7224938875305623,
        0.35785007072135777,
        0.15044247787610618
      ],
      "vals": [
        0.5545098039215686,
        0.572829131652661,
        0.8862745098039215
      ],
      "variance": 0.6100140466632193
    },
    {
      "equivalent": true,
      "hues": [
        0.813131313131313,
        0.8137254901960785,
        0.8143939393939393
      ],
      "lightness": 0.7370915032679739,
      "sats": [
        0.26829268292682934,
        0.17368421052631577,
        0.15044247787610618
      ],
      "vals": [
        0.6431372549019608,
        0.7450980392156863,
        0.8862745098039215
      ],
      "variance": 0.47947118386000503
    },
    {
      "equivalent": true,
      "hues": [
        0.813131313131313,
        0.2666666666666666
      ],
      "lightness": 0.6607843137254902,
      "sats": [
        0.37414965986394555,
        0.17368421052631577
      ],
      "vals": [
        0.5764705882352941,
        0.7450980392156863
      ],
      "variance": 0.5348403833809304
    },
    {
      "equivalent": true,
      "hues": [
        0.2666666666666666
      ],
      "lightness": 0.5764705882352941,
      "sats": [
        0.37414965986394555
      ],
      "vals": [
        0.5764705882352941
      ],
      "variance": 0.6130653374128353
    }
  ]
}