{
  "group_name": "minecraft\\assets\\minecraft\\textures\\blocks\\double_plant_sunflower_front.png",
  "segment_dicts": [
    {
      "equivalent": true,
      "hues": [
        0.10033131662345145,
        0.1337076315242254,
        0.1549314882648216
      ],
      "lightness": 0.9184012066365008,
      "sats": [
        0.8624673872530749,
        0.8606711409395973,
        0.8516464471403813
      ],
      "vals": [
        0.876797385620915,
        0.9129901960784313,
        0.9428104575163399
      ],
      "variance": 0.4808894312701084
    }
  ]
}