{
  "group_name": "tinker\\assets\\tinker\\textures\\blocks\\glass\\stainedglass_lightgray_side.png",
  "segment_dicts": [
    {
      "equivalent": false,
      "hues": [
        0.23777129899578875,
        0.23782771535580519,
        0.23795180722891565
      ],
      "lightness": 0.7575980392156861,
      "sats": [
        0.8783068783068783,
        0.8772378516624041,
        0.8768472906403941
      ],
      "vals": [
        0.7411764705882353,
        0.7666666666666666,
        0.796078431372549
      ],
      "variance": 0.3367030256520818
    },
    {
      "equivalent": false,
      "hues": [
        0.23781676413255357,
        0.23782771535580519
      ],
      "lightness": 0.7843137254901958,
      "sats": [
        0.8769230769230769,
        0.8768472906403941
      ],
      "vals": [
        0.7647058823529411,
        0.796078431372549
      ],
      "variance": 0.3252340788408078
    }
  ]
}