{
  "group_name": "extratic\\assets\\extratic\\textures\\items\\battleaxe\\oodmod\\kroostyl_battleaxe_backhead.png",
  "segment_dicts": [
    {
      "equivalent": false,
      "hues": [
        0.0
      ],
      "lightness": 0.2925199709513434,
      "sats": [
        0.0
      ],
      "vals": [
        0.10588235294117648,
        0.36274509803921573,
        0.6
      ],
      "variance": 0.7720829153875648
    }
  ]
}