{
  "group_name": "extratic\\assets\\extratic\\textures\\items\\battleaxe\\metallurgy3\\nether\\kalendrite_battleaxe_handle.png",
  "segment_dicts": [
    {
      "equivalent": false,
      "hues": [
        0.0
      ],
      "lightness": 0.37591036414565826,
      "sats": [
        0.0
      ],
      "vals": [
        0.23529411764705882,
        0.39788838612368027,
        0.6
      ],
      "variance": 0.5302375467156296
    }
  ]
}