{
  "group_name": "extratic\\assets\\extratic\\textures\\items\\battleaxe\\oodmod\\kroostyl_battleaxe_backhead.png",
  "segment_dicts": [
    {
      "equivalent": false,
      "hues": [
        0.3826530612244898,
        0.39953271028037385,
        0.44009826152683296
      ],
      "lightness": 0.6967320261437908,
      "sats": [
        0.9683257918552036,
        0.9524838012958964,
        0.8672566371681416
      ],
      "vals": [
        0.4431372549019608,
        0.8666666666666667,
        0.9078431372549018
      ],
      "variance": 0.17095600445998
    }
  ]
}