{
  "group_name": "extratic\\assets\\extratic\\textures\\items\\hammer\\oodmod\\kroostyl_hammer_back.png",
  "segment_dicts": [
    {
      "equivalent": false,
      "hues": [
        0.38333333333333347,
        0.3871391076115485,
        0.39000000000000007
      ],
      "lightness": 0.25058823529411767,
      "sats": [
        0.41666666666666663,
        0.3937007874015748,
        0.3866057838660579
      ],
      "vals": [
        0.0941176470588235,
        0.36806722689075627,
        0.4980392156862745
      ],
      "variance": 0.3786484016963829
    }
  ]
}