{
  "group_name": "extratic\\assets\\extratic\\textures\\items\\bolt\\generic\\sapphire_bolt_head.png",
  "segment_dicts": [
    {
      "equivalent": false,
      "hues": [
        0.0,
        0.5
      ],
      "lightness": 0.8575163398692811,
      "sats": [
        0.04117647058823537,
        0.0
      ],
      "vals": [
        0.4,
        0.8862745098039216,
        1.0
      ],
      "variance": 0.037125238571403055
    }
  ]
}