{
  "group_name": "extratic\\assets\\extratic\\textures\\items\\chisel\\metallurgy3\\fantasy\\astral_silver_chisel_head_broken.png",
  "segment_dicts": [
    {
      "equivalent": false,
      "hues": [
        0.07017543859649122,
        0.07407407407407407
      ],
      "lightness": 0.1916955017301038,
      "sats": [
        0.5066666666666666,
        0.47368421052631576
      ],
      "vals": [
        0.14901960784313725,
        0.29411764705882354
      ],
      "variance": 0.19519163579527896
    }
  ]
}