{
  "group_name": "biomesoplenty\\assets\\biomesoplenty\\textures\\items\\bucket_poison.png",
  "segment_dicts": [
    {
      "equivalent": false,
      "hues": [
        0.3628318584070773,
        0.3777777777777796,
        0.8333333333333334
      ],
      "lightness": 0.41697555734622616,
      "sats": [
        0.04509177972865165,
        0.01754385964912301,
        1.9161209562058538e-16
      ],
      "vals": [
        0.23969392635102837,
        0.5794117647058824,
        0.8382352941176471
      ],
      "variance": 0.7116723706497009
    },
    {
      "equivalent": false,
      "hues": [
        0.0,
        0.3636363636363636,
        0.38034188034187993
      ],
      "lightness": 0.6281979458450047,
      "sats": [
        0.8378378378378379,
        0.01560624249699888,
        0.0
      ],
      "vals": [
        0.29934640522875816,
        0.5320261437908497,
        0.8166666666666667
      ],
      "variance": 0.47238292541756616
    },
    {
      "equivalent": false,
      "hues": [
        0.35378086419753085,
        0.3579069095114195,
        0.36403806934058464
      ],
      "lightness": 0.5558246828143022,
      "sats": [
        0.8376993166287016,
        0.8108298171589311,
        0.7897623400365631
      ],
      "vals": [
        0.5297134238310709,
        0.5576470588235294,
        0.5850267379679144
      ],
      "variance": 0.5338913376373239
    }
  ]
}