{
  "group_name": "extratic\\assets\\extratic\\textures\\items\\excavator\\metallurgy3\\precious\\brass_excavator_head.png",
  "segment_dicts": [
    {
      "equivalent": false,
      "hues": [
        0.33774647887323944,
        0.34375,
        0.3452380952380952
      ],
      "lightness": 0.4890104879160967,
      "sats": [
        0.6885245901639342,
        0.6497461928934012,
        0.6456893415787559
      ],
      "vals": [
        0.23921568627450976,
        0.5989106753812636,
        0.7725490196078433
      ],
      "variance": 0.2103614429259073
    }
  ]
}