{
  "group_name": "extratic\\assets\\extratic\\textures\\items\\excavator\\erebus\\jade_excavator_binding.png",
  "segment_dicts": [
    {
      "equivalent": false,
      "hues": [
        0.11036036036036034,
        0.11099585062240665,
        0.11111111111111109
      ],
      "lightness": 0.5421568627450981,
      "sats": [
        1.0
      ],
      "vals": [
        0.23529411764705882,
        0.6300653594771242,
        0.8705882352941177
      ],
      "variance": 0.1647651331543233
    }
  ]
}