{
  "group_name": "extratic\\assets\\extratic\\textures\\items\\excavator\\metallurgy3\\precious\\brass_excavator_head_broken.png",
  "segment_dicts": [
    {
      "equivalent": false,
      "hues": [
        0.9959568733153639,
        0.00010850694444443827,
        0.01666666666666668
      ],
      "lightness": 0.5414781297134239,
      "sats": [
        1.0,
        0.912655971479501,
        0.8299776286353469
      ],
      "vals": [
        0.23529411764705882,
        0.66,
        0.8764705882352941
      ],
      "variance": 0.28128730435383625
    }
  ]
}