{
  "group_name": "extratic\\assets\\extratic\\textures\\items\\shovel\\natura\\darkwood_shovel_head.png",
  "segment_dicts": [
    {
      "equivalent": false,
      "hues": [
        0.0
      ],
      "lightness": 0.2235294117647059,
      "sats": [
        0.0
      ],
      "vals": [
        0.06459054209919263,
        0.24313725490196078,
        0.5490196078431373
      ],
      "variance": 1.161421519939629
    }
  ]
}