{
  "group_name": "extratic\\assets\\extratic\\textures\\items\\parts\\bop\\mud_lumberaxe_head.png",
  "segment_dicts": [
    {
      "equivalent": false,
      "hues": [
        0.019102990033222595,
        0.019284467713787095,
        0.5166666666666666
      ],
      "lightness": 0.27175636211931586,
      "sats": [
        0.8514851485148515,
        0.8488888888888889,
        1.1796119636642288e-15
      ],
      "vals": [
        0.058823529411764705,
        0.30806100217864923,
        0.4901960784313726
      ],
      "variance": 0.30979194017659767
    }
  ]
}