{
  "group_name": "extratic\\assets\\extratic\\textures\\items\\parts\\metallurgy3\\precious\\brass_trident_head.png",
  "segment_dicts": [
    {
      "equivalent": false,
      "hues": [
        0.018333333333333313,
        0.019841269841269844,
        0.5
      ],
      "lightness": 0.16150326797385622,
      "sats": [
        0.8571428571428572,
        0.847457627118644,
        1.887379141862766e-15
      ],
      "vals": [
        0.058823529411764705,
        0.3843137254901961,
        0.46274509803921576
      ],
      "variance": 1.0023166856087509
    }
  ]
}