{
  "group_name": "extratic\\assets\\extratic\\textures\\items\\parts\\aoa\\limonite_crossbow_limb.png",
  "segment_dicts": [
    {
      "equivalent": false,
      "hues": [
        0.5990566037735849,
        0.6080074487895718,
        0.6104651162790699
      ],
      "lightness": 0.5352240896358543,
      "sats": [
        0.8113207547169811,
        0.735912938331318,
        0.6625
      ],
      "vals": [
        0.415686274509804,
        0.5791316526610645,
        0.6274509803921569
      ],
      "variance": 0.22875906801599846
    }
  ]
}