{
  "group_name": "extratic\\assets\\extratic\\textures\\items\\parts\\metallurgy3\\precious\\silver_sword_blade.png",
  "segment_dicts": [
    {
      "equivalent": false,
      "hues": [
        0.38333333333333375,
        0.3888888888888889,
        0.39000000000000007
      ],
      "lightness": 0.29075630252100837,
      "sats": [
        0.4166666666666669,
        0.3937007874015751,
        0.3925233644859813
      ],
      "vals": [
        0.09411764705882344,
        0.41960784313725485,
        0.49803921568627463
      ],
      "variance": 0.4427933419801419
    },
    {
      "equivalent": false,
      "hues": [
        0.3833333333333333
      ],
      "lightness": 0.09411764705882353,
      "sats": [
        0.4166666666666667
      ],
      "vals": [
        0.09411764705882353
      ],
      "variance": 1.367915145760081
    }
  ]
}