{
  "group_name": "extratic\\assets\\extratic\\textures\\items\\bolt\\generic\\sapphire_bolt_shaft.png",
  "segment_dicts": [
    {
      "equivalent": false,
      "hues": [
        0.38666666666666666,
        0.3894557823129252,
        0.39102564102564097
      ],
      "lightness": 0.379144385026738,
      "sats": [
        0.39147802929427433,
        0.38805970149253743,
        0.3858875413450937
      ],
      "vals": [
        0.26274509803921575,
        0.3952069716775599,
        0.4908496732026144
      ],
      "variance": 0.09658106587559287
    }
  ]
}