{
  "group_name": "extratic\\assets\\extratic\\textures\\items\\bolt\\generic\\sapphire_bolt_head.png",
  "segment_dicts": [
    {
      "equivalent": false,
      "hues": [
        0.3879781420765027,
        0.3894557823129252,
        0.39102564102564097
      ],
      "lightness": 0.41742919389978206,
      "sats": [
        0.389776357827476,
        0.38805970149253727,
        0.3698113207547169
      ],
      "vals": [
        0.2627450980392157,
        0.4091503267973856,
        0.5196078431372548
      ],
      "variance": 0.04017595419423174
    }
  ]
}