{
  "group_name": "extratic\\assets\\extratic\\textures\\items\\bolt\\generic\\sapphire_bolt_head.png",
  "segment_dicts": [
    {
      "equivalent": false,
      "hues": [
        0.0
      ],
      "lightness": 0.7237472766884532,
      "sats": [
        0.0
      ],
      "vals": [
        0.5294117647058824,
        0.7189542483660131,
        0.8352941176470587
      ],
      "variance": 0.022960799666727053
    }
  ]
}