{
  "group_name": "extratic\\assets\\extratic\\textures\\items\\parts\\bop\\mud_crossbar.png",
  "segment_dicts": [
    {
      "equivalent": false,
      "hues": [
        0.0
      ],
      "lightness": 0.3250980392156863,
      "sats": [
        0.0
      ],
      "vals": [
        0.15686274509803916,
        0.5294117647058824,
        0.7552941176470588
      ],
      "variance": 0.49462663878788793
    }
  ]
}