{
  "group_name": "extratic\\assets\\extratic\\textures\\items\\parts\\bop\\mud_large_guard.png",
  "segment_dicts": [
    {
      "equivalent": false,
      "hues": [
        0.06060606060606063,
        0.06111111111111115,
        0.07246376811594196
      ],
      "lightness": 0.45694117647058824,
      "sats": [
        0.3225806451612903,
        0.16058394160583936,
        0.11111111111111113
      ],
      "vals": [
        0.3647058823529411,
        0.5372549019607843,
        0.8117647058823529
      ],
      "variance": 0.37028761134266075
    }
  ]
}