{
  "group_name": "extratic\\assets\\extratic\\textures\\items\\parts\\bop\\mud_pickaxe_head.png",
  "segment_dicts": [
    {
      "equivalent": false,
      "hues": [
        0.06060606060606063,
        0.06111111111111115,
        0.07900432900432902
      ],
      "lightness": 0.4841628959276018,
      "sats": [
        0.3225806451612903,
        0.16058394160583936,
        0.09777777777777769
      ],
      "vals": [
        0.3647058823529411,
        0.5372549019607843,
        0.8823529411764706
      ],
      "variance": 0.4143729921653711
    }
  ]
}