{
  "group_name": "extratic\\assets\\extratic\\textures\\items\\parts\\bop\\mud_frypan_head.png",
  "segment_dicts": [
    {
      "equivalent": false,
      "hues": [
        0.06060606060606063,
        0.061111111111111026,
        0.07594562647754156
      ],
      "lightness": 0.6678982336736348,
      "sats": [
        0.3225806451612901,
        0.16058394160583936,
        0.11361804995970987
      ],
      "vals": [
        0.36470588235294116,
        0.5372549019607843,
        0.846376811594203
      ],
      "variance": 0.33218568716546487
    }
  ]
}