{
  "group_name": "extratic\\assets\\extratic\\textures\\items\\hammer\\metallurgy3\\nether\\kalendrite_hammer_handle_broken.png",
  "segment_dicts": [
    {
      "equivalent": false,
      "hues": [
        0.4550311665182547,
        0.456439393939394,
        0.45679012345679015
      ],
      "lightness": 0.590718954248366,
      "sats": [
        0.6,
        0.5986394557823129,
        0.5773778920308483
      ],
      "vals": [
        0.35294117647058826,
        0.5764705882352941,
        0.8474945533769063
      ],
      "variance": 0.25112438820145677
    }
  ]
}