{
  "group_name": "ttinkerer\\assets\\ttinkerer\\textures\\blocks\\crop_ignis_3.png",
  "segment_dicts": [
    {
      "equivalent": false,
      "hues": [
        0.35784313725490197,
        0.3582251082251082
      ],
      "lightness": 0.903921568627451,
      "sats": [
        0.7096774193548386,
        0.4180327868852459
      ],
      "vals": [
        0.8509803921568627,
        0.9568627450980393
      ],
      "variance": 0.412940643523167
    },
    {
      "equivalent": false,
      "hues": [
        0.311307665626084,
        0.31209150326797386,
        0.35074745547073793
      ],
      "lightness": 0.4841073271413828,
      "sats": [
        0.7258308157099698,
        0.723404255319149,
        0.6645529486366518
      ],
      "vals": [
        0.3461437908496732,
        0.5529411764705883,
        0.8245751633986929
      ],
      "variance": 0.7710396709911362
    }
  ]
}