{
  "group_name": "ttinkerer\\assets\\ttinkerer\\textures\\blocks\\crop_generic_0.png",
  "segment_dicts": [
    {
      "equivalent": false,
      "hues": [
        0.047334924423229896,
        0.04797979797979799,
        0.050000000000000024
      ],
      "lightness": 0.4470588235294118,
      "sats": [
        0.9639570552147239,
        0.9547738693467337,
        0.9428571428571428
      ],
      "vals": [
        0.27450980392156865,
        0.4648841354723708,
        0.7803921568627451
      ],
      "variance": 0.4030366240480971
    },
    {
      "equivalent": false,
      "hues": [
        0.04742547425474255,
        0.050000000000000024,
        0.0730837789661319
      ],
      "lightness": 0.7382352941176471,
      "sats": [
        0.9609375,
        0.9547738693467337,
        0.8779342723004695
      ],
      "vals": [
        0.5019607843137255,
        0.7803921568627451,
        0.8352941176470589
      ],
      "variance": 0.24406998747135758
    }
  ]
}