{
  "group_name": "ttinkerer\\assets\\ttinkerer\\textures\\blocks\\crop_generic_0.png",
  "segment_dicts": [
    {
      "equivalent": false,
      "hues": [
        0.8695652173913044,
        0.8714902807775378,
        0.8733333333333333
      ],
      "lightness": 0.48910675381263613,
      "sats": [
        0.31865106675843075,
        0.2948717948717949,
        0.24875621890547261
      ],
      "vals": [
        0.3058823529411765,
        0.5180035650623885,
        0.788235294117647
      ],
      "variance": 0.339887826412705
    },
    {
      "equivalent": false,
      "hues": [
        0.8703703703703703,
        0.8733333333333333,
        0.8916666666666667
      ],
      "lightness": 0.7568627450980392,
      "sats": [
        0.31468531468531463,
        0.24875621890547261,
        0.18691588785046728
      ],
      "vals": [
        0.5607843137254902,
        0.788235294117647,
        0.8392156862745098
      ],
      "variance": 0.21964541459312684
    }
  ]
}