{
  "group_name": "ttinkerer\\assets\\ttinkerer\\textures\\blocks\\crop_ordo_1.png",
  "segment_dicts": [
    {
      "equivalent": false,
      "hues": [
        0.24525316455696208,
        0.2510162601626016,
        0.283179012345679
      ],
      "lightness": 0.5024955436720142,
      "sats": [
        0.7321428571428572,
        0.7281105990783411,
        0.7116968698517299
      ],
      "vals": [
        0.34039215686274515,
        0.5856209150326798,
        0.7934640522875817
      ],
      "variance": 0.46427658413209477
    }
  ]
}