{
  "group_name": "ttinkerer\\assets\\ttinkerer\\textures\\blocks\\crop_aqua_2.png",
  "segment_dicts": [
    {
      "equivalent": true,
      "hues": [
        0.5943885330893565,
        0.6231605886116443,
        0.6236298292902066
      ],
      "lightness": 0.5601023017902813,
      "sats": [
        0.7616959064327485,
        0.709097859327217,
        0.5746582544689801
      ],
      "vals": [
        0.38319327731092445,
        0.6034602076124567,
        0.9323529411764706
      ],
      "variance": 0.399330475783086
    }
  ]
}