{
  "group_name": "ttinkerer\\assets\\ttinkerer\\textures\\items\\seed_ordo.png",
  "segment_dicts": [
    {
      "equivalent": true,
      "hues": [
        0.8703703703703703,
        0.8733333333333333,
        0.8738738738738738
      ],
      "lightness": 0.606761325219743,
      "sats": [
        0.327433628318584,
        0.31468531468531463,
        0.24875621890547261
      ],
      "vals": [
        0.44313725490196076,
        0.5607843137254902,
        0.788235294117647
      ],
      "variance": 0.3160098522187014
    }
  ]
}