{
  "group_name": "extratic\\assets\\extratic\\textures\\items\\scythe\\metallurgy3\\precious\\brass_scythe_handle.png",
  "segment_dicts": [
    {
      "equivalent": false,
      "hues": [
        0.08333333333333333,
        0.08371040723981898,
        0.08416666666666663
      ],
      "lightness": 0.9526881720430107,
      "sats": [
        0.9999999999999998,
        0.6745098039215687,
        0.2614379084967319
      ],
      "vals": [
        0.8666666666666667,
        1.0
      ],
      "variance": 0.03922538971178152
    }
  ]
}