{
  "group_name": "extratic\\assets\\extratic\\textures\\items\\scythe\\metallurgy3\\precious\\brass_scythe_handle.png",
  "segment_dicts": [
    {
      "equivalent": false,
      "hues": [
        0.8005050505050505,
        0.8010204081632653,
        0.802158273381295
      ],
      "lightness": 0.6782416192283365,
      "sats": [
        0.5945945945945944,
        0.5185185185185185,
        0.2074626865671642
      ],
      "vals": [
        0.4352941176470587,
        0.7411764705882353,
        0.8758169934640523
      ],
      "variance": 0.24530709117554528
    }
  ]
}