{
  "group_name": "extratic\\assets\\extratic\\textures\\items\\scythe\\metallurgy3\\precious\\brass_scythe_handle.png",
  "segment_dicts": [
    {
      "equivalent": false,
      "hues": [
        0.09962756052141526,
        0.0998463901689708,
        0.1010498687664042
      ],
      "lightness": 0.8942441492726122,
      "sats": [
        0.9999999999999999,
        0.8509803921568627,
        0.3320261437908496
      ],
      "vals": [
        0.7019607843137255,
        1.0
      ],
      "variance": 0.09341069605434012
    }
  ]
}