{
  "group_name": "extratic\\assets\\extratic\\textures\\items\\scythe\\metallurgy3\\nether\\kalendrite_scythe_accessory.png",
  "segment_dicts": [
    {
      "equivalent": false,
      "hues": [
        0.09962756052141526,
        0.0998463901689708,
        0.1004784688995215
      ],
      "lightness": 0.8963341858482523,
      "sats": [
        1.0,
        0.8509803921568627,
        0.40980392156862755
      ],
      "vals": [
        0.7019607843137254,
        1.0
      ],
      "variance": 0.057854123705457484
    }
  ]
}