{
  "group_name": "extratic\\assets\\extratic\\textures\\items\\scythe\\metallurgy3\\precious\\brass_scythe_binding.png",
  "segment_dicts": [
    {
      "equivalent": false,
      "hues": [
        0.0
      ],
      "lightness": 0.7,
      "sats": [
        1.0,
        0.976,
        0.5098039215686275
      ],
      "vals": [
        0.5098039215686274,
        0.8169934640522876,
        1.0
      ],
      "variance": 0.10246546174283401
    }
  ]
}