{
  "group_name": "extratic\\assets\\extratic\\textures\\items\\longbow\\metallurgy3\\nether\\ceruclase_bow_top_3.png",
  "segment_dicts": [
    {
      "equivalent": true,
      "hues": [
        0.5456989247311829,
        0.545751633986928,
        0.5467289719626169
      ],
      "lightness": 0.652738336713996,
      "sats": [
        0.6019417475728156,
        0.5964912280701754,
        0.2442922374429224
      ],
      "vals": [
        0.40392156862745104,
        0.6705882352941176,
        0.8588235294117648
      ],
      "variance": 0.14852619931641586
    }
  ]
}