{
  "group_name": "extratic\\assets\\extratic\\textures\\items\\longbow\\generic\\sapphire_bow_bottom.png",
  "segment_dicts": [
    {
      "equivalent": false,
      "hues": [
        0.4282407407407407,
        0.42924528301886794,
        0.4294871794871795
      ],
      "lightness": 0.6770196078431372,
      "sats": [
        0.6235294117647059,
        0.6206896551724136,
        0.2305986696230598
      ],
      "vals": [
        0.45490196078431366,
        0.6666666666666666,
        0.884313725490196
      ],
      "variance": 0.08486608232905457
    }
  ]
}