{
  "group_name": "extratic\\assets\\extratic\\textures\\items\\longbow\\generic\\amethyst_bow_bottom_1.png",
  "segment_dicts": [
    {
      "equivalent": false,
      "hues": [
        0.07088122605363983,
        0.07456140350877193,
        0.07738095238095248
      ],
      "lightness": 0.59898798228969,
      "sats": [
        0.2886597938144329,
        0.2794117647058823,
        0.07234927234927233
      ],
      "vals": [
        0.380392156862745,
        0.5333333333333333,
        0.857397504456328
      ],
      "variance": 0.12086893680721618
    }
  ]
}