{
  "group_name": "extratic\\assets\\extratic\\textures\\items\\longbow\\generic\\sapphire_bow_top.png",
  "segment_dicts": [
    {
      "equivalent": false,
      "hues": [
        0.053921568627450976,
        0.05405405405405406,
        0.054644808743169404
      ],
      "lightness": 0.9440000000000002,
      "sats": [
        1.0,
        0.7176470588235294,
        0.36274509803921573
      ],
      "vals": [
        0.8,
        1.0
      ],
      "variance": 0.10152500171651076
    }
  ]
}