{
  "group_name": "extratic\\assets\\tinker\\textures\\items\\parts\\terrasteel_chunk.png",
  "segment_dicts": [
    {
      "equivalent": false,
      "hues": [
        0.7521367521367521,
        0.7533650039588281,
        0.7534368070953437
      ],
      "lightness": 0.9305457122608081,
      "sats": [
        0.3404287439613528,
        0.22755834829443447,
        0.15530757170524767
      ],
      "vals": [
        0.8379506641366223,
        0.9708061002178648,
        0.988873689010488
      ],
      "variance": 0.07138374327109744
    }
  ]
}