{
  "group_name": "extratic\\assets\\extratic\\textures\\items\\bolt\\generic\\sapphire_bolt_shaft.png",
  "segment_dicts": [
    {
      "equivalent": false,
      "hues": [
        0.07539682539682536,
        0.0770135214579659,
        0.077027027027027
      ],
      "lightness": 0.5117647058823529,
      "sats": [
        0.6451612903225806,
        0.5060240963855421,
        0.49606299212598426
      ],
      "vals": [
        0.32549019607843144,
        0.4980392156862745,
        0.7496732026143791
      ],
      "variance": 0.24946566591089545
    }
  ]
}