{
  "group_name": "extratic\\assets\\extratic\\textures\\items\\chisel\\metallurgy3\\fantasy\\astral_silver_chisel_head_broken.png",
  "segment_dicts": [
    {
      "equivalent": false,
      "hues": [
        0.0,
        0.048484848484848485
      ],
      "lightness": 0.36747404844290654,
      "sats": [
        1.0
      ],
      "vals": [
        0.2509803921568627,
        0.25098039215686274,
        0.6470588235294118
      ],
      "variance": 0.7310204454118263
    }
  ]
}