{
  "group_name": "extratic\\assets\\extratic\\textures\\items\\chisel\\generic\\amethyst_chisel_handle.png",
  "segment_dicts": [
    {
      "equivalent": false,
      "hues": [
        0.07407407407407407,
        0.0771276595744681,
        0.07765151515151515
      ],
      "lightness": 0.5580693815987934,
      "sats": [
        1.0,
        0.8300220750551877
      ],
      "vals": [
        0.34509803921568627,
        0.49411764705882355,
        0.888235294117647
      ],
      "variance": 0.4029178297166038
    }
  ]
}