{
  "group_name": "extratic\\assets\\extratic\\textures\\items\\chisel\\metallurgy3\\fantasy\\astral_silver_chisel_head_broken.png",
  "segment_dicts": [
    {
      "equivalent": false,
      "hues": [
        0.0
      ],
      "lightness": 0.25720876585928487,
      "sats": [
        0.0
      ],
      "vals": [
        0.1568627450980392,
        0.15686274509803927,
        0.4980392156862745
      ],
      "variance": 1.1429610155281433
    }
  ]
}