{
  "group_name": "extratic\\assets\\extratic\\textures\\items\\chisel\\generic\\amethyst_chisel_handle.png",
  "segment_dicts": [
    {
      "equivalent": false,
      "hues": [
        0.7460106382978724,
        0.8232323232323232,
        0.8865248226950355
      ],
      "lightness": 0.39366515837104077,
      "sats": [
        1.0,
        0.825,
        0.5013333333333333
      ],
      "vals": [
        0.1843137254901961,
        0.3137254901960784,
        0.7352941176470588
      ],
      "variance": 0.5940813967941586
    }
  ]
}