{
  "group_name": "extratic\\assets\\extratic\\textures\\items\\chisel\\generic\\amethyst_chisel_handle.png",
  "segment_dicts": [
    {
      "equivalent": false,
      "hues": [
        0.0
      ],
      "lightness": 0.35414781297134235,
      "sats": [
        0.0
      ],
      "vals": [
        0.09019607843137256,
        0.36235294117647054,
        0.7803921568627451
      ],
      "variance": 1.0302052767439145
    }
  ]
}