{
  "group_name": "harvestcraft\\assets\\harvestcraft\\textures\\items\\sweetpotatoseedboxItem.png",
  "segment_dicts": [
    {
      "equivalent": false,
      "hues": [
        0.16062801932367152,
        0.1622807017543859,
        0.5676380004738214
      ],
      "lightness": 0.6470588235294118,
      "sats": [
        0.8878371982962614,
        0.6666666666666667,
        0.6666666666666666
      ],
      "vals": [
        0.2235294117647059,
        0.6718600953895072,
        0.8117647058823529
      ],
      "variance": 0.32984757082789107
    },
    {
      "equivalent": false,
      "hues": [
        0.16228070175438591,
        0.5089605734767025,
        0.5765765765765766
      ],
      "lightness": 0.5811764705882354,
      "sats": [
        0.8985507246376812,
        0.8862275449101797,
        0.6666666666666666
      ],
      "vals": [
        0.22352941176470592,
        0.6549019607843137,
        0.8117647058823529
      ],
      "variance": 0.36723919829016205
    }
  ]
}