{
  "group_name": "harvestcraft\\assets\\harvestcraft\\textures\\items\\sweetpotatoseedboxItem.png",
  "segment_dicts": [
    {
      "equivalent": false,
      "hues": [
        0.0,
        0.15240503046804088,
        0.162280701754386
      ],
      "lightness": 0.8733952528379771,
      "sats": [
        0.8666666666666667,
        0.705543358946213,
        0.6666666666666666
      ],
      "vals": [
        0.22352941176470587,
        0.8405997693194925,
        1.0
      ],
      "variance": 0.5362304158696762
    },
    {
      "equivalent": false,
      "hues": [
        0.0,
        0.13752276867030966,
        0.1622807017543861
      ],
      "lightness": 0.8100392156862746,
      "sats": [
        0.8666666666666667,
        0.7887931034482759,
        0.6666666666666664
      ],
      "vals": [
        0.22352941176470575,
        0.9098039215686274,
        1.0
      ],
      "variance": 0.5781708966412515
    }
  ]
}