{
  "group_name": "harvestcraft\\assets\\harvestcraft\\textures\\items\\sweetpotatoseedboxItem.png",
  "segment_dicts": [
    {
      "equivalent": false,
      "hues": [
        0.0,
        0.16062801932367152,
        0.5089605734767025
      ],
      "lightness": 0.5938080495356037,
      "sats": [
        1.0,
        0.8985507246376814,
        0.6666666666666667
      ],
      "vals": [
        0.49803921568627446,
        0.8117647058823528,
        0.8117647058823529
      ],
      "variance": 0.3807215825415431
    },
    {
      "equivalent": false,
      "hues": [
        0.5089605734767025,
        0.0,
        3.700743415417188e-17
      ],
      "lightness": 0.5858823529411765,
      "sats": [
        1.0,
        0.8985507246376813
      ],
      "vals": [
        0.4980392156862745,
        0.8117647058823529
      ],
      "variance": 0.38587190621151957
    }
  ]
}