{
  "group_name": "harvestcraft\\assets\\harvestcraft\\textures\\items\\sweetpotatoseedboxItem.png",
  "segment_dicts": [
    {
      "equivalent": false,
      "hues": [
        0.04166666666666674,
        0.16062801932367152,
        0.5089605734767025
      ],
      "lightness": 0.7027863777089783,
      "sats": [
        0.8985507246376812,
        0.8862275449101797,
        0.6666666666666667
      ],
      "vals": [
        0.6549019607843137,
        0.8117647058823529,
        0.811764705882353
      ],
      "variance": 0.5033316388688347
    },
    {
      "equivalent": false,
      "hues": [
        0.04166666666666665,
        0.5089605734767025
      ],
      "lightness": 0.6988235294117647,
      "sats": [
        0.8985507246376813,
        0.8862275449101795
      ],
      "vals": [
        0.6549019607843137,
        0.6549019607843138,
        0.8117647058823529
      ],
      "variance": 0.5061859029914295
    }
  ]
}