{
  "group_name": "harvestcraft\\assets\\harvestcraft\\textures\\items\\sweetpotatoseedboxItem.png",
  "segment_dicts": [
    {
      "equivalent": false,
      "hues": [
        0.041666666666666664,
        0.1606280193236715,
        0.162280701754386
      ],
      "lightness": 0.5975232198142415,
      "sats": [
        0.8862275449101797,
        0.6666666666666669,
        0.6666666666666666
      ],
      "vals": [
        0.22352941176470587,
        0.6549019607843138,
        0.811764705882353
      ],
      "variance": 0.4075181223986404
    },
    {
      "equivalent": false,
      "hues": [
        0.041666666666666664,
        0.16228070175438605
      ],
      "lightness": 0.5341176470588236,
      "sats": [
        0.8862275449101797,
        0.6666666666666665
      ],
      "vals": [
        0.2235294117647058,
        0.6549019607843137,
        0.6549019607843138
      ],
      "variance": 0.4558949549208068
    }
  ]
}