{
  "group_name": "extratic\\assets\\extratic\\textures\\items\\shuriken\\metallurgy3\\precious\\brass_shuriken.png",
  "segment_dicts": [
    {
      "equivalent": false,
      "hues": [
        0.0,
        0.019056847545219652,
        0.019406392694063912
      ],
      "lightness": 0.18379084967320264,
      "sats": [
        0.8538011695906433,
        0.8486842105263158,
        0.0
      ],
      "vals": [
        0.058823529411764705,
        0.33529411764705885,
        0.4768627450980392
      ],
      "variance": 0.6298305798788392
    }
  ]
}