{
  "group_name": "thermalfoundation\\assets\\thermalfoundation\\textures\\items\\armor\\tin\\TinBoots.png",
  "segment_dicts": [
    {
      "equivalent": false,
      "hues": [
        0.059523809523809666,
        0.06583333333333335,
        0.06989247311827962
      ],
      "lightness": 0.24937396645405152,
      "sats": [
        0.4912280701754391,
        0.3558718861209964,
        0.16230366492146597
      ],
      "vals": [
        0.11176470588235296,
        0.31484593837535013,
        0.7490196078431373
      ],
      "variance": 0.6805916147873525
    },
    {
      "equivalent": false,
      "hues": [
        0.06770833333333333,
        0.06989247311827962
      ],
      "lightness": 0.48496732026143796,
      "sats": [
        0.3555555555555556,
        0.16230366492146597
      ],
      "vals": [
        0.35294117647058826,
        0.7490196078431373
      ],
      "variance": 0.34996549957922063
    }
  ]
}