{
  "group_name": "extratic\\assets\\extratic\\textures\\items\\pickmattock\\aoa\\jade_pickmattock_head_broken.png",
  "segment_dicts": [
    {
      "equivalent": false,
      "hues": [
        0.0
      ],
      "lightness": 0.6556372549019607,
      "sats": [
        0.0
      ],
      "vals": [
        0.5607843137254902,
        0.7686274509803922,
        0.8588235294117647
      ],
      "variance": 0.24674860863340395
    }
  ]
}