{
  "group_name": "extratic\\assets\\extratic\\textures\\items\\pickmattock\\aoa\\jade_pickmattock_head_broken.png",
  "segment_dicts": [
    {
      "equivalent": false,
      "hues": [
        0.5940054495912807,
        0.6034858387799563,
        0.6372549019607844
      ],
      "lightness": 0.4607843137254902,
      "sats": [
        0.9870967741935485,
        0.8843373493975903,
        0.6891891891891893
      ],
      "vals": [
        0.29019607843137263,
        0.6078431372549019,
        0.8137254901960784
      ],
      "variance": 0.460807444957239
    }
  ]
}