{
  "group_name": "extratic\\assets\\extratic\\textures\\items\\pickaxe\\tcon\\glue_pickaxe_accessory.png",
  "segment_dicts": [
    {
      "equivalent": false,
      "hues": [
        0.07451338199513381,
        0.07765151515151515,
        0.07801418439716312
      ],
      "lightness": 0.5740196078431372,
      "sats": [
        1.0,
        0.9367521367521366,
        0.8034188034188033
      ],
      "vals": [
        0.34509803921568627,
        0.7647058823529412,
        0.9176470588235294
      ],
      "variance": 0.18852102460075887
    }
  ]
}