{
  "group_name": "extratic\\assets\\extratic\\textures\\items\\cleaver\\erebus\\jade_cleaver_head_broken.png",
  "segment_dicts": [
    {
      "equivalent": false,
      "hues": [
        0.5880503144654088,
        0.5911680911680911,
        0.5919540229885056
      ],
      "lightness": 0.38911426639621366,
      "sats": [
        0.5246636771300448,
        0.5087719298245615,
        0.25480769230769235
      ],
      "vals": [
        0.22352941176470592,
        0.4372549019607843,
        0.8156862745098039
      ],
      "variance": 0.7046786724333959
    }
  ]
}