{
  "group_name": "extratic\\assets\\extratic\\textures\\items\\cleaver\\metallurgy3\\nether\\kalendrite_cleaver_handle.png",
  "segment_dicts": [
    {
      "equivalent": false,
      "hues": [
        0.5789473684210527,
        0.5880503144654088,
        0.5921672555948175
      ],
      "lightness": 0.5421568627450981,
      "sats": [
        0.5245597775718257,
        0.25480769230769235,
        0.07949790794979075
      ],
      "vals": [
        0.38467023172905523,
        0.8156862745098039,
        0.9372549019607843
      ],
      "variance": 0.2336824760125064
    }
  ]
}