{
  "group_name": "extratic\\assets\\extratic\\textures\\items\\cleaver\\erebus\\jade_cleaver_head_broken.png",
  "segment_dicts": [
    {
      "equivalent": false,
      "hues": [
        0.041666666666666664,
        0.04193548387096776,
        0.04973821989528795
      ],
      "lightness": 0.3626098715348208,
      "sats": [
        0.8565022421524664,
        0.7451923076923078,
        0.7272727272727271
      ],
      "vals": [
        0.1725490196078431,
        0.40784313725490196,
        0.8745098039215686
      ],
      "variance": 0.8036728879071554
    }
  ]
}