{
  "group_name": "extratic\\assets\\extratic\\textures\\items\\cleaver\\erebus\\jade_cleaver_head_broken.png",
  "segment_dicts": [
    {
      "equivalent": false,
      "hues": [
        0.317397825271841,
        0.3177083333333333,
        0.3181818181818182
      ],
      "lightness": 0.36423258958755916,
      "sats": [
        0.36065573770491777,
        0.3344620015048908,
        0.3333333333333333
      ],
      "vals": [
        0.23921568627450973,
        0.3764705882352941,
        0.5486068111455108
      ],
      "variance": 0.7532811315981732
    }
  ]
}