{
  "group_name": "extratic\\assets\\extratic\\textures\\items\\cleaver\\metallurgy3\\nether\\kalendrite_cleaver_handle.png",
  "segment_dicts": [
    {
      "equivalent": false,
      "hues": [
        0.47303921568627455,
        0.4770114942528736,
        0.47736625514403275
      ],
      "lightness": 0.7102941176470587,
      "sats": [
        0.6666666666666665,
        0.41232227488151657,
        0.0658001624695368
      ],
      "vals": [
        0.39999999999999997,
        0.8274509803921568,
        0.9654901960784313
      ],
      "variance": 0.13150415734468732
    }
  ]
}