{
  "group_name": "extratic\\assets\\extratic\\textures\\items\\scythe\\metallurgy3\\nether\\kalendrite_scythe_head_broken.png",
  "segment_dicts": [
    {
      "equivalent": false,
      "hues": [
        0.498015873015873,
        0.5047814207650273,
        0.5059523809523809
      ],
      "lightness": 0.6137254901960782,
      "sats": [
        0.43410852713178294,
        0.42,
        0.41996557659208256
      ],
      "vals": [
        0.5058823529411764,
        0.6509803921568628,
        0.7843137254901961
      ],
      "variance": 0.2946527836265096
    }
  ]
}