{
  "group_name": "extratic\\assets\\extratic\\textures\\items\\scythe\\metallurgy3\\nether\\kalendrite_scythe_accessory.png",
  "segment_dicts": [
    {
      "equivalent": false,
      "hues": [
        0.49999999999999983,
        0.5019807583474817,
        0.5059523809523809
      ],
      "lightness": 0.5075873827791987,
      "sats": [
        0.43410852713178294,
        0.4337349397590363,
        0.41862117981520963
      ],
      "vals": [
        0.32549019607843144,
        0.5058823529411764,
        0.6897058823529412
      ],
      "variance": 0.30085459034943857
    }
  ]
}