{
  "group_name": "extratic\\assets\\extratic\\textures\\items\\scythe\\natura\\netherquartz_scythe_head.png",
  "segment_dicts": [
    {
      "equivalent": false,
      "hues": [
        0.0
      ],
      "lightness": 0.35912061794414735,
      "sats": [
        0.0
      ],
      "vals": [
        0.09596309111880036,
        0.4549019607843137,
        0.7490196078431371
      ],
      "variance": 0.4468462545428323
    }
  ]
}