{
  "group_name": "extratic\\assets\\extratic\\textures\\items\\scythe\\metallurgy3\\precious\\brass_scythe_handle.png",
  "segment_dicts": [
    {
      "equivalent": false,
      "hues": [
        0.0,
        0.5
      ],
      "lightness": 0.5488931056293485,
      "sats": [
        0.016806722689075453,
        4.163336342344336e-16,
        3.6244122923395927e-16
      ],
      "vals": [
        0.2666666666666667,
        0.4666666666666666,
        0.9189542483660132
      ],
      "variance": 0.4987797089593547
    }
  ]
}