{
  "group_name": "extratic\\assets\\extratic\\textures\\items\\scythe\\metallurgy3\\nether\\kalendrite_scythe_head_broken.png",
  "segment_dicts": [
    {
      "equivalent": false,
      "hues": [
        0.7250174703004891,
        0.7297297297297297,
        0.7341954022988505
      ],
      "lightness": 0.5019607843137255,
      "sats": [
        0.5471698113207547,
        0.4805194805194805,
        0.46948818897637795
      ],
      "vals": [
        0.44270152505446625,
        0.6039215686274509,
        0.8313725490196079
      ],
      "variance": 0.30101895538158957
    }
  ]
}