{
  "group_name": "extratic\\assets\\extratic\\textures\\items\\scythe\\metallurgy3\\precious\\brass_scythe_handle.png",
  "segment_dicts": [
    {
      "equivalent": false,
      "hues": [
        0.7045454545454545,
        0.7065462753950339,
        0.7068851373717311
      ],
      "lightness": 0.3613535736875395,
      "sats": [
        0.4670686456400742,
        0.4147940074906366,
        0.21674876847290644
      ],
      "vals": [
        0.2062171209947394,
        0.5983193277310923,
        0.7960784313725491
      ],
      "variance": 0.5319959972528505
    }
  ]
}