{
  "group_name": "extratic\\assets\\extratic\\textures\\items\\crossbow\\ae\\certus_quartz_crossbow_bow_3.png",
  "segment_dicts": [
    {
      "equivalent": false,
      "hues": [
        0.0
      ],
      "lightness": 0.047058823529411764,
      "sats": [
        0.0
      ],
      "vals": [
        0.047058823529411764
      ],
      "variance": 1.5469402123950449
    },
    {
      "equivalent": false,
      "hues": [
        0.0
      ],
      "lightness": 0.16877269426289032,
      "sats": [
        0.0
      ],
      "vals": [
        0.10196078431372547,
        0.14901960784313725,
        0.22745098039215683
      ],
      "variance": 0.43133272703613995
    }
  ]
}