{
  "group_name": "extratic\\assets\\extratic\\textures\\items\\crossbow\\generic\\sapphire_crossbow_bow_1.png",
  "segment_dicts": [
    {
      "equivalent": false,
      "hues": [
        0.0
      ],
      "lightness": 0.1623529411764706,
      "sats": [
        0.0
      ],
      "vals": [
        0.10196078431372552,
        0.14901960784313725,
        0.21529411764705883
      ],
      "variance": 0.4173774321744331
    }
  ]
}