{
  "group_name": "extratic\\assets\\extratic\\textures\\items\\crossbow\\ae\\certus_quartz_crossbow_bow_3.png",
  "segment_dicts": [
    {
      "equivalent": false,
      "hues": [
        0.7944444444444444
      ],
      "lightness": 0.37254901960784315,
      "sats": [
        0.31578947368421056
      ],
      "vals": [
        0.37254901960784315
      ],
      "variance": 0.47330079025975536
    },
    {
      "equivalent": false,
      "hues": [
        0.7878787878787876,
        0.7962962962962963,
        0.7982456140350874
      ],
      "lightness": 0.7282498184458968,
      "sats": [
        0.3140495867768595,
        0.2033898305084745,
        0.047008547008547084
      ],
      "vals": [
        0.4745098039215687,
        0.6941176470588235,
        0.9176470588235294
      ],
      "variance": 0.242125354410904
    }
  ]
}