{
  "group_name": "extratic\\assets\\extratic\\textures\\items\\crossbow\\ae\\certus_quartz_crossbow_bow_3.png",
  "segment_dicts": [
    {
      "equivalent": false,
      "hues": [
        0.8018867924528302
      ],
      "lightness": 0.34901960784313724,
      "sats": [
        0.5955056179775281
      ],
      "vals": [
        0.34901960784313724
      ],
      "variance": 0.3597955512011406
    },
    {
      "equivalent": false,
      "hues": [
        0.8005050505050505,
        0.8010204081632653,
        0.8018018018018016
      ],
      "lightness": 0.7273783587509077,
      "sats": [
        0.5945945945945948,
        0.5185185185185185,
        0.16086956521739157
      ],
      "vals": [
        0.4352941176470589,
        0.7411764705882353,
        0.9019607843137256
      ],
      "variance": 0.17264151548249618
    }
  ]
}