{
  "group_name": "extratic\\assets\\extratic\\textures\\items\\crossbow\\ae\\certus_quartz_crossbow_bow_2.png",
  "segment_dicts": [
    {
      "equivalent": false,
      "hues": [
        0.06172839506172839
      ],
      "lightness": 0.19215686274509805,
      "sats": [
        0.5510204081632654
      ],
      "vals": [
        0.19215686274509805
      ],
      "variance": 0.890633562728736
    },
    {
      "equivalent": false,
      "hues": [
        0.06547619047619037,
        0.06770833333333325,
        0.072463768115942
      ],
      "lightness": 0.48627450980392156,
      "sats": [
        0.4107142857142859,
        0.33684210526315805,
        0.14893617021276603
      ],
      "vals": [
        0.2196078431372549,
        0.3725490196078432,
        0.7372549019607844
      ],
      "variance": 0.35194390785248436
    }
  ]
}