{
  "group_name": "extratic\\assets\\extratic\\textures\\items\\crossbow\\aoa\\crystalitestone_crossbow_body.png",
  "segment_dicts": [
    {
      "equivalent": false,
      "hues": [
        0.06547619047619037,
        0.06572769953051648,
        0.06666666666666672
      ],
      "lightness": 0.43911248710010325,
      "sats": [
        0.40687679083094563,
        0.23890784982935148,
        0.14893617021276603
      ],
      "vals": [
        0.31105169340463457,
        0.5745098039215686,
        0.7372549019607844
      ],
      "variance": 0.34415766689520133
    }
  ]
}