{
  "group_name": "extratic\\assets\\extratic\\textures\\items\\pickaxe\\tcon\\glue_pickaxe_accessory.png",
  "segment_dicts": [
    {
      "equivalent": false,
      "hues": [
        0.45482866043613707,
        0.45498783454987834,
        0.4550724637681159
      ],
      "lightness": 0.48480392156862745,
      "sats": [
        0.5977653631284916,
        0.5958549222797928,
        0.5591836734693878
      ],
      "vals": [
        0.2807843137254902,
        0.7568627450980392,
        0.9607843137254902
      ],
      "variance": 0.19377694804549064
    }
  ]
}