{
  "group_name": "aobd\\assets\\aobd\\textures\\items\\ore.png",
  "segment_dicts": [
    {
      "equivalent": false,
      "hues": [
        0.09023354564755841,
        0.09025234025234023,
        0.09047619047619049
      ],
      "lightness": 0.785139318885449,
      "sats": [
        0.8425925925925926,
        0.7777777777777778,
        0.615686274509804
      ],
      "vals": [
        0.693048128342246,
        0.8823529411764706,
        1.0
      ],
      "variance": 0.3648799056431984
    },
    {
      "equivalent": false,
      "hues": [
        0.09023354564755841,
        0.0903873744619799,
        0.09047619047619049
      ],
      "lightness": 0.8263616557734204,
      "sats": [
        0.8307508939213348,
        0.7777777777777778,
        0.615686274509804
      ],
      "vals": [
        0.7311546840958606,
        0.8823529411764706,
        1.0
      ],
      "variance": 0.3466781869538219
    }
  ]
}