{
  "group_name": "minecraft\\assets\\minecraft\\textures\\blocks\\ladder.png",
  "segment_dicts": [
    {
      "equivalent": false,
      "hues": [
        0.10196476964769645,
        0.1055440771349863,
        0.10715050310426029
      ],
      "lightness": 0.4824074074074074,
      "sats": [
        0.5500621118012422,
        0.53510226644555,
        0.515051273569302
      ],
      "vals": [
        0.33781512605042013,
        0.4559577677224736,
        0.6313725490196078
      ],
      "variance": 0.5328431138419191
    }
  ]
}