{
  "group_name": "minecraft\\assets\\minecraft\\textures\\blocks\\rail_normal_turned.png",
  "segment_dicts": [
    {
      "equivalent": false,
      "hues": [
        0.10390295358649788,
        0.1054989187519308,
        0.1055699481865285
      ],
      "lightness": 0.42084623323013415,
      "sats": [
        0.5534050179211469,
        0.5328395061728395,
        0.4802431610942248
      ],
      "vals": [
        0.2867102396514161,
        0.3907563025210084,
        0.5294117647058824
      ],
      "variance": 0.5586996191479218
    },
    {
      "equivalent": false,
      "hues": [
        0.1111111111111111,
        0.11178861788617885
      ],
      "lightness": 0.4970072239422085,
      "sats": [
        0.5774647887323944,
        0.5309734513274336
      ],
      "vals": [
        0.44313725490196076,
        0.5568627450980392
      ],
      "variance": 0.47308493498447357
    },
    {
      "equivalent": false,
      "hues": [
        0.1011904761904762,
        0.10810810810810811,
        0.1084933100639907
      ],
      "lightness": 0.4728870858688303,
      "sats": [
        0.5533558667310478,
        0.5437178545187362,
        0.4307692307692307
      ],
      "vals": [
        0.2549019607843137,
        0.4105580693815988,
        0.541437908496732
      ],
      "variance": 0.4972151645746844
    },
    {
      "equivalent": false,
      "hues": [
        0.10714285714285714,
        0.1093247588424437,
        0.1111111111111111
      ],
      "lightness": 0.48716577540106953,
      "sats": [
        0.5603603603603604,
        0.5309734513274336,
        0.5121951219512195
      ],
      "vals": [
        0.3215686274509804,
        0.44313725490196076,
        0.5441176470588236
      ],
      "variance": 0.4826419303202086
    }
  ]
}