{
  "group_name": "agricraft\\assets\\agricraft\\textures\\blocks\\cropMelon3.png",
  "segment_dicts": [
    {
      "equivalent": false,
      "hues": [
        0.09020791415157614,
        0.09328649492583918,
        0.09591769000995685
      ],
      "lightness": 0.7954656862745099,
      "sats": [
        0.9203703703703703,
        0.8858921161825726,
        0.8650588573069192
      ],
      "vals": [
        0.7058823529411764,
        0.756078431372549,
        0.8536764705882353
      ],
      "variance": 0.46352597116486727
    },
    {
      "equivalent": false,
      "hues": [
        0.1303030303030303,
        0.13660446901635562,
        0.1535888077858881
      ],
      "lightness": 0.8362745098039215,
      "sats": [
        0.6875,
        0.6799812030075187,
        0.5684647302904564
      ],
      "vals": [
        0.6274509803921569,
        0.8345098039215687,
        0.9450980392156862
      ],
      "variance": 0.44090666454149385
    }
  ]
}