{
  "group_name": "agricraft\\assets\\agricraft\\textures\\blocks\\cropDiamahlia1.png",
  "segment_dicts": [
    {
      "equivalent": true,
      "hues": [
        0.3442982456140351,
        0.42519685039370075
      ],
      "lightness": 0.5333333333333333,
      "sats": [
        1.0,
        0.987012987012987
      ],
      "vals": [
        0.4980392156862745,
        0.6039215686274509
      ],
      "variance": 0.15196533968405357
    }
  ]
}