{
  "group_name": "agricraft\\assets\\agricraft\\textures\\blocks\\cropPumpkin4.png",
  "segment_dicts": [
    {
      "equivalent": false,
      "hues": [
        0.11021069692058343,
        0.17052959501557638,
        0.1714828897338403
      ],
      "lightness": 0.6046888320545609,
      "sats": [
        0.7597273501846067,
        0.6924697209057398,
        0.3861076345431791
      ],
      "vals": [
        0.4804554079696394,
        0.6276292335115865,
        0.7372549019607844
      ],
      "variance": 0.46290650437196057
    }
  ]
}