{
  "group_name": "agricraft\\assets\\agricraft\\textures\\blocks\\cropPumpkin2.png",
  "segment_dicts": [
    {
      "equivalent": false,
      "hues": [
        0.07354345749761221,
        0.10825294748124333,
        0.12066525123849965
      ],
      "lightness": 0.7162745098039216,
      "sats": [
        0.4395465994962217,
        0.42428376534788537,
        0.3381191672648958
      ],
      "vals": [
        0.6227450980392157,
        0.7186274509803922,
        0.7803921568627451
      ],
      "variance": 0.39404351083513905
    }
  ]
}