{
  "group_name": "agricraft\\assets\\agricraft\\textures\\blocks\\cropNitorWart2.png",
  "segment_dicts": [
    {
      "equivalent": true,
      "hues": [
        0.13657000585823084,
        0.14028144239226034,
        0.15117117117117118
      ],
      "lightness": 0.42294603791929997,
      "sats": [
        0.9239158326918142,
        0.8325832583258326,
        0.7516512549537648
      ],
      "vals": [
        0.29045751633986927,
        0.4245098039215686,
        0.6249742002063983
      ],
      "variance": 0.5311020007469556
    }
  ]
}