{
  "group_name": "botania\\assets\\botania\\textures\\blocks\\flower12.png",
  "segment_dicts": [
    {
      "equivalent": true,
      "hues": [
        0.07991803278688524,
        0.08097580975809758,
        0.09975669099756691
      ],
      "lightness": 0.3084967320261438,
      "sats": [
        1.0,
        0.8943188759926695,
        0.8827361563517915
      ],
      "vals": [
        0.26748366013071895,
        0.3611764705882353,
        0.5372549019607843
      ],
      "variance": 1.0456818269686798
    },
    {
      "equivalent": true,
      "hues": [
        0.19362745098039214,
        0.1944444444444445,
        0.196078431372549
      ],
      "lightness": 0.3786764705882353,
      "sats": [
        0.8395061728395062,
        0.8360655737704918,
        0.8333333333333334
      ],
      "vals": [
        0.3176470588235294,
        0.4,
        0.47843137254901963
      ],
      "variance": 0.8518866404819279
    }
  ]
}