{
  "group_name": "extratic\\assets\\extratic\\textures\\items\\cutlass\\metallurgy3\\nether\\amordrine_cutlass_blade_broken.png",
  "segment_dicts": [
    {
      "equivalent": false,
      "hues": [
        0.27777777777777785,
        0.28138528138528135,
        0.2965686274509804
      ],
      "lightness": 0.35512820512820514,
      "sats": [
        0.6000000000000002,
        0.5703703703703704,
        0.419753086419753
      ],
      "vals": [
        0.19607843137254904,
        0.5294117647058824,
        0.6352941176470588
      ],
      "variance": 0.7717975360224737
    }
  ]
}