{
  "group_name": "tinker\\assets\\tinker\\textures\\items\\fishingrod\\pigiron_fishingrod_flail.png",
  "segment_dicts": [
    {
      "equivalent": false,
      "hues": [
        0.0778985507246377,
        0.17340067340067336
      ],
      "lightness": 0.8326797385620915,
      "sats": [
        0.8975609756097562,
        0.4361233480176211
      ],
      "vals": [
        0.803921568627451,
        0.8901960784313725
      ],
      "variance": 0.01820768444962239
    },
    {
      "equivalent": false,
      "hues": [
        0.15625,
        0.18367346938775517
      ],
      "lightness": 0.8862745098039215,
      "sats": [
        0.5090909090909091,
        0.20588235294117646
      ],
      "vals": [
        0.8627450980392157,
        0.9333333333333333
      ],
      "variance": 0.017106629785264695
    }
  ]
}