{
  "group_name": "tinker\\assets\\tinker\\textures\\items\\fishingrod\\iron_fishingrod.png",
  "segment_dicts": [
    {
      "equivalent": false,
      "hues": [
        0.09356725146198831
      ],
      "lightness": 0.37254901960784315,
      "sats": [
        0.6
      ],
      "vals": [
        0.37254901960784315
      ],
      "variance": 0.4497117311826839
    },
    {
      "equivalent": false,
      "hues": [
        0.09170153417015342,
        0.09356725146198831,
        0.09629629629629631
      ],
      "lightness": 0.3897504456327986,
      "sats": [
        0.6,
        0.5988098966489195,
        0.5625
      ],
      "vals": [
        0.3137254901960784,
        0.37254901960784315,
        0.4173856209150327
      ],
      "variance": 0.4298639461110494
    },
    {
      "equivalent": false,
      "hues": [
        0.09523809523809519
      ],
      "lightness": 0.33725490196078434,
      "sats": [
        0.5697674418604651
      ],
      "vals": [
        0.33725490196078434
      ],
      "variance": 0.49677458677156944
    },
    {
      "equivalent": false,
      "hues": [
        0.09629629629629631
      ],
      "lightness": 0.3137254901960784,
      "sats": [
        0.5625
      ],
      "vals": [
        0.3137254901960784
      ],
      "variance": 0.5340326807794372
    }
  ]
}