{
  "group_name": "extratic\\assets\\extratic\\textures\\items\\cleaver\\metallurgy3\\precious\\brass_cleaver_head.png",
  "segment_dicts": [
    {
      "equivalent": false,
      "hues": [
        0.05158730158730159,
        0.0677083333333333,
        0.13749999999999998
      ],
      "lightness": 0.6402277039848197,
      "sats": [
        1.0,
        0.9790209790209791,
        0.6694560669456067
      ],
      "vals": [
        0.2509803921568629,
        0.8701825557809331,
        0.9372549019607843
      ],
      "variance": 0.25085978886143695
    }
  ]
}