{
  "group_name": "extratic\\assets\\extratic\\textures\\items\\shovel\\natura\\ghostwood_shovel_handle.png",
  "segment_dicts": [
    {
      "equivalent": false,
      "hues": [
        0.5789473684210527
      ],
      "lightness": 0.2196078431372549,
      "sats": [
        0.33928571428571425
      ],
      "vals": [
        0.2196078431372549
      ],
      "variance": 1.3194461518834428
    },
    {
      "equivalent": false,
      "hues": [
        0.5729166666666666,
        0.5753968253968255,
        0.5772357723577235
      ],
      "lightness": 0.3420814479638009,
      "sats": [
        0.3307086614173227,
        0.3047619047619048,
        0.25308641975308643
      ],
      "vals": [
        0.24901960784313723,
        0.4117647058823529,
        0.6352941176470588
      ],
      "variance": 0.8470518505918398
    }
  ]
}