{
  "group_name": "extratic\\assets\\extratic\\textures\\items\\scythe\\metallurgy3\\precious\\brass_scythe_handle.png",
  "segment_dicts": [
    {
      "equivalent": false,
      "hues": [
        0.0
      ],
      "lightness": 0.23845667299177736,
      "sats": [
        0.0
      ],
      "vals": [
        0.13161166905786703,
        0.24313725490196078,
        0.5490196078431373
      ],
      "variance": 1.4136413521268059
    }
  ]
}