{
  "group_name": "extratic\\assets\\extratic\\textures\\items\\chisel\\metallurgy3\\fantasy\\astral_silver_chisel_head_broken.png",
  "segment_dicts": [
    {
      "equivalent": false,
      "hues": [
        0.6223776223776224,
        0.6242937853107344
      ],
      "lightness": 0.44521337946943484,
      "sats": [
        0.7375,
        0.7371134020618557
      ],
      "vals": [
        0.3137254901960784,
        0.7607843137254902
      ],
      "variance": 0.3319177664656593
    }
  ]
}