{
  "group_name": "extratic\\assets\\extratic\\textures\\items\\scythe\\natura\\netherquartz_scythe_head.png",
  "segment_dicts": [
    {
      "equivalent": false,
      "hues": [
        0.6608751608751607,
        0.6611776447105787,
        0.6625
      ],
      "lightness": 0.5320261437908497,
      "sats": [
        0.18606321839080472,
        0.17813333333333342,
        0.1652892561983471
      ],
      "vals": [
        0.3211072664359862,
        0.6684491978609626,
        0.9490196078431372
      ],
      "variance": 0.19028456891001674
    }
  ]
}