{
  "group_name": "extratic\\assets\\extratic\\textures\\items\\longsword\\natura\\darkwood_longsword_blade.png",
  "segment_dicts": [
    {
      "equivalent": false,
      "hues": [
        0.10416666666666652,
        0.5864197530864197,
        0.5869565217391305
      ],
      "lightness": 0.5575666163901458,
      "sats": [
        0.42352941176470593,
        0.2909090909090903,
        0.2705882352941177
      ],
      "vals": [
        0.2156862745098039,
        1.0
      ],
      "variance": 0.3942505937057212
    }
  ]
}