{
  "group_name": "extratic\\assets\\extratic\\textures\\items\\javelin\\aoa\\limonite_javelin_accessory.png",
  "segment_dicts": [
    {
      "equivalent": false,
      "hues": [
        0.6578947368421052,
        0.660919540229885,
        0.6625
      ],
      "lightness": 0.6614379084967321,
      "sats": [
        0.18269230769230774,
        0.18125000000000008,
        0.1652892561983471
      ],
      "vals": [
        0.40784313725490196,
        0.6274509803921569,
        0.9490196078431372
      ],
      "variance": 0.12766138016125114
    }
  ]
}