{
  "group_name": "extratic\\assets\\extratic\\textures\\items\\javelin\\ae\\certus_quartz_javelin_head.png",
  "segment_dicts": [
    {
      "equivalent": false,
      "hues": [
        0.6666666666666666
      ],
      "lightness": 0.2235294117647059,
      "sats": [
        0.19298245614035092
      ],
      "vals": [
        0.2235294117647059
      ],
      "variance": 0.3537188919132471
    },
    {
      "equivalent": false,
      "hues": [
        0.657894736842105,
        0.660919540229885,
        0.6625
      ],
      "lightness": 0.6614379084967319,
      "sats": [
        0.18269230769230788,
        0.18125000000000008,
        0.1652892561983471
      ],
      "vals": [
        0.40784313725490196,
        0.6274509803921569,
        0.9490196078431372
      ],
      "variance": 0.11953741208925944
    }
  ]
}