{
  "group_name": "extratic\\assets\\extratic\\textures\\items\\dagger\\bop\\mud_dagger_blade.png",
  "segment_dicts": [
    {
      "equivalent": false,
      "hues": [
        0.0911458333333333,
        0.09114583333333333,
        0.09629629629629632
      ],
      "lightness": 0.37219251336898396,
      "sats": [
        0.6037735849056604,
        0.5925925925925926,
        0.5625
      ],
      "vals": [
        0.3137254901960784,
        0.41568627450980394,
        0.4235294117647059
      ],
      "variance": 0.3816049456706424
    }
  ]
}