{
  "group_name": "extratic\\assets\\extratic\\textures\\items\\bolt\\generic\\sapphire_bolt_shaft.png",
  "segment_dicts": [
    {
      "equivalent": false,
      "hues": [
        0.7889908256880734,
        0.7962962962962963,
        0.7982456140350878
      ],
      "lightness": 0.6962566844919786,
      "sats": [
        0.3140495867768595,
        0.2033898305084745,
        0.059890109890109684
      ],
      "vals": [
        0.47450980392156866,
        0.6941176470588235,
        0.892156862745098
      ],
      "variance": 0.15906286477905818
    }
  ]
}