{
  "group_name": "extratic\\assets\\extratic\\textures\\items\\parts\\metallurgy3\\precious\\silver_sword_blade.png",
  "segment_dicts": [
    {
      "equivalent": false,
      "hues": [
        0.7894736842105262,
        0.7944444444444444,
        0.7962962962962963
      ],
      "lightness": 0.5906629318394023,
      "sats": [
        0.31578947368421034,
        0.2033898305084745,
        0.08837209302325576
      ],
      "vals": [
        0.3725490196078431,
        0.6941176470588235,
        0.8431372549019608
      ],
      "variance": 0.4132997438292895
    },
    {
      "equivalent": false,
      "hues": [
        0.7944444444444444
      ],
      "lightness": 0.37254901960784315,
      "sats": [
        0.31578947368421056
      ],
      "vals": [
        0.37254901960784315
      ],
      "variance": 0.6552717241764624
    }
  ]
}