{
  "group_name": "extratic\\assets\\extratic\\textures\\items\\parts\\bop\\mud_arrowhead.png",
  "segment_dicts": [
    {
      "equivalent": false,
      "hues": [
        0.5439814814814815,
        0.5453908166841921,
        0.5465686274509803
      ],
      "lightness": 0.43787661406025824,
      "sats": [
        0.5958646616541353,
        0.5932028836251287,
        0.32692307692307687
      ],
      "vals": [
        0.29291101055806945,
        0.6258823529411764,
        0.8156862745098039
      ],
      "variance": 0.6421501181216054
    }
  ]
}