{
  "group_name": "extratic\\assets\\extratic\\textures\\items\\parts\\thermal\\signalum_large_sword_blade.png",
  "segment_dicts": [
    {
      "equivalent": false,
      "hues": [
        0.0833333333333333,
        0.08333333333333331,
        0.08368347338935574
      ],
      "lightness": 0.8507993966817496,
      "sats": [
        1.0,
        0.5294117647058822
      ],
      "vals": [
        0.6901960784313725,
        0.9333333333333333,
        1.0
      ],
      "variance": 0.1578211435570001
    }
  ]
}