{
  "group_name": "extratic\\assets\\extratic\\textures\\items\\parts\\botania\\terrasteel_full_guard.png",
  "segment_dicts": [
    {
      "equivalent": false,
      "hues": [
        0.08333333333333333,
        0.08333333333333337,
        0.08369042981430981
      ],
      "lightness": 0.8277414669571532,
      "sats": [
        1.0,
        0.38431372549019605
      ],
      "vals": [
        0.6901960784313724,
        0.9151515151515152,
        1.0
      ],
      "variance": 0.14199856742079822
    }
  ]
}