{
  "group_name": "extratic\\assets\\extratic\\textures\\items\\parts\\aoa\\limonite_bow_limb.png",
  "segment_dicts": [
    {
      "equivalent": false,
      "hues": [
        0.8005050505050506,
        0.8010204081632653,
        0.8022875816993463
      ],
      "lightness": 0.6881676808654495,
      "sats": [
        0.5945945945945946,
        0.5185185185185185,
        0.2318181818181819
      ],
      "vals": [
        0.43529411764705883,
        0.7411764705882353,
        0.8627450980392157
      ],
      "variance": 0.12110914939365376
    }
  ]
}