{
  "group_name": "extratic\\assets\\extratic\\textures\\items\\parts\\bop\\mud_crossbar.png",
  "segment_dicts": [
    {
      "equivalent": false,
      "hues": [
        0.79957805907173,
        0.8012399708242159,
        0.8018867924528302
      ],
      "lightness": 0.4598039215686275,
      "sats": [
        0.5955056179775281,
        0.5939849624060151,
        0.4730848861283644
      ],
      "vals": [
        0.34901960784313724,
        0.5215686274509804,
        0.7576470588235295
      ],
      "variance": 0.4605994727764762
    }
  ]
}