{
  "group_name": "extratic\\assets\\extratic\\textures\\items\\parts\\natura\\netherquartz_scythe_head.png",
  "segment_dicts": [
    {
      "equivalent": false,
      "hues": [
        0.09607012589716436,
        0.09999999999999998,
        0.10024963868085664
      ],
      "lightness": 0.7667226890756302,
      "sats": [
        0.9971840901091165,
        0.9303263659699303,
        0.5098039215686274
      ],
      "vals": [
        0.5863777089783281,
        0.9721925133689839,
        1.0
      ],
      "variance": 0.23132879136320528
    }
  ]
}