{
  "group_name": "extratic\\assets\\extratic\\textures\\items\\parts\\metallurgy3\\precious\\silver_sword_blade.png",
  "segment_dicts": [
    {
      "equivalent": false,
      "hues": [
        0.08796296296296298,
        0.0998463901689708,
        0.09999999999999996
      ],
      "lightness": 0.7273576097105509,
      "sats": [
        0.9908256880733947,
        0.8509803921568627,
        0.5098039215686275
      ],
      "vals": [
        0.42745098039215684,
        1.0
      ],
      "variance": 0.30723947148731534
    },
    {
      "equivalent": false,
      "hues": [
        0.08796296296296297
      ],
      "lightness": 0.42745098039215684,
      "sats": [
        0.9908256880733946
      ],
      "vals": [
        0.42745098039215684
      ],
      "variance": 0.5228037315172972
    }
  ]
}