{
  "group_name": "extratic\\assets\\extratic\\textures\\items\\parts\\thermal\\signalum_large_sword_blade.png",
  "segment_dicts": [
    {
      "equivalent": false,
      "hues": [
        0.08796296296296291,
        0.09999999999999999,
        0.10005949483476662
      ],
      "lightness": 0.7084766214177978,
      "sats": [
        0.9908256880733946,
        0.947425057647963,
        0.5098039215686275
      ],
      "vals": [
        0.42745098039215684,
        0.8796484110885733,
        1.0
      ],
      "variance": 0.348648546236858
    }
  ]
}