{
  "group_name": "extratic\\assets\\extratic\\textures\\items\\parts\\natura\\netherquartz_scythe_head.png",
  "segment_dicts": [
    {
      "equivalent": false,
      "hues": [
        0.0
      ],
      "lightness": 0.6104201680672269,
      "sats": [
        1.0,
        0.9411764705882353
      ],
      "vals": [
        0.47347781217750257,
        0.6698752228163993,
        1.0
      ],
      "variance": 0.35516756053189047
    }
  ]
}