{
  "group_name": "extratic\\assets\\extratic\\textures\\items\\parts\\ae\\certus_quartz_hammer_head.png",
  "segment_dicts": [
    {
      "equivalent": false,
      "hues": [
        0.0
      ],
      "lightness": 0.4235294117647059,
      "sats": [
        1.0
      ],
      "vals": [
        0.4235294117647059
      ],
      "variance": 0.5569435723518921
    },
    {
      "equivalent": false,
      "hues": [
        0.0
      ],
      "lightness": 0.7314757481940144,
      "sats": [
        1.0,
        0.9411764705882353,
        0.5098039215686275
      ],
      "vals": [
        0.6355742296918768,
        1.0
      ],
      "variance": 0.32247410001864635
    }
  ]
}