{
  "group_name": "extratic\\assets\\tinker\\textures\\items\\parts\\signalum_chisel_head.png",
  "segment_dicts": [
    {
      "equivalent": false,
      "hues": [
        0.0
      ],
      "lightness": 0.5708496732026143,
      "sats": [
        1.0,
        0.9411764705882353
      ],
      "vals": [
        0.42352941176470593,
        0.7254901960784313,
        1.0
      ],
      "variance": 0.4776997958477751
    }
  ]
}