{
  "group_name": "extratic\\assets\\extratic\\textures\\items\\parts\\aoa\\limonite_crossbow_limb.png",
  "segment_dicts": [
    {
      "equivalent": false,
      "hues": [
        0.07080610021786538,
        0.07456140350877195,
        0.0773809523809525
      ],
      "lightness": 0.5932072829131652,
      "sats": [
        0.28865979381443335,
        0.2794117647058822,
        0.07389519439748851
      ],
      "vals": [
        0.3803921568627452,
        0.5333333333333333,
        0.8546955624355004
      ],
      "variance": 0.16021681357623982
    }
  ]
}