{
  "group_name": "extratic\\assets\\extratic\\textures\\items\\parts\\bop\\mud_arrowhead.png",
  "segment_dicts": [
    {
      "equivalent": false,
      "hues": [
        0.0694444444444444,
        0.07485250737463135,
        0.08823529411764701
      ],
      "lightness": 0.37551410808225727,
      "sats": [
        0.2931034482758617,
        0.2830306825297432,
        0.12060301507537688
      ],
      "vals": [
        0.2274509803921568,
        0.48174962292609347,
        0.7803921568627451
      ],
      "variance": 0.8079833171038866
    }
  ]
}