{
  "group_name": "extratic\\assets\\extratic\\textures\\items\\parts\\bop\\mud_excavator_head.png",
  "segment_dicts": [
    {
      "equivalent": false,
      "hues": [
        0.06944444444444431,
        0.07454739084132057,
        0.08823529411764701
      ],
      "lightness": 0.43620611035111717,
      "sats": [
        0.29310344827586166,
        0.2839002267573697,
        0.120603015075377
      ],
      "vals": [
        0.22745098039215683,
        0.4803921568627451,
        0.7803921568627452
      ],
      "variance": 0.7431782957650032
    }
  ]
}