{
  "group_name": "extratic\\assets\\extratic\\textures\\items\\parts\\twilightforest\\knightmetal_toughbind.png",
  "segment_dicts": [
    {
      "equivalent": false,
      "hues": [
        0.06666666666666667,
        0.06666666666666671,
        0.06770833333333331
      ],
      "lightness": 0.32789215686274514,
      "sats": [
        0.47619047619047594,
        0.3368421052631579,
        0.2836879432624113
      ],
      "vals": [
        0.20588235294117643,
        0.37254901960784315,
        0.5529411764705883
      ],
      "variance": 1.1160502842095756
    }
  ]
}