{
  "group_name": "extratic\\assets\\extratic\\textures\\items\\parts\\aoa\\crystalitestone_crossbow_body.png",
  "segment_dicts": [
    {
      "equivalent": false,
      "hues": [
        0.06565656565656565,
        0.06666666666666667,
        0.06666666666666672
      ],
      "lightness": 0.4231166150670795,
      "sats": [
        0.47619047619047616,
        0.4024390243902438,
        0.23354564755838636
      ],
      "vals": [
        0.20588235294117646,
        0.32156862745098036,
        0.5772058823529411
      ],
      "variance": 0.36117470228736487
    }
  ]
}