{
  "group_name": "extratic\\assets\\extratic\\textures\\items\\parts\\bop\\mud_binding.png",
  "segment_dicts": [
    {
      "equivalent": false,
      "hues": [
        0.0694444444444444,
        0.07407407407407411,
        0.08823529411764704
      ],
      "lightness": 0.32274509803921575,
      "sats": [
        0.2931034482758618,
        0.28346456692913397,
        0.12060301507537688
      ],
      "vals": [
        0.22745098039215683,
        0.4980392156862745,
        0.7803921568627451
      ],
      "variance": 0.9431798617681424
    }
  ]
}