{
  "group_name": "extratic\\assets\\extratic\\textures\\items\\parts\\metallurgy3\\precious\\silver_sword_blade.png",
  "segment_dicts": [
    {
      "equivalent": false,
      "hues": [
        0.06172839506172845,
        0.06666666666666661,
        0.06770833333333331
      ],
      "lightness": 0.3467787114845938,
      "sats": [
        0.5510204081632651,
        0.3368421052631579,
        0.2836879432624113
      ],
      "vals": [
        0.19215686274509805,
        0.37254901960784315,
        0.5529411764705883
      ],
      "variance": 0.9961952698285779
    },
    {
      "equivalent": false,
      "hues": [
        0.06172839506172839
      ],
      "lightness": 0.19215686274509805,
      "sats": [
        0.5510204081632654
      ],
      "vals": [
        0.19215686274509805
      ],
      "variance": 1.7977984607110487
    }
  ]
}