{
  "group_name": "extratic\\assets\\extratic\\textures\\items\\parts\\bop\\mud_frypan_head.png",
  "segment_dicts": [
    {
      "equivalent": false,
      "hues": [
        0.0694444444444444,
        0.07478039759593151,
        0.08823529411764675
      ],
      "lightness": 0.4216172419380975,
      "sats": [
        0.29310344827586127,
        0.28391415632998623,
        0.12060301507537688
      ],
      "vals": [
        0.22745098039215678,
        0.47422969187675074,
        0.7803921568627451
      ],
      "variance": 0.7562309945393588
    }
  ]
}