{
  "group_name": "extratic\\assets\\extratic\\textures\\items\\parts\\metallurgy3\\precious\\brass_trident_head.png",
  "segment_dicts": [
    {
      "equivalent": false,
      "hues": [
        0.054131054131054145,
        0.054507337526205436,
        0.054644808743169404
      ],
      "lightness": 0.7301960784313725,
      "sats": [
        1.0,
        0.7176470588235294,
        0.45882352941176474
      ],
      "vals": [
        0.6235294117647058,
        1.0
      ],
      "variance": 0.12522633780929263
    }
  ]
}