{
  "group_name": "extratic\\assets\\extratic\\textures\\items\\parts\\ae\\certus_quartz_hammer_head.png",
  "segment_dicts": [
    {
      "equivalent": false,
      "hues": [
        0.05450733752620546
      ],
      "lightness": 0.6235294117647059,
      "sats": [
        1.0
      ],
      "vals": [
        0.6235294117647059
      ],
      "variance": 0.2572584944074622
    },
    {
      "equivalent": false,
      "hues": [
        0.054033485540334845,
        0.054263565891472854,
        0.054644808743169404
      ],
      "lightness": 0.9523219814241486,
      "sats": [
        1.0,
        0.7176470588235294,
        0.34352941176470586
      ],
      "vals": [
        0.8993464052287582,
        1.0
      ],
      "variance": 0.16843907923817583
    }
  ]
}