{
  "group_name": "extratic\\assets\\extratic\\textures\\items\\parts\\twilightforest\\knightmetal_rod.png",
  "segment_dicts": [
    {
      "equivalent": false,
      "hues": [
        0.053921568627450976,
        0.05413105413105416,
        0.054644808743169404
      ],
      "lightness": 0.8956521739130434,
      "sats": [
        1.0,
        0.7176470588235294,
        0.45882352941176485
      ],
      "vals": [
        0.8,
        1.0
      ],
      "variance": 0.20125974166679808
    },
    {
      "equivalent": false,
      "hues": [
        0.05450733752620546
      ],
      "lightness": 0.6235294117647059,
      "sats": [
        1.0
      ],
      "vals": [
        0.6235294117647059
      ],
      "variance": 0.2890941818363933
    }
  ]
}