{
  "group_name": "extratic\\assets\\tinker\\textures\\items\\parts\\terrasteel_chunk.png",
  "segment_dicts": [
    {
      "equivalent": false,
      "hues": [
        0.270294540229885,
        0.2705379248255683,
        0.2707828894269572
      ],
      "lightness": 0.714434207417907,
      "sats": [
        0.9952956989247312,
        0.9893390191897656,
        0.6498819826907947
      ],
      "vals": [
        0.3678431372549019,
        0.8336134453781513,
        0.9968627450980391
      ],
      "variance": 0.3704785388233754
    }
  ]
}