{
  "group_name": "extratic\\assets\\tinker\\textures\\items\\parts\\signalum_chisel_head.png",
  "segment_dicts": [
    {
      "equivalent": false,
      "hues": [
        0.27011494252873564,
        0.27055306427503734,
        0.27072310405643735
      ],
      "lightness": 0.5563398692810457,
      "sats": [
        0.9955357142857143,
        0.9886363636363636,
        0.7440944881889764
      ],
      "vals": [
        0.3450980392156862,
        0.8784313725490196,
        0.996078431372549
      ],
      "variance": 0.4902236423901719
    }
  ]
}