{
  "group_name": "extratic\\assets\\tinker\\textures\\items\\parts\\signalum_knife_blade.png",
  "segment_dicts": [
    {
      "equivalent": false,
      "hues": [
        0.27011494252873564,
        0.27055306427503734,
        0.27072310405643735
      ],
      "lightness": 0.590128465179175,
      "sats": [
        0.9955357142857143,
        0.9886363636363636,
        0.7440944881889764
      ],
      "vals": [
        0.34509803921568627,
        0.8784313725490196,
        0.996078431372549
      ],
      "variance": 0.39932663404752516
    }
  ]
}