{
  "group_name": "extratic\\assets\\extratic\\textures\\items\\parts\\thermal\\signalum_large_sword_blade.png",
  "segment_dicts": [
    {
      "equivalent": false,
      "hues": [
        0.27011494252873564,
        0.27072310405643735,
        0.2707269402938024
      ],
      "lightness": 0.6019909502262444,
      "sats": [
        0.9945447705041385,
        0.9886363636363636,
        0.7440944881889764
      ],
      "vals": [
        0.3450980392156861,
        0.7188640973630831,
        0.996078431372549
      ],
      "variance": 0.44015031113301195
    }
  ]
}