{
  "group_name": "assets\\minecraft\\textures\\blocks\\bed_feet_end.png",
  "segment_dicts": [
    {
      "equivalent": false,
      "hues": [
        0.0002698509073736921,
        0.08497409326424872,
        0.10480093676814987
      ],
      "lightness": 0.5014447884416924,
      "sats": [
        0.8946224877783813,
        0.7002902757619739,
        0.6063187788427405
      ],
      "vals": [
        0.3859943977591036,
        0.5036935704514364,
        0.5814241486068111
      ],
      "variance": 0.5169294637019276
    },
    {
      "equivalent": true,
      "hues": [
        0.1184586173072845,
        0.12788512368648897,
        0.14049997051716265
      ],
      "lightness": 0.518716577540107,
      "sats": [
        0.49099348293385225,
        0.4908802656324496,
        0.44874043909199046
      ],
      "vals": [
        0.9938622315820658,
        0.9959366635543107,
        0.9982628050138301
      ],
      "variance": 0.4997171804196839
    },
    {
      "equivalent": true,
      "hues": [
        0.4146308490536197,
        0.42337084649619056,
        0.5036217509993164
      ],
      "lightness": 0.5269426289034131,
      "sats": [
        0.9973071593068101,
        0.8796141786867561,
        0.8226705431621284
      ],
      "vals": [
        0.6081699346405229,
        0.7051634063201084,
        0.9219753163062059
      ],
      "variance": 0.49191614294846364
    }
  ]
}