{
  "group_name": "assets\\minecraft\\textures\\blocks\\glass_orange.png",
  "segment_dicts": [
    {
      "equivalent": true,
      "hues": [
        0.5179953460865988
      ],
      "lightness": 0.8470588235294095,
      "sats": [
        0.9093714927048261
      ],
      "vals": [
        0.8470588235294118
      ],
      "variance": 1.3106799596269244e-16
    }
  ]
}