{
  "group_name": "assets\\minecraft\\textures\\blocks\\glass_gray.png",
  "segment_dicts": [
    {
      "equivalent": true,
      "hues": [
        0.6666666666666666
      ],
      "lightness": 0.29803921568627445,
      "sats": [
        1.0
      ],
      "vals": [
        0.2980392156862745
      ],
      "variance": 1.862545205785625e-16
    },
    {
      "equivalent": true,
      "hues": [
        0.6666666666666666
      ],
      "lightness": 0.2980392156862749,
      "sats": [
        1.0
      ],
      "vals": [
        0.2980392156862745
      ],
      "variance": 1.8625452057856222e-16
    }
  ]
}