{
  "group_name": "assets\\minecraft\\textures\\blocks\\glass_pane_top_green.png",
  "segment_dicts": [
    {
      "equivalent": false,
      "hues": [
        0.44722641193229434,
        0.45050529351211316,
        0.4565663890907821
      ],
      "lightness": 0.38357843137254893,
      "sats": [
        0.831982863226646,
        0.8316673608218798,
        0.8297872340425532
      ],
      "vals": [
        0.5,
        0.504958188126505,
        0.5051546391752577
      ],
      "variance": 0.33087126981795834
    }
  ]
}