{
  "group_name": "forbidden\\assets\\forbidden\\textures\\items\\eyeshovel.png",
  "segment_dicts": [
    {
      "equivalent": true,
      "hues": [
        0.0
      ],
      "lightness": 0.4225490196078431,
      "sats": [
        0.0
      ],
      "vals": [
        0.2784313725490196,
        0.6483660130718955,
        0.8980392156862745
      ],
      "variance": 0.9646071850595174
    }
  ]
}