{
  "group_name": "forbidden\\assets\\forbidden\\textures\\items\\nuggetmanasteel.png",
  "segment_dicts": [
    {
      "equivalent": true,
      "hues": [
        0.5767019105917269,
        0.5792087990065639,
        0.5800492610837438
      ],
      "lightness": 0.8586928104575163,
      "sats": [
        0.7174494081710576,
        0.6716294458229942,
        0.6556001459321416
      ],
      "vals": [
        0.6773109243697479,
        0.8558823529411764,
        0.9771836007130125
      ],
      "variance": 0.32514420302954433
    }
  ]
}