{
  "group_name": "extratic\\assets\\extratic\\textures\\items\\dagger\\ae\\certus_quartz_dagger_accessory.png",
  "segment_dicts": [
    {
      "equivalent": false,
      "hues": [
        0.7554890219560878,
        0.7761194029850746,
        0.7777777777777778
      ],
      "lightness": 0.3318627450980392,
      "sats": [
        1.0,
        0.912568306010929
      ],
      "vals": [
        0.23529411764705882,
        0.5254901960784314,
        0.7176470588235294
      ],
      "variance": 0.2237138718889973
    }
  ]
}