{
  "group_name": "extratic\\assets\\extratic\\textures\\items\\dagger\\ae\\certus_quartz_dagger_accessory.png",
  "segment_dicts": [
    {
      "equivalent": false,
      "hues": [
        0.01977401129943503,
        0.019900497512437814,
        0.02
      ],
      "lightness": 0.3666666666666667,
      "sats": [
        1.0,
        0.903061224489796
      ],
      "vals": [
        0.2627450980392157,
        0.5882352941176471,
        0.7686274509803922
      ],
      "variance": 0.32706758861054575
    }
  ]
}