{
  "group_name": "extratic\\assets\\extratic\\textures\\items\\dagger\\ae\\certus_quartz_dagger_accessory.png",
  "segment_dicts": [
    {
      "equivalent": false,
      "hues": [
        0.0968992248062015,
        0.11111111111111105,
        0.11728395061728396
      ],
      "lightness": 0.35343137254901963,
      "sats": [
        0.29347826086956524,
        0.2916666666666665,
        0.21827411167512697
      ],
      "vals": [
        0.2823529411764706,
        0.3607843137254902,
        0.7725490196078432
      ],
      "variance": 0.22394612264328417
    }
  ]
}