{
  "group_name": "extratic\\assets\\extratic\\textures\\items\\arrow\\metallurgy3\\nether\\amordrine_arrow_head.png",
  "segment_dicts": [
    {
      "equivalent": false,
      "hues": [
        0.0
      ],
      "lightness": 0.8235294117647058,
      "sats": [
        1.0,
        0.9411764705882353,
        0.5098039215686274
      ],
      "vals": [
        0.7254901960784313,
        1.0
      ],
      "variance": 0.11658176784450473
    }
  ]
}