{
  "group_name": "extratic\\assets\\extratic\\textures\\items\\arrow\\metallurgy3\\fantasy\\mithril_arrow_shaft.png",
  "segment_dicts": [
    {
      "equivalent": false,
      "hues": [
        0.0694444444444442,
        0.07407407407407436,
        0.08823529411764712
      ],
      "lightness": 0.4240354206198609,
      "sats": [
        0.29310344827586243,
        0.12060301507537688,
        0.03829787234042552
      ],
      "vals": [
        0.22745098039215692,
        0.7803921568627451,
        0.9215686274509803
      ],
      "variance": 0.2383742241955029
    }
  ]
}