{
  "group_name": "assets\\minecraft\\textures\\items\\book_normal.png",
  "segment_dicts": [
    {
      "equivalent": false,
      "hues": [
        0.6666666666666666
      ],
      "lightness": 0.6596638655462185,
      "sats": [
        1.0
      ],
      "vals": [
        0.32941176470588235,
        0.5882352941176471,
        0.7363321799307959
      ],
      "variance": 0.37504915946110623
    },
    {
      "equivalent": false,
      "hues": [
        0.3336215209610042,
        0.3835060562974255,
        0.42437743407983125
      ],
      "lightness": 0.30628695922813565,
      "sats": [
        0.9554761904761905,
        0.9488333635614087,
        0.9180378545335139
      ],
      "vals": [
        0.7628638870397384,
        0.9090909090909091,
        0.9765512265512266
      ],
      "variance": 0.8077600787296157
    }
  ]
}