{
  "group_name": "assets\\minecraft\\textures\\items\\carrot_golden.png",
  "segment_dicts": [
    {
      "equivalent": false,
      "hues": [
        0.5193129411764706,
        0.5452626852267625
      ],
      "lightness": 1.0,
      "sats": [
        0.9137426900584795,
        0.9097222222222222
      ],
      "vals": [
        1.0
      ],
      "variance": 0.39102582490757626
    },
    {
      "equivalent": false,
      "hues": [
        0.35500715153376605,
        0.45890787919058723,
        0.46486659212119247
      ],
      "lightness": 0.5307598039215686,
      "sats": [
        0.9253972237256007,
        0.6595478336448155,
        0.5452380348161309
      ],
      "vals": [
        0.7248991123824821,
        0.9735805222562959,
        0.9743133492183577
      ],
      "variance": 0.7367284071221016
    },
    {
      "equivalent": false,
      "hues": [
        0.4521174888124159,
        0.5139727728464334,
        0.5603604109358334
      ],
      "lightness": 0.8667698658410732,
      "sats": [
        0.9159055465985161,
        0.9121380687491085,
        0.9095690359477124
      ],
      "vals": [
        0.9753978345470657,
        1.0
      ],
      "variance": 0.45112992539045293
    }
  ]
}