{
  "group_name": "assets\\minecraft\\textures\\items\\iron_chestplate.png",
  "segment_dicts": [
    {
      "equivalent": false,
      "hues": [
        0.6666666666666666
      ],
      "lightness": 0.45643790849673205,
      "sats": [
        1.0
      ],
      "vals": [
        0.14509803921568631,
        0.39607843137254906,
        0.7117647058823531
      ],
      "variance": 0.6029545657285114
    },
    {
      "equivalent": false,
      "hues": [
        0.6666666666666666
      ],
      "lightness": 0.1411764705882353,
      "sats": [
        1.0
      ],
      "vals": [
        0.11198257080610022,
        0.17647058823529413,
        0.3333333333333333
      ],
      "variance": 1.9494135230393794
    }
  ]
}