{
  "group_name": "assets\\minecraft\\textures\\items\\snowball.png",
  "segment_dicts": [
    {
      "equivalent": false,
      "hues": [
        0.6110744868438522,
        0.6125697053264484,
        0.6666666666666666
      ],
      "lightness": 0.3112156862745098,
      "sats": [
        1.0,
        0.8003355704697989,
        0.7053158705701077
      ],
      "vals": [
        0.17699346405228755,
        0.40490196078431373,
        0.5843137254901961
      ],
      "variance": 0.6800169370103394
    },
    {
      "equivalent": false,
      "hues": [
        0.3653476624305086,
        0.4409563254416891,
        0.47162768597361876
      ],
      "lightness": 0.24935947712418305,
      "sats": [
        0.9072270650812043,
        0.9025823412965317,
        0.6622558286074363
      ],
      "vals": [
        0.021455223880597063,
        0.8619411165922796,
        0.8777112843484389
      ],
      "variance": 0.8487022036245626
    },
    {
      "equivalent": false,
      "hues": [
        0.0
      ],
      "lightness": 0.0,
      "sats": [
        0.0
      ],
      "vals": [
        0.0
      ],
      "variance": Infinity
    }
  ]
}