{
  "group_name": "assets\\minecraft\\textures\\items\\diamond_axe.png",
  "segment_dicts": [
    {
      "equivalent": false,
      "hues": [
        0.3462344340442663,
        0.38293145415965874,
        0.42780708782094284
      ],
      "lightness": 0.2980392156862745,
      "sats": [
        0.8515162721893492,
        0.8493856520015853,
        0.8479896491487107
      ],
      "vals": [
        0.7123287671232877,
        0.7128017967434025,
        0.725
      ],
      "variance": 0.7549672363951856
    },
    {
      "equivalent": false,
      "hues": [
        0.38305794227803486,
        0.5425613458280906,
        0.5653501481681581
      ],
      "lightness": 0.5568627450980392,
      "sats": [
        0.8166982024597919,
        0.7690815630636387,
        0.5933333333333333
      ],
      "vals": [
        0.40983606557377045,
        0.7400560224089636,
        0.9333333333333333
      ],
      "variance": 0.4040669715917895
    }
  ]
}