{
  "group_name": "assets\\minecraft\\textures\\items\\gold_sword.png",
  "segment_dicts": [
    {
      "equivalent": true,
      "hues": [
        0.3922420590535754,
        0.4415977164398674,
        0.5609633251438494
      ],
      "lightness": 0.47166199813258636,
      "sats": [
        0.8081904773269167,
        0.7730568293905418,
        0.528162393162393
      ],
      "vals": [
        0.36326378539493287,
        0.6235552096325891,
        0.8909803921568626
      ],
      "variance": 0.5896106399805824
    }
  ]
}