{
  "group_name": "assets\\minecraft\\textures\\items\\diamond_hoe.png",
  "segment_dicts": [
    {
      "equivalent": false,
      "hues": [
        0.0,
        0.10699588477366252,
        0.10849393290506776
      ],
      "lightness": 0.39046520569011917,
      "sats": [
        0.7168141592920353,
        0.45405930967428293,
        0.0
      ],
      "vals": [
        0.2215686274509804,
        0.3666666666666667,
        0.8239651416122005
      ],
      "variance": 0.47755860652108545
    }
  ]
}