{
  "group_name": "assets\\minecraft\\textures\\items\\diamond_axe.png",
  "segment_dicts": [
    {
      "equivalent": false,
      "hues": [
        0.3462344340442663,
        0.38293145415965874,
        0.42780708782094284
      ],
      "lightness": 0.2980392156862745,
      "sats": [
        0.8515162721893492,
        0.8493856520015853,
        0.8479896491487107
      ],
      "vals": [
        0.7123287671232877,
        0.7128017967434025,
        0.725
      ],
      "variance": 0.7784461957489222
    },
    {
      "equivalent": false,
      "hues": [
        0.6666666666666666
      ],
      "lightness": 0.5809863339275104,
      "sats": [
        1.0
      ],
      "vals": [
        0.26666666666666666,
        0.7456582633053221,
        1.0
      ],
      "variance": 0.3993338226505005
    }
  ]
}