{
  "group_name": "assets\\minecraft\\textures\\items\\iron_boots.png",
  "segment_dicts": [
    {
      "equivalent": false,
      "hues": [
        0.6666666666666666
      ],
      "lightness": 0.5416606148632293,
      "sats": [
        1.0
      ],
      "vals": [
        0.2738402678144428,
        0.7137254901960786,
        0.9294117647058825
      ],
      "variance": 0.5492687829512878
    },
    {
      "equivalent": false,
      "hues": [
        0.6666666666666666
      ],
      "lightness": 0.207843137254902,
      "sats": [
        1.0
      ],
      "vals": [
        0.20784313725490197
      ],
      "variance": 1.4314510001535072
    }
  ]
}