{
  "group_name": "assets\\minecraft\\textures\\items\\record_wait.png",
  "segment_dicts": [
    {
      "equivalent": false,
      "hues": [
        0.2138047138047138,
        0.4688473520249219,
        0.7999999999999999
      ],
      "lightness": 0.23426387504154206,
      "sats": [
        1.0,
        0.11597658790375018,
        5.873586541066698e-16
      ],
      "vals": [
        0.11813725490196081,
        0.27831070889894416,
        0.7764705882352941
      ],
      "variance": 0.6502592995396139
    }
  ]
}