{
  "group_name": "assets\\minecraft\\textures\\items\\snowball.png",
  "segment_dicts": [
    {
      "equivalent": false,
      "hues": [
        0.0,
        0.3114638447971781,
        0.3126707650273224
      ],
      "lightness": 0.5745717234262125,
      "sats": [
        0.4315719655096178,
        0.4253882511816341,
        0.0
      ],
      "vals": [
        0.3941612200435731,
        0.7259803921568628,
        1.0
      ],
      "variance": 0.5685395365656806
    },
    {
      "equivalent": false,
      "hues": [
        0.6117057221042952,
        0.6236504723346828,
        0.6666666666666666
      ],
      "lightness": 0.7838523644752019,
      "sats": [
        1.0,
        0.6175,
        0.5532016565785282
      ],
      "vals": [
        0.6745098039215687,
        0.7843137254901961,
        1.0
      ],
      "variance": 0.4167452394931416
    }
  ]
}