{
  "group_name": "assets\\minecraft\\textures\\items\\snowball.png",
  "segment_dicts": [
    {
      "equivalent": true,
      "hues": [
        0.5
      ],
      "lightness": 0.7331269349845201,
      "sats": [
        0.06300268096514752,
        0.06297093649085028,
        0.05058528428093651
      ],
      "vals": [
        0.45539215686274503,
        0.7313725490196079,
        0.9620915032679738
      ],
      "variance": 0.5582480000460288
    },
    {
      "equivalent": true,
      "hues": [
        0.6666666666666666
      ],
      "lightness": 0.9677047289504037,
      "sats": [
        1.0
      ],
      "vals": [
        0.8627450980392157,
        1.0
      ],
      "variance": 0.42292512683996486
    }
  ]
}