{
  "group_name": "assets\\minecraft\\textures\\items\\diamond_axe.png",
  "segment_dicts": [
    {
      "equivalent": false,
      "hues": [
        0.3462344340442663,
        0.38293145415965874,
        0.42780708782094284
      ],
      "lightness": 0.2980392156862745,
      "sats": [
        0.8515162721893492,
        0.8493856520015853,
        0.8479896491487107
      ],
      "vals": [
        0.7123287671232877,
        0.7128017967434025,
        0.725
      ],
      "variance": 0.5675122333253464
    },
    {
      "equivalent": false,
      "hues": [
        0.6666666666666666
      ],
      "lightness": 0.4221033868092692,
      "sats": [
        1.0
      ],
      "vals": [
        0.28627450980392155,
        0.49299719887955185,
        0.6039215686274509
      ],
      "variance": 0.40070965123309926
    }
  ]
}