{
  "group_name": "assets\\minecraft\\textures\\items\\glowstone_dust.png",
  "segment_dicts": [
    {
      "equivalent": false,
      "hues": [
        0.6666666666666666,
        0.7943423670190645,
        0.9242713301536831
      ],
      "lightness": 0.7653297682709448,
      "sats": [
        1.0,
        0.9332454053186348,
        0.7115384615384617
      ],
      "vals": [
        0.6666666666666667,
        0.8528735632183908,
        0.9700534759358287
      ],
      "variance": 0.5089541775194312
    }
  ]
}