{
  "group_name": "extratic\\assets\\extratic\\textures\\items\\dagger\\metallurgy3\\precious\\brass_dagger_handle.png",
  "segment_dicts": [
    {
      "equivalent": false,
      "hues": [
        0.0
      ],
      "lightness": 0.6464985994397758,
      "sats": [
        0.0
      ],
      "vals": [
        0.5294117647058824,
        0.687843137254902,
        0.8117647058823529
      ],
      "variance": 0.0849927346576045
    }
  ]
}