{
  "group_name": "extratic\\assets\\extratic\\textures\\items\\longsword\\natura\\darkwood_longsword_blade.png",
  "segment_dicts": [
    {
      "equivalent": false,
      "hues": [
        0.523148148148148,
        0.5263157894736841,
        0.5284552845528455
      ],
      "lightness": 0.4916038210155857,
      "sats": [
        0.518987341772152,
        0.16143497757847552,
        0.07949790794979075
      ],
      "vals": [
        0.3098039215686274,
        0.8745098039215686,
        0.9372549019607843
      ],
      "variance": 0.4303149161021684
    }
  ]
}