{
  "group_name": "biomesoplenty\\assets\\biomesoplenty\\textures\\items\\biomeradar\\10.png",
  "segment_dicts": [
    {
      "equivalent": true,
      "hues": [
        0.3185148185148185,
        0.33874580067189247,
        0.3636363636363637
      ],
      "lightness": 0.30170502983802217,
      "sats": [
        0.5628338487489458,
        0.5214091086025692,
        0.3928571428571423
      ],
      "vals": [
        0.10980392156862726,
        0.3206671174216813,
        0.6947937795807978
      ],
      "variance": 0.7314182509914273
    }
  ]
}