{
  "group_name": "biomesoplenty\\assets\\biomesoplenty\\textures\\items\\biomeradar\\10.png",
  "segment_dicts": [
    {
      "equivalent": false,
      "hues": [
        0.3196232046260026,
        0.3309495431068732,
        0.36363636363636315
      ],
      "lightness": 0.3123401534526854,
      "sats": [
        0.5517134918184625,
        0.5349912322652639,
        0.39285714285714374
      ],
      "vals": [
        0.1098039215686277,
        0.30980392156862746,
        0.723529411764706
      ],
      "variance": 0.7622397612084696
    }
  ]
}