{
  "group_name": "extratic\\assets\\extratic\\textures\\items\\pickmattock\\aoa\\jade_pickmattock_head.png",
  "segment_dicts": [
    {
      "equivalent": false,
      "hues": [
        0.17095015576323988,
        0.17225950782997765,
        0.17320261437908502
      ],
      "lightness": 0.30823529411764705,
      "sats": [
        0.9794050343249427,
        0.9357798165137614,
        0.93125
      ],
      "vals": [
        0.2142156862745098,
        0.6274509803921569,
        0.8549019607843138
      ],
      "variance": 0.385337634183446
    }
  ]
}