{
  "group_name": "extratic\\assets\\extratic\\textures\\items\\lumberaxe\\oodmod\\kroostyl_lumberaxe_head.png",
  "segment_dicts": [
    {
      "equivalent": false,
      "hues": [
        0.5994623655913979,
        0.6051912568306012,
        0.6121863799283154
      ],
      "lightness": 0.42035878181059655,
      "sats": [
        1.0,
        0.775,
        0.7043879907621247
      ],
      "vals": [
        0.2431372549019608,
        0.47058823529411764,
        0.5993079584775087
      ],
      "variance": 0.3286220537341282
    }
  ]
}