{
  "group_name": "extratic\\assets\\extratic\\textures\\items\\arrow\\metallurgy3\\nether\\amordrine_arrow_head.png",
  "segment_dicts": [
    {
      "equivalent": false,
      "hues": [
        0.0
      ],
      "lightness": 0.23137254901960783,
      "sats": [
        0.0
      ],
      "vals": [
        0.1568627450980392,
        0.24313725490196078,
        0.5490196078431373
      ],
      "variance": 0.5563122727876931
    }
  ]
}