{
  "group_name": "tinker\\assets\\tinker\\textures\\items\\fishingrod\\pigiron_fishingrod_flail.png",
  "segment_dicts": [
    {
      "equivalent": false,
      "hues": [
        0.04545454545454545,
        0.13122171945701358,
        0.13162878787878787
      ],
      "lightness": 1.0,
      "sats": [
        0.9490196078431372,
        0.8666666666666667,
        0.6901960784313725
      ],
      "vals": [
        1.0
      ],
      "variance": 0.21137108216357317
    },
    {
      "equivalent": false,
      "hues": [
        0.0630081300813008,
        0.13082437275985662,
        0.13165266106442577
      ],
      "lightness": 1.0,
      "sats": [
        0.6431372549019607,
        0.4666666666666667,
        0.3647058823529412
      ],
      "vals": [
        1.0
      ],
      "variance": 0.21137108216357317
    }
  ]
}