{
  "group_name": "extratic\\assets\\extratic\\textures\\items\\cleaver\\natura\\darkwood_cleaver_shield.png",
  "segment_dicts": [
    {
      "equivalent": false,
      "hues": [
        0.7943262411347517,
        0.7944444444444444,
        0.7962962962962963
      ],
      "lightness": 0.5401069518716577,
      "sats": [
        0.3157894736842105,
        0.30519480519480513,
        0.2033898305084745
      ],
      "vals": [
        0.3725490196078431,
        0.6039215686274509,
        0.6941176470588235
      ],
      "variance": 0.3000361366228721
    }
  ]
}