{
  "group_name": "extratic\\assets\\extratic\\textures\\items\\cleaver\\metallurgy3\\precious\\brass_cleaver_head.png",
  "segment_dicts": [
    {
      "equivalent": false,
      "hues": [
        0.5436507936507935,
        0.5451197053406998,
        0.5467289719626168
      ],
      "lightness": 0.5493991144845034,
      "sats": [
        0.5953947368421052,
        0.5915492957746478,
        0.2442922374429223
      ],
      "vals": [
        0.2784313725490196,
        0.596078431372549,
        0.8588235294117647
      ],
      "variance": 0.4135229639739105
    }
  ]
}