{
  "group_name": "extratic\\assets\\extratic\\textures\\items\\cleaver\\erebus\\jade_cleaver_head_broken.png",
  "segment_dicts": [
    {
      "equivalent": false,
      "hues": [
        0.42517006802721086,
        0.42892156862745107,
        0.42931937172774864
      ],
      "lightness": 0.4932386747802569,
      "sats": [
        0.6241830065359478,
        0.6202531645569617,
        0.31481481481481477
      ],
      "vals": [
        0.30980392156862735,
        0.6000000000000001,
        0.8470588235294116
      ],
      "variance": 0.4730938351609187
    }
  ]
}