{
  "group_name": "extratic\\assets\\extratic\\textures\\items\\cleaver\\metallurgy3\\precious\\brass_cleaver_head.png",
  "segment_dicts": [
    {
      "equivalent": false,
      "hues": [
        0.8010022631749111,
        0.8010204081632653,
        0.8022875816993463
      ],
      "lightness": 0.589247311827957,
      "sats": [
        0.5949221004039238,
        0.5185185185185185,
        0.2318181818181819
      ],
      "vals": [
        0.39976931949250294,
        0.7411764705882353,
        0.8627450980392157
      ],
      "variance": 0.3511916593459171
    }
  ]
}