{
  "group_name": "extratic\\assets\\extratic\\textures\\items\\cleaver\\metallurgy3\\precious\\brass_cleaver_head.png",
  "segment_dicts": [
    {
      "equivalent": false,
      "hues": [
        0.0
      ],
      "lightness": 0.6718532574320051,
      "sats": [
        0.9999999999999999,
        0.9674306393244874,
        0.5098039215686274
      ],
      "vals": [
        0.4823529411764707,
        0.8555211558307533,
        1.0
      ],
      "variance": 0.27168783676954494
    }
  ]
}