{
  "group_name": "extratic\\assets\\extratic\\textures\\items\\cleaver\\erebus\\jade_cleaver_head_broken.png",
  "segment_dicts": [
    {
      "equivalent": false,
      "hues": [
        0.0
      ],
      "lightness": 0.599526707234618,
      "sats": [
        1.0,
        0.9411764705882353
      ],
      "vals": [
        0.4235294117647059,
        0.6745098039215686,
        1.0
      ],
      "variance": 0.32469157685053385
    }
  ]
}