{
  "group_name": "extratic\\assets\\extratic\\textures\\items\\pickaxe\\tcon\\glue_pickaxe_accessory.png",
  "segment_dicts": [
    {
      "equivalent": false,
      "hues": [
        0.0423728813559322,
        0.04973821989528795,
        0.05078124999999998
      ],
      "lightness": 0.4519607843137255,
      "sats": [
        0.8565022421524664,
        0.7314049586776861,
        0.547008547008547
      ],
      "vals": [
        0.18980392156862746,
        0.8745098039215686,
        0.9176470588235294
      ],
      "variance": 0.21358032117228587
    }
  ]
}