{
  "group_name": "extratic\\assets\\extratic\\textures\\items\\pickmattock\\aoa\\jade_pickmattock_head.png",
  "segment_dicts": [
    {
      "equivalent": false,
      "hues": [
        0.04233274126702189,
        0.04973821989528795,
        0.05078125
      ],
      "lightness": 0.3280392156862745,
      "sats": [
        0.8565022421524664,
        0.7311688311688311,
        0.5470085470085471
      ],
      "vals": [
        0.18872549019607845,
        0.8745098039215686,
        0.9176470588235294
      ],
      "variance": 0.515400830608298
    }
  ]
}