{
  "group_name": "tinker\\assets\\tinker\\textures\\blocks\\glass\\stained\\gray\\glass_2_ur.png",
  "segment_dicts": [
    {
      "equivalent": false,
      "hues": [
        0.9513888888888888,
        0.9544159544159544
      ],
      "lightness": 0.8933333333333333,
      "sats": [
        0.5735294117647058,
        0.18823529411764706
      ],
      "vals": [
        0.8,
        1.0
      ],
      "variance": 0.03893604354992228
    },
    {
      "equivalent": false,
      "hues": [
        0.9535519125683061
      ],
      "lightness": 0.8980392156862721,
      "sats": [
        0.2663755458515284
      ],
      "vals": [
        0.8980392156862745
      ],
      "variance": 0.03873201188066515
    },
    {
      "equivalent": false,
      "hues": [
        0.9544159544159544
      ],
      "lightness": 0.8000000000000003,
      "sats": [
        0.5735294117647058
      ],
      "vals": [
        0.8
      ],
      "variance": 0.04347858196407986
    },
    {
      "equivalent": false,
      "hues": [
        0.9513888888888888
      ],
      "lightness": 1.0000000000000002,
      "sats": [
        0.18823529411764706
      ],
      "vals": [
        1.0
      ],
      "variance": 0.03478286557126389
    }
  ]
}