{
  "group_name": "tinker\\assets\\tinker\\textures\\blocks\\glass\\stained\\gray\\glass_1_u.png",
  "segment_dicts": [
    {
      "equivalent": false,
      "hues": [
        0.9544159544159544
      ],
      "lightness": 0.7999999999999999,
      "sats": [
        0.5735294117647058
      ],
      "vals": [
        0.8
      ],
      "variance": 0.05211575916602249
    },
    {
      "equivalent": false,
      "hues": [
        0.9535519125683061
      ],
      "lightness": 0.8980392156862721,
      "sats": [
        0.2663755458515284
      ],
      "vals": [
        0.8980392156862745
      ],
      "variance": 0.04642626580728653
    },
    {
      "equivalent": false,
      "hues": [
        0.9513888888888888,
        0.9544159544159544
      ],
      "lightness": 0.8857142857142857,
      "sats": [
        0.5735294117647058,
        0.18823529411764706
      ],
      "vals": [
        0.8,
        1.0
      ],
      "variance": 0.047072298601568696
    },
    {
      "equivalent": false,
      "hues": [
        0.9513888888888888
      ],
      "lightness": 1.0000000000000002,
      "sats": [
        0.18823529411764706
      ],
      "vals": [
        1.0
      ],
      "variance": 0.04169260733281798
    }
  ]
}