{
  "group_name": "extratic\\assets\\extratic\\textures\\items\\javelin\\aoa\\limonite_javelin_handle.png",
  "segment_dicts": [
    {
      "equivalent": false,
      "hues": [
        0.16406249999999992,
        0.16666666666666666,
        0.17777777777777773
      ],
      "lightness": 0.9044982698961938,
      "sats": [
        0.3018867924528302,
        0.25641025641025633,
        0.2088353413654618
      ],
      "vals": [
        0.8313725490196079,
        0.9176470588235294,
        0.9764705882352941
      ],
      "variance": 0.01697826923200899
    }
  ]
}