{
  "group_name": "extratic\\assets\\extratic\\textures\\items\\shovel\\natura\\ghostwood_shovel_handle.png",
  "segment_dicts": [
    {
      "equivalent": false,
      "hues": [
        0.01881720430107527
      ],
      "lightness": 0.28627450980392155,
      "sats": [
        0.8493150684931506
      ],
      "vals": [
        0.28627450980392155
      ],
      "variance": 0.19267419464428343
    },
    {
      "equivalent": false,
      "hues": [
        0.018663194444444458,
        0.01881720430107527,
        0.01977401129943503
      ],
      "lightness": 0.408446455505279,
      "sats": [
        0.8495575221238939,
        0.8493150684931506,
        0.8489208633093526
      ],
      "vals": [
        0.28627450980392155,
        0.4431372549019608,
        0.5450980392156862
      ],
      "variance": 0.13504269624625181
    }
  ]
}