{
  "group_name": "extratic\\assets\\extratic\\textures\\items\\cutlass\\natura\\netherquartz_cutlass_handle.png",
  "segment_dicts": [
    {
      "equivalent": false,
      "hues": [
        0.0
      ],
      "lightness": 0.5870286576168928,
      "sats": [
        0.0
      ],
      "vals": [
        0.5607843137254902,
        0.6274509803921569,
        0.7686274509803922
      ],
      "variance": 0.22066140943423843
    }
  ]
}