{
  "group_name": "extratic\\assets\\extratic\\textures\\items\\cutlass\\metallurgy3\\nether\\ceruclase_cutlass_blade.png",
  "segment_dicts": [
    {
      "equivalent": false,
      "hues": [
        0.5847614967152243,
        0.6372549019607842,
        0.107981220657277
      ],
      "lightness": 0.5972270378224793,
      "sats": [
        0.7228244038401982,
        0.7123745819397994,
        0.6891891891891895
      ],
      "vals": [
        0.2901960784313727,
        0.2931372549019608,
        0.9044817927170868
      ],
      "variance": 0.40947067725679476
    }
  ]
}