{
  "group_name": "extratic\\assets\\extratic\\textures\\items\\cutlass\\metallurgy3\\nether\\ceruclase_cutlass_blade.png",
  "segment_dicts": [
    {
      "equivalent": false,
      "hues": [
        0.7230769230769232,
        0.7341954022988505,
        0.10798122065727699
      ],
      "lightness": 0.4500796804546109,
      "sats": [
        0.7123745819397992,
        0.5471698113207546,
        0.44027093596059114
      ],
      "vals": [
        0.2931372549019608,
        0.3106647537063606,
        0.8313725490196078
      ],
      "variance": 0.6066458519082527
    }
  ]
}