{
  "group_name": "extratic\\assets\\extratic\\textures\\items\\cutlass\\twilightforest\\fiery_cutlass_guard.png",
  "segment_dicts": [
    {
      "equivalent": false,
      "hues": [
        0.0
      ],
      "lightness": 0.09019607843137255,
      "sats": [
        0.0
      ],
      "vals": [
        0.09019607843137255
      ],
      "variance": 0.16308301363396954
    },
    {
      "equivalent": false,
      "hues": [
        0.0
      ],
      "lightness": 0.09019607843137255,
      "sats": [
        0.0
      ],
      "vals": [
        0.09019607843137255
      ],
      "variance": 0.16308301363396954
    }
  ]
}