{
  "group_name": "extratic\\assets\\extratic\\textures\\items\\cutlass\\metallurgy3\\nether\\ceruclase_cutlass_blade.png",
  "segment_dicts": [
    {
      "equivalent": false,
      "hues": [
        0.7053072625698323,
        0.7078431372549021,
        0.10798122065727699
      ],
      "lightness": 0.3660754802446004,
      "sats": [
        0.7123745819397992,
        0.4614549402823017,
        0.29046653144016227
      ],
      "vals": [
        0.25198358413132693,
        0.2931372549019608,
        0.7435897435897436
      ],
      "variance": 0.8213929940049979
    }
  ]
}