{
  "group_name": "jabba\\assets\\jabba\\textures\\items\\dolly_diamond_filled.png",
  "segment_dicts": [
    {
      "equivalent": true,
      "hues": [
        0.08192090395480224,
        0.08333333333333337,
        0.14285714285714313
      ],
      "lightness": 0.7819607843137255,
      "sats": [
        0.7083333333333335,
        0.7023809523809521,
        0.11965811965811972
      ],
      "vals": [
        0.32941176470588235,
        0.3764705882352941,
        0.9176470588235294
      ],
      "variance": 0.39385951010628273
    },
    {
      "equivalent": true,
      "hues": [
        0.6666666666666666
      ],
      "lightness": 0.7882352941176471,
      "sats": [
        1.0
      ],
      "vals": [
        0.788235294117647
      ],
      "variance": 0.3907243100258347
    },
    {
      "equivalent": true,
      "hues": [
        0.0
      ],
      "lightness": 0.0,
      "sats": [
        0.0
      ],
      "vals": [
        0.0
      ],
      "variance": Infinity
    },
    {
      "equivalent": true,
      "hues": [
        0.08192090395480227,
        0.08333333333333333
      ],
      "lightness": 0.3433305716652858,
      "sats": [
        0.7083333333333334,
        0.7023809523809524
      ],
      "vals": [
        0.32941176470588235,
        0.3764705882352941
      ],
      "variance": 0.8970441808846022
    }
  ]
}