{
  "group_name": "extratic\\assets\\extratic\\textures\\items\\rapier\\metallurgy3\\nether\\kalendrite_rapier_handle.png",
  "segment_dicts": [
    {
      "equivalent": false,
      "hues": [
        0.7492354740061162,
        0.7508001828989483,
        0.7570921985815603
      ],
      "lightness": 0.6598555211558308,
      "sats": [
        1.0,
        0.9707057256990679,
        0.40343347639484983
      ],
      "vals": [
        0.4274509803921569,
        0.7362745098039216,
        0.9137254901960784
      ],
      "variance": 0.15662920250209034
    }
  ]
}