{
  "group_name": "extratic\\assets\\extratic\\textures\\items\\rapier\\metallurgy3\\precious\\brass_rapier_blade.png",
  "segment_dicts": [
    {
      "equivalent": false,
      "hues": [
        0.6223776223776224,
        0.6228956228956228,
        0.6242937853107344
      ],
      "lightness": 0.46091503267973855,
      "sats": [
        0.7375,
        0.7371134020618557,
        0.4520547945205479
      ],
      "vals": [
        0.3137254901960784,
        0.7607843137254902,
        0.8588235294117647
      ],
      "variance": 0.41206701666156176
    }
  ]
}