{
  "group_name": "extratic\\assets\\extratic\\textures\\items\\rapier\\thermal\\lumium_rapier_blade_broken.png",
  "segment_dicts": [
    {
      "equivalent": false,
      "hues": [
        0.6223776223776224,
        0.6242937853107344
      ],
      "lightness": 0.46274509803921565,
      "sats": [
        0.7375,
        0.7371134020618557
      ],
      "vals": [
        0.3137254901960784,
        0.7607843137254902
      ],
      "variance": 0.29412110541929704
    }
  ]
}