{
  "group_name": "extratic\\assets\\extratic\\textures\\items\\parts\\bop\\mud_arrowhead.png",
  "segment_dicts": [
    {
      "equivalent": false,
      "hues": [
        0.682051282051282,
        0.7156862745098039,
        0.7162162162162162
      ],
      "lightness": 0.14414155906264947,
      "sats": [
        0.45121951219512196,
        0.4434782608695653,
        0.3061224489795918
      ],
      "vals": [
        0.09607843137254901,
        0.18039215686274512,
        0.3215686274509804
      ],
      "variance": 1.1105982201437874
    }
  ]
}