{
  "group_name": "extratic\\assets\\extratic\\textures\\items\\parts\\oodmod\\kroostyl_largeplate.png",
  "segment_dicts": [
    {
      "equivalent": false,
      "hues": [
        0.7096683530073076,
        0.7142857142857143,
        0.7162162162162161
      ],
      "lightness": 0.16650660264105643,
      "sats": [
        0.4684969385739677,
        0.45121951219512196,
        0.4285714285714287
      ],
      "vals": [
        0.13506736027744426,
        0.19215686274509808,
        0.32156862745098047
      ],
      "variance": 1.089831155680867
    }
  ]
}