{
  "group_name": "extratic\\assets\\extratic\\textures\\items\\parts\\ae\\certus_quartz_hammer_head.png",
  "segment_dicts": [
    {
      "equivalent": false,
      "hues": [
        0.6666666666666666
      ],
      "lightness": 0.09019607843137253,
      "sats": [
        0.2608695652173913
      ],
      "vals": [
        0.09019607843137255
      ],
      "variance": 2.0720206699696955
    },
    {
      "equivalent": false,
      "hues": [
        0.7119422572178477,
        0.7142857142857143,
        0.7162162162162162
      ],
      "lightness": 0.1762641898864809,
      "sats": [
        0.4980392156862744,
        0.45121951219512196,
        0.4285714285714286
      ],
      "vals": [
        0.14285714285714285,
        0.19215686274509805,
        0.3215686274509804
      ],
      "variance": 1.0602728721039307
    }
  ]
}