{
  "group_name": "extratic\\assets\\extratic\\textures\\items\\parts\\twilightforest\\knightmetal_toughrod.png",
  "segment_dicts": [
    {
      "equivalent": false,
      "hues": [
        0.6666666666666666
      ],
      "lightness": 0.09019607843137255,
      "sats": [
        0.2608695652173913
      ],
      "vals": [
        0.09019607843137255
      ],
      "variance": 1.7286811298864635
    },
    {
      "equivalent": false,
      "hues": [
        0.7026699029126213,
        0.7142857142857143,
        0.7162162162162162
      ],
      "lightness": 0.19701619778346122,
      "sats": [
        0.4735632183908045,
        0.45121951219512196,
        0.4285714285714286
      ],
      "vals": [
        0.14215686274509803,
        0.19215686274509805,
        0.32156862745098036
      ],
      "variance": 0.7914083234183809
    }
  ]
}