{
  "group_name": "extratic\\assets\\extratic\\textures\\items\\parts\\aoa\\limonite_bow_limb.png",
  "segment_dicts": [
    {
      "equivalent": false,
      "hues": [
        0.16406249999999992,
        0.16666666666666666,
        0.18727598566308243
      ],
      "lightness": 0.9098039215686275,
      "sats": [
        0.3018867924528302,
        0.2601398601398602,
        0.2088353413654618
      ],
      "vals": [
        0.8313725490196079,
        0.934640522875817,
        0.9764705882352941
      ],
      "variance": 0.021273314267019127
    }
  ]
}