{
  "group_name": "extratic\\assets\\extratic\\textures\\items\\parts\\oodmod\\kroostyl_largeplate.png",
  "segment_dicts": [
    {
      "equivalent": false,
      "hues": [
        0.14942528735632182,
        0.17079689018464536,
        0.18188871054039576
      ],
      "lightness": 0.8895958383353341,
      "sats": [
        0.29743589743589743,
        0.28775167785234906,
        0.24664476028346308
      ],
      "vals": [
        0.7647058823529411,
        0.8499108734402853,
        0.9433800186741361
      ],
      "variance": 0.06710422982674842
    }
  ]
}