{
  "group_name": "extratic\\assets\\tinker\\textures\\items\\parts\\terrasteel_chunk.png",
  "segment_dicts": [
    {
      "equivalent": false,
      "hues": [
        0.15148188803512633,
        0.16666666666666674,
        0.2021173271173272
      ],
      "lightness": 0.898747932908103,
      "sats": [
        0.2980533289710453,
        0.25692468932474927,
        0.2006420545746389
      ],
      "vals": [
        0.7733080328905755,
        0.970079883805374,
        0.9772549019607844
      ],
      "variance": 0.06272725806645006
    }
  ]
}