{
  "group_name": "extratic\\assets\\extratic\\textures\\items\\parts\\bop\\mud_binding.png",
  "segment_dicts": [
    {
      "equivalent": false,
      "hues": [
        0.1494252873563219,
        0.16406249999999992,
        0.19546850998463902
      ],
      "lightness": 0.8091176470588235,
      "sats": [
        0.3018867924528302,
        0.29743589743589743,
        0.2504327755337564
      ],
      "vals": [
        0.7647058823529411,
        0.8313725490196079,
        0.9708683473389356
      ],
      "variance": 0.06034255869321248
    }
  ]
}