{
  "group_name": "extratic\\assets\\extratic\\textures\\items\\javelin\\ae\\certus_quartz_javelin_head.png",
  "segment_dicts": [
    {
      "equivalent": false,
      "hues": [
        0.7944444444444444
      ],
      "lightness": 0.37254901960784315,
      "sats": [
        0.31578947368421056
      ],
      "vals": [
        0.37254901960784315
      ],
      "variance": 0.19569629880837217
    },
    {
      "equivalent": false,
      "hues": [
        0.7878787878787881,
        0.7962962962962963,
        0.7982456140350878
      ],
      "lightness": 0.6954248366013072,
      "sats": [
        0.31404958677685946,
        0.2033898305084745,
        0.047008547008546966
      ],
      "vals": [
        0.4745098039215686,
        0.6941176470588235,
        0.9176470588235294
      ],
      "variance": 0.10483730293305651
    }
  ]
}