{
  "group_name": "extratic\\assets\\extratic\\textures\\items\\javelin\\aoa\\limonite_javelin_handle.png",
  "segment_dicts": [
    {
      "equivalent": false,
      "hues": [
        0.06547619047619037,
        0.06770833333333331,
        0.07246376811594207
      ],
      "lightness": 0.42583621683967704,
      "sats": [
        0.4107142857142857,
        0.3368421052631579,
        0.14893617021276603
      ],
      "vals": [
        0.21960784313725493,
        0.37254901960784315,
        0.7372549019607844
      ],
      "variance": 0.26730869935916873
    }
  ]
}