{
  "group_name": "extratic\\assets\\extratic\\textures\\items\\javelin\\ae\\certus_quartz_javelin_head_broken.png",
  "segment_dicts": [
    {
      "equivalent": false,
      "hues": [
        0.053921568627450976,
        0.054644808743169404
      ],
      "lightness": 0.8500000000000001,
      "sats": [
        1.0,
        0.7176470588235294
      ],
      "vals": [
        0.8,
        1.0
      ],
      "variance": 0.04314185515394984
    },
    {
      "equivalent": false,
      "hues": [
        0.05450733752620546
      ],
      "lightness": 0.6235294117647059,
      "sats": [
        1.0
      ],
      "vals": [
        0.6235294117647059
      ],
      "variance": 0.05881130254477125
    },
    {
      "equivalent": false,
      "hues": [
        0.05392156862745099
      ],
      "lightness": 1.0,
      "sats": [
        0.2666666666666667
      ],
      "vals": [
        1.0
      ],
      "variance": 0.03667057688085737
    }
  ]
}