{
  "group_name": "extratic\\assets\\extratic\\textures\\items\\longbow\\generic\\amethyst_bow_bottom_1.png",
  "segment_dicts": [
    {
      "equivalent": false,
      "hues": [
        0.3493589743589744,
        0.34944444444444445,
        0.34974747474747475
      ],
      "lightness": 0.3686274509803922,
      "sats": [
        1.0,
        0.8859060402684564
      ],
      "vals": [
        0.203921568627451,
        0.39215686274509803,
        0.5843137254901961
      ],
      "variance": 0.41272457682668706
    }
  ]
}