{
  "group_name": "extratic\\assets\\extratic\\textures\\items\\longbow\\fun_stuff\\pokefennium_bow_grip.png",
  "segment_dicts": [
    {
      "equivalent": false,
      "hues": [
        0.5833333333333334
      ],
      "lightness": 0.4235294117647059,
      "sats": [
        1.0
      ],
      "vals": [
        0.3215686274509804,
        0.5254901960784314
      ],
      "variance": 0.16763175380363154
    }
  ]
}