{
  "group_name": "extratic\\assets\\extratic\\textures\\items\\longbow\\generic\\sapphire_bow_top.png",
  "segment_dicts": [
    {
      "equivalent": false,
      "hues": [
        0.0
      ],
      "lightness": 0.13882352941176473,
      "sats": [
        0.0
      ],
      "vals": [
        0.08235294117647057,
        0.146218487394958,
        0.21176470588235294
      ],
      "variance": 1.2164909915008228
    }
  ]
}