{
  "group_name": "extratic\\assets\\extratic\\textures\\items\\mattock\\metallurgy3\\precious\\brass_mattock_head.png",
  "segment_dicts": [
    {
      "equivalent": false,
      "hues": [
        0.58130081300813,
        0.5833333333333335,
        0.5995145631067961
      ],
      "lightness": 0.3650735294117647,
      "sats": [
        0.5929763960852045,
        0.28571428571428553,
        0.24260355029585798
      ],
      "vals": [
        0.19215686274509805,
        0.48655462184873954,
        0.6627450980392157
      ],
      "variance": 0.5985968719660824
    }
  ]
}