{
  "group_name": "extratic\\assets\\extratic\\textures\\items\\axe\\oodmod\\kroostyl_axe_head_broken.png",
  "segment_dicts": [
    {
      "equivalent": false,
      "hues": [
        0.0
      ],
      "lightness": 0.07366946778711483,
      "sats": [
        0.0
      ],
      "vals": [
        0.03529411764705884,
        0.08235294117647059,
        0.14173669467787114
      ],
      "variance": 3.929492532437338
    }
  ]
}