{
  "group_name": "apple",
  "segment_dicts": [
    {
      "colorize": true,
      "hues": [
        0.4820872274143302,
        0.4820872274143302,
        0.4823008849557522,
        0.4823008849557522,
        0.4823232323232323,
        0.4824561403508772,
        0.4824561403508772,
        0.4824561403508772,
        0.4825102880658436,
        0.5,
        0.5031446540880502
      ],
      "id": 0,
      "lightness": 0.7987291212781409,
      "sats": [
        0.9056603773584905,
        0.8962264150943396,
        0.8962264150943396,
        0.8959276018099548,
        0.8950276243093923,
        0.8916666666666667,
        0.8916666666666667,
        0.8916666666666667,
        0.8916666666666667,
        0.8862745098039215,
        0.8862745098039215
      ],
      "vals": [
        0.7098039215686275,
        0.8313725490196079,
        0.8313725490196079,
        0.8666666666666667,
        0.9411764705882353,
        0.9411764705882353,
        0.9411764705882353,
        1.0,
        1.0,
        1.0,
        1.0
      ],
      "variance": 0.5224924879772816
    },
    {
      "colorize": false,
      "id": 1
    }
  ]
}