{
  "group_name": "thermalfoundation\\assets\\thermalfoundation\\textures\\items\\tool\\platinum\\PlatinumSickle.png",
  "segment_dicts": [
    {
      "equivalent": false,
      "hues": [
        0.08713974986405655,
        0.08849896140811199,
        0.09076682316118934
      ],
      "lightness": 0.5331932773109244,
      "sats": [
        0.9876903142209269,
        0.49296340973059927,
        0.10441176470588243
      ],
      "vals": [
        0.3185758513931888,
        0.9752941176470589,
        1.0
      ],
      "variance": 0.5114199682213697
    },
    {
      "equivalent": false,
      "hues": [
        0.0,
        0.08872305140961857,
        0.09003831417624521
      ],
      "lightness": 0.8141176470588235,
      "sats": [
        0.9901477832512315,
        0.9886363636363636,
        0.0
      ],
      "vals": [
        0.34509803921568627,
        0.39803921568627454,
        1.0
      ],
      "variance": 0.3349462942159982
    },
    {
      "equivalent": false,
      "hues": [
        0.1049019607843137,
        0.108257804632427,
        0.10919540229885061
      ],
      "lightness": 0.3192156862745098,
      "sats": [
        0.7296137339055795,
        0.7250000000000001,
        0.7180043383947939
      ],
      "vals": [
        0.1568627450980392,
        0.30457516339869284,
        0.4519607843137255
      ],
      "variance": 0.8542364948309733
    }
  ]
}