{
  "group_name": "extratic\\assets\\extratic\\textures\\items\\rapier\\thermal\\lumium_rapier_blade_broken.png",
  "segment_dicts": [
    {
      "equivalent": false,
      "hues": [
        0.4541666666666666,
        0.45416666666666666,
        0.4550724637681159
      ],
      "lightness": 0.42745098039215684,
      "sats": [
        0.5970149253731344,
        0.5970149253731343,
        0.5958549222797928
      ],
      "vals": [
        0.2627450980392157,
        0.26274509803921575,
        0.7568627450980392
      ],
      "variance": 0.3411216499043173
    }
  ]
}