{
  "group_name": "extratic\\assets\\extratic\\textures\\items\\scythe\\metallurgy3\\nether\\kalendrite_scythe_accessory.png",
  "segment_dicts": [
    {
      "equivalent": false,
      "hues": [
        0.07908496732026143,
        0.09934640522875816,
        0.12197712418300653
      ],
      "lightness": 1.0,
      "sats": [
        1.0
      ],
      "vals": [
        1.0
      ],
      "variance": 0.2859577776279874
    }
  ]
}