{
  "group_name": "extratic\\assets\\extratic\\textures\\items\\shovel\\natura\\ghostwood_shovel_handle.png",
  "segment_dicts": [
    {
      "equivalent": false,
      "hues": [
        0.8185840707964601
      ],
      "lightness": 0.5803921568627451,
      "sats": [
        0.7635135135135135
      ],
      "vals": [
        0.5803921568627451
      ],
      "variance": 0.1414156842968626
    },
    {
      "equivalent": false,
      "hues": [
        0.8165905631659056,
        0.8185840707964601,
        0.8194444444444445
      ],
      "lightness": 0.8179487179487179,
      "sats": [
        0.7635135135135135,
        0.6666666666666666,
        0.22065491183879096
      ],
      "vals": [
        0.5803921568627451,
        0.9176470588235294,
        0.9730392156862745
      ],
      "variance": 0.1003443763920943
    }
  ]
}