{
  "group_name": "extratic\\assets\\extratic\\textures\\items\\rapier\\thermal\\lumium_rapier_blade_broken.png",
  "segment_dicts": [
    {
      "equivalent": false,
      "hues": [
        0.5555555555555555,
        0.5660919540229884,
        0.5660919540229886
      ],
      "lightness": 0.7908496732026143,
      "sats": [
        0.9942857142857143,
        0.388235294117647
      ],
      "vals": [
        0.6862745098039216,
        1.0
      ],
      "variance": 0.0768570047580821
    }
  ]
}