{
  "group_name": "extratic\\assets\\extratic\\textures\\items\\rapier\\metallurgy3\\nether\\kalendrite_rapier_handle.png",
  "segment_dicts": [
    {
      "equivalent": false,
      "hues": [
        0.5555555555555557,
        0.5585585585585585,
        0.5650887573964497
      ],
      "lightness": 0.8984520123839008,
      "sats": [
        0.8941798941798943,
        0.592,
        0.24705882352941178
      ],
      "vals": [
        0.7411764705882353,
        0.9803921568627451,
        1.0
      ],
      "variance": 0.047010744332669094
    }
  ]
}