{
  "group_name": "extratic\\assets\\extratic\\textures\\items\\bolt\\generic\\sapphire_bolt_shaft.png",
  "segment_dicts": [
    {
      "equivalent": false,
      "hues": [
        0.1424452133794694,
        0.14583333333333334,
        0.14750957854406133
      ],
      "lightness": 0.8841354723707666,
      "sats": [
        0.6570048309178744,
        0.3866666666666667,
        0.14927685950413216
      ],
      "vals": [
        0.8117647058823529,
        0.8823529411764706,
        0.9490196078431372
      ],
      "variance": 0.03596886848132337
    }
  ]
}