{
  "group_name": "extratic\\assets\\extratic\\textures\\items\\parts\\ae\\certus_quartz_hammer_head.png",
  "segment_dicts": [
    {
      "equivalent": false,
      "hues": [
        0.14637681159420288
      ],
      "lightness": 0.611764705882353,
      "sats": [
        0.7371794871794872
      ],
      "vals": [
        0.611764705882353
      ],
      "variance": 0.24406898706528501
    },
    {
      "equivalent": false,
      "hues": [
        0.1399999999999999,
        0.14549549549549548,
        0.14670296430732002
      ],
      "lightness": 0.8740970072239422,
      "sats": [
        0.5826771653543307,
        0.3454545454545455,
        0.10204081632653059
      ],
      "vals": [
        0.8300653594771242,
        0.8935574229691876,
        0.9607843137254902
      ],
      "variance": 0.1708194752447473
    }
  ]
}