{
  "group_name": "extratic\\assets\\extratic\\textures\\items\\bolt\\generic\\sapphire_bolt_head.png",
  "segment_dicts": [
    {
      "equivalent": false,
      "hues": [
        0.1416666666666665,
        0.145320197044335,
        0.14583333333333334
      ],
      "lightness": 0.9119825708061001,
      "sats": [
        0.6570048309178744,
        0.2920863309352519,
        0.08064516129032252
      ],
      "vals": [
        0.8117647058823529,
        0.9084967320261438,
        0.9725490196078431
      ],
      "variance": 0.016845292340461827
    }
  ]
}