{
  "group_name": "brick",
  "segment_dicts": [
    {
      "colorize": true,
      "hues": [
        0.10555555555555557,
        0.10555555555555557,
        0.10555555555555557,
        0.10555555555555557,
        0.10555555555555557,
        0.10555555555555557,
        0.1071428571428571,
        0.1071428571428571,
        0.1071428571428571,
        0.1071428571428571,
        0.1071428571428571
      ],
      "id": 0,
      "lightness": 0.3669340463458111,
      "sats": [
        0.4077669902912621,
        0.4077669902912621,
        0.4077669902912621,
        0.4077669902912621,
        0.4042553191489362,
        0.40268456375838935,
        0.40268456375838935,
        0.40268456375838935,
        0.40268456375838935,
        0.40268456375838935,
        0.40268456375838935
      ],
      "vals": [
        0.403921568627451,
        0.403921568627451,
        0.403921568627451,
        0.403921568627451,
        0.403921568627451,
        0.403921568627451,
        0.45098039215686275,
        0.5843137254901961,
        0.5843137254901961,
        0.5843137254901961,
        0.5843137254901961
      ],
      "variance": 0.583953050026685
    }
  ]
}