{
  "group_name": "brick",
  "segment_dicts": [
    {
      "colorize": true,
      "hues": [
        0.06209150326797386,
        0.06388888888888888,
        0.06981981981981983,
        0.07692307692307693,
        0.07857142857142857,
        0.07948717948717948,
        0.07981220657276994,
        0.08823529411764713,
        0.09090909090909088,
        0.09408602150537632,
        0.0944444444444445
      ],
      "id": 0,
      "lightness": 0.4448009506833036,
      "sats": [
        0.7058823529411765,
        0.6623376623376623,
        0.6372549019607843,
        0.5323741007194245,
        0.5284552845528455,
        0.5185185185185186,
        0.4930555555555556,
        0.46385542168674704,
        0.41463414634146345,
        0.3780487804878049,
        0.3409090909090909
      ],
      "vals": [
        0.30196078431372547,
        0.3333333333333333,
        0.4,
        0.4823529411764706,
        0.5294117647058824,
        0.5450980392156862,
        0.5647058823529412,
        0.6431372549019608,
        0.6431372549019608,
        0.6509803921568628,
        0.6901960784313725
      ],
      "variance": 0.5401333699577046
    }
  ]
}