{
  "group_name": "nugget",
  "segment_dicts": [
    {
      "colorize": true,
      "hues": [
        0.11342592592592593,
        0.11342592592592593,
        0.11342592592592593,
        0.11363636363636359,
        0.11363636363636359,
        0.11449275362318839,
        0.11449275362318839,
        0.125,
        0.12612612612612617,
        0.13260340632603407,
        0.1414728682170543,
        0.1414728682170543
      ],
      "id": 0,
      "lightness": 0.7461361014994232,
      "sats": [
        0.8455882352941176,
        0.8455882352941176,
        0.8421052631578948,
        0.8421052631578948,
        0.8421052631578948,
        0.7857142857142858,
        0.7857142857142858,
        0.6603773584905661,
        0.654867256637168,
        0.5708333333333333,
        0.3453815261044177,
        0.3453815261044177
      ],
      "vals": [
        0.5333333333333333,
        0.5333333333333333,
        0.6705882352941176,
        0.6705882352941176,
        0.6705882352941176,
        0.7686274509803922,
        0.7686274509803922,
        0.8313725490196079,
        0.8862745098039215,
        0.9411764705882353,
        0.9764705882352941,
        0.9764705882352941
      ],
      "variance": 0.3471041311382833
    }
  ]
}