{
  "group_name": "tallgrass",
  "segment_dicts": [
    {
      "colorize": true,
      "hues": [
        0.0,
        0.0,
        0.0,
        0.0,
        0.0,
        0.26041666666666674,
        0.26041666666666674,
        0.2666666666666666,
        0.26984126984127,
        0.2749999999999999,
        0.2749999999999999
      ],
      "id": 0,
      "lightness": 0.35440875736797794,
      "sats": [
        0.13559322033898305,
        0.13559322033898305,
        0.13513513513513523,
        0.13513513513513523,
        0.13513513513513523,
        0.13513513513513523,
        0.0,
        0.0,
        0.0,
        0.0,
        0.0
      ],
      "vals": [
        0.0,
        0.0,
        0.0,
        0.0,
        0.0,
        0.4627450980392157,
        0.4627450980392157,
        0.5254901960784314,
        0.5254901960784314,
        0.5803921568627451,
        0.5803921568627451
      ],
      "variance": 0.7745386672368524
    }
  ]
}