{
  "group_name": "tallgrass",
  "segment_dicts": [
    {
      "colorize": true,
      "hues": [
        0.0,
        0.0,
        0.0,
        0.0,
        0.0,
        0.0,
        0.0,
        0.0,
        0.0,
        0.0,
        0.0
      ],
      "id": 0,
      "lightness": 0.32659689642728257,
      "sats": [
        0.0,
        0.0,
        0.0,
        0.0,
        0.0,
        0.0,
        0.0,
        0.0,
        0.0,
        0.0,
        0.0
      ],
      "vals": [
        0.0,
        0.0,
        0.0,
        0.0,
        0.0,
        0.00784313725490196,
        0.027450980392156862,
        0.7333333333333333,
        0.8431372549019608,
        0.8823529411764706,
        0.8862745098039215
      ],
      "variance": 1.2658453441307862
    }
  ]
}