{
  "group_name": "log_oak",
  "segment_dicts": [
    {
      "colorize": true,
      "hues": [
        0.09259259259259262,
        0.09782608695652173,
        0.09782608695652178,
        0.09782608695652178,
        0.10185185185185186,
        0.10185185185185186,
        0.10185185185185186,
        0.10185185185185186,
        0.10185185185185186,
        0.10185185185185186,
        0.10185185185185186
      ],
      "id": 0,
      "lightness": 0.36968443627450986,
      "sats": [
        0.34065934065934067,
        0.3357664233576642,
        0.33093525179856115,
        0.3263157894736842,
        0.3263157894736842,
        0.323943661971831,
        0.32142857142857145,
        0.31304347826086953,
        0.3103448275862069,
        0.29508196721311475,
        0.2769230769230768
      ],
      "vals": [
        0.2196078431372549,
        0.22745098039215686,
        0.23921568627450981,
        0.2549019607843137,
        0.3568627450980392,
        0.37254901960784315,
        0.37254901960784315,
        0.45098039215686275,
        0.5372549019607843,
        0.5450980392156862,
        0.5568627450980392
      ],
      "variance": 0.3123493104199635
    }
  ]
}