{
  "group_name": "farmland_wet",
  "segment_dicts": [
    {
      "colorize": true,
      "hues": [
        0.10714285714285715,
        0.108843537414966,
        0.109375,
        0.11006289308176098,
        0.11006289308176098,
        0.11006289308176098,
        0.11111111111111116,
        0.11111111111111116,
        0.11176470588235299,
        0.11375661375661372,
        0.11494252873563215
      ],
      "id": 0,
      "lightness": 0.34810049019607847,
      "sats": [
        0.7007299270072993,
        0.7000000000000001,
        0.7,
        0.7,
        0.7,
        0.7,
        0.7,
        0.7,
        0.6987951807228916,
        0.6986301369863014,
        0.6967213114754098
      ],
      "vals": [
        0.23529411764705882,
        0.27450980392156865,
        0.28627450980392155,
        0.29411764705882354,
        0.29411764705882354,
        0.29411764705882354,
        0.29411764705882354,
        0.3254901960784314,
        0.3333333333333333,
        0.35294117647058826,
        0.47843137254901963
      ],
      "variance": 0.24448438024721403
    }
  ]
}