{
  "group_name": "grass_top",
  "segment_dicts": [
    {
      "colorize": true,
      "hues": [
        0.2672955974842767,
        0.2672955974842767,
        0.2672955974842767,
        0.2672955974842767,
        0.2672955974842767,
        0.2672955974842767,
        0.2672955974842767,
        0.2672955974842767,
        0.2672955974842767,
        0.2672955974842767,
        0.2672955974842767
      ],
      "id": 0,
      "lightness": 0.69140625,
      "sats": [
        0.6794871794871795,
        0.6235294117647059,
        0.6057142857142858,
        0.5955056179775281,
        0.5888888888888889,
        0.5888888888888889,
        0.5135135135135135,
        0.510752688172043,
        0.4947916666666667,
        0.4896907216494845,
        0.48717948717948717
      ],
      "vals": [
        0.611764705882353,
        0.6666666666666666,
        0.6862745098039216,
        0.6980392156862745,
        0.7058823529411765,
        0.7058823529411765,
        0.7254901960784313,
        0.7294117647058823,
        0.7529411764705882,
        0.7607843137254902,
        0.7647058823529411
      ],
      "variance": 0.09006793464963701
    }
  ]
}