{
  "group_name": "log_oak_top",
  "segment_dicts": [
    {
      "colorize": true,
      "hues": [
        0.04166666666666663,
        0.04166666666666663,
        0.04166666666666663,
        0.041666666666666685,
        0.041666666666666685,
        0.04166666666666674,
        0.046875,
        0.04687500000000011,
        0.04687500000000011,
        0.04687500000000011,
        0.04687500000000011
      ],
      "id": 0,
      "lightness": 0.8114245698279311,
      "sats": [
        0.1758241758241758,
        0.17112299465240643,
        0.17112299465240643,
        0.16981132075471703,
        0.16981132075471703,
        0.1641025641025641,
        0.1641025641025641,
        0.1636363636363637,
        0.16143497757847539,
        0.15999999999999995,
        0.15999999999999995
      ],
      "vals": [
        0.7137254901960784,
        0.7333333333333333,
        0.7333333333333333,
        0.7647058823529411,
        0.7647058823529411,
        0.8313725490196079,
        0.8313725490196079,
        0.8627450980392157,
        0.8745098039215686,
        0.8823529411764706,
        0.8823529411764706
      ],
      "variance": 0.1504217089841739
    },
    {
      "colorize": true,
      "hues": [
        0.05238095238095236,
        0.05238095238095242,
        0.05238095238095242,
        0.05238095238095242,
        0.05238095238095242,
        0.05555555555555558,
        0.05555555555555558,
        0.05555555555555558,
        0.05555555555555558,
        0.05999999999999994
      ],
      "id": 1,
      "lightness": 0.5765359477124183,
      "sats": [
        0.210843373493976,
        0.210843373493976,
        0.210843373493976,
        0.20958083832335322,
        0.20348837209302334,
        0.18796992481203015,
        0.18421052631578955,
        0.18421052631578955,
        0.18421052631578955,
        0.18421052631578955
      ],
      "vals": [
        0.4470588235294118,
        0.4470588235294118,
        0.4470588235294118,
        0.4470588235294118,
        0.5215686274509804,
        0.6509803921568628,
        0.6509803921568628,
        0.6509803921568628,
        0.6549019607843137,
        0.6745098039215687
      ],
      "variance": 0.21170556838573434
    }
  ]
}