{
  "group_name": "leaves_spruce",
  "segment_dicts": [
    {
      "colorize": true,
      "hues": [
        0.6363636363636364,
        0.6439393939393939,
        0.65,
        0.6555555555555556,
        0.6574074074074074,
        0.6666666666666666,
        0.717948717948718,
        0.0,
        0.0,
        0.0,
        0.0
      ],
      "id": 0,
      "lightness": 0.1610678006142216,
      "sats": [
        0.4642857142857143,
        0.4583333333333333,
        0.39999999999999997,
        0.3125,
        0.29508196721311475,
        0.24999999999999994,
        0.23529411764705882,
        0.0,
        0.0,
        0.0,
        0.0
      ],
      "vals": [
        0.0,
        0.0,
        0.0,
        0.0,
        0.09411764705882353,
        0.10980392156862745,
        0.21568627450980393,
        0.23529411764705882,
        0.23921568627450981,
        0.25098039215686274,
        0.26666666666666666
      ],
      "variance": 0.6804694438988359
    }
  ]
}