{
  "group_name": "leaves_oak",
  "segment_dicts": [
    {
      "colorize": true,
      "hues": [
        0.04212454212454214,
        0.04212454212454214,
        0.07192982456140351,
        0.07291666666666669,
        0.07333333333333336,
        0.11469534050179214,
        0.1507936507936508,
        0.15116279069767447,
        0.1527777777777778,
        0.15492957746478875,
        0.1557971014492754
      ],
      "id": 0,
      "lightness": 0.3695888678051866,
      "sats": [
        0.7666666666666667,
        0.7636363636363637,
        0.7567567567567567,
        0.7553191489361702,
        0.7543859649122807,
        0.7520661157024793,
        0.7520661157024793,
        0.75,
        0.75,
        0.7480314960629921,
        0.7476635514018691
      ],
      "vals": [
        0.21568627450980393,
        0.2235294117647059,
        0.23529411764705882,
        0.3686274509803922,
        0.39215686274509803,
        0.4196078431372549,
        0.43529411764705883,
        0.4745098039215686,
        0.4745098039215686,
        0.48627450980392156,
        0.4980392156862745
      ],
      "variance": 0.5355799829071461
    }
  ]
}