{
  "group_name": "leaves_oak",
  "segment_dicts": [
    {
      "colorize": true,
      "hues": [
        0.3055555555555556,
        0.3055555555555556,
        0.3055555555555556,
        0.3055555555555556,
        0.3055555555555556,
        0.3076131687242798,
        0.3076131687242798,
        0.30761316872427985,
        0.3333333333333333,
        0.3333333333333333,
        0.3333333333333333
      ],
      "id": 0,
      "lightness": 0.7509424414927262,
      "sats": [
        0.8275862068965517,
        0.8264462809917356,
        0.8223350253807106,
        0.8099999999999999,
        0.8064516129032258,
        0.7966804979253113,
        0.7966804979253113,
        0.7836734693877551,
        0.7751937984496124,
        0.7714285714285715,
        0.7710843373493976
      ],
      "vals": [
        0.4745098039215686,
        0.48627450980392156,
        0.5058823529411764,
        0.7725490196078432,
        0.7843137254901961,
        0.8235294117647058,
        0.9098039215686274,
        0.9450980392156862,
        0.9450980392156862,
        0.9607843137254902,
        0.9764705882352941
      ],
      "variance": 0.5275072449794717
    }
  ]
}