{
  "group_name": "log_oak",
  "segment_dicts": [
    {
      "colorize": true,
      "hues": [
        0.5666666666666664,
        0.5666666666666668,
        0.5666666666666668,
        0.5666666666666669,
        0.5833333333333331,
        0.5833333333333331,
        0.5833333333333331,
        0.5833333333333331,
        0.5833333333333334,
        0.5833333333333334,
        0.5833333333333334
      ],
      "id": 0,
      "lightness": 0.4223039215686275,
      "sats": [
        0.07812499999999994,
        0.07766990291262135,
        0.0774193548387096,
        0.0757575757575758,
        0.0757575757575758,
        0.0757575757575758,
        0.0757575757575758,
        0.07407407407407407,
        0.07407407407407407,
        0.07407407407407399,
        0.07142857142857158
      ],
      "vals": [
        0.25098039215686274,
        0.25882352941176473,
        0.27450980392156865,
        0.2980392156862745,
        0.403921568627451,
        0.4235294117647059,
        0.4235294117647059,
        0.5176470588235295,
        0.6078431372549019,
        0.6196078431372549,
        0.6352941176470588
      ],
      "variance": 0.3110208827857902
    }
  ]
}