{
  "group_name": "planks_oak",
  "segment_dicts": [
    {
      "colorize": true,
      "hues": [
        0.08467741935483875,
        0.08467741935483875,
        0.08467741935483875,
        0.08467741935483875,
        0.08467741935483875,
        0.08749999999999997,
        0.08749999999999997,
        0.08783783783783783,
        0.09439528023598825,
        0.09439528023598825,
        0.09439528023598825
      ],
      "id": 0,
      "lightness": 0.6571844362745098,
      "sats": [
        0.6647058823529411,
        0.6647058823529411,
        0.6647058823529411,
        0.6607142857142857,
        0.6557377049180327,
        0.6557377049180327,
        0.6169154228855721,
        0.6169154228855721,
        0.6169154228855721,
        0.6169154228855721,
        0.6169154228855721
      ],
      "vals": [
        0.4392156862745098,
        0.47843137254901963,
        0.47843137254901963,
        0.6666666666666666,
        0.6666666666666666,
        0.6666666666666666,
        0.788235294117647,
        0.788235294117647,
        0.788235294117647,
        0.788235294117647,
        0.788235294117647
      ],
      "variance": 0.20174041152137012
    }
  ]
}