{
  "group_name": "sapling_oak",
  "segment_dicts": [
    {
      "colorize": true,
      "hues": [
        0.09090909090909088,
        0.09090909090909088,
        0.09090909090909088,
        0.09090909090909088,
        0.09090909090909088,
        0.09090909090909088,
        0.09090909090909088,
        0.09090909090909088,
        0.09090909090909088,
        0.09090909090909088,
        0.09090909090909088,
        0.09090909090909088
      ],
      "id": 0,
      "lightness": 0.35185648727576135,
      "sats": [
        0.49253731343283585,
        0.49253731343283585,
        0.49253731343283585,
        0.49253731343283585,
        0.49253731343283585,
        0.49253731343283585,
        0.43749999999999994,
        0.43749999999999994,
        0.3762376237623762,
        0.37142857142857133,
        0.35344827586206895,
        0.35344827586206895
      ],
      "vals": [
        0.2627450980392157,
        0.2627450980392157,
        0.2627450980392157,
        0.2627450980392157,
        0.2627450980392157,
        0.2627450980392157,
        0.3137254901960784,
        0.3137254901960784,
        0.396078431372549,
        0.4117647058823529,
        0.4549019607843137,
        0.4549019607843137
      ],
      "variance": 0.6099139641914381
    },
    {
      "colorize": true,
      "hues": [
        0.18181818181818188,
        0.18181818181818188,
        0.18181818181818188,
        0.18181818181818188,
        0.1842105263157895,
        0.1842105263157895,
        0.1842105263157895,
        0.2031249999999999,
        0.2098765432098766,
        0.2098765432098766,
        0.2098765432098766
      ],
      "id": 1,
      "lightness": 0.43805850208936037,
      "sats": [
        0.38571428571428573,
        0.38571428571428573,
        0.38571428571428573,
        0.32989690721649484,
        0.29687499999999994,
        0.29687499999999994,
        0.29687499999999994,
        0.28025477707006374,
        0.28025477707006374,
        0.28025477707006374,
        0.28025477707006374
      ],
      "vals": [
        0.27450980392156865,
        0.27450980392156865,
        0.27450980392156865,
        0.3803921568627451,
        0.5019607843137255,
        0.5019607843137255,
        0.5019607843137255,
        0.615686274509804,
        0.615686274509804,
        0.615686274509804,
        0.615686274509804
      ],
      "variance": 0.48989389306969044
    }
  ]
}