{
  "group_name": "extratic\\assets\\extratic\\textures\\items\\longbow\\fun_stuff\\pokefennium_bow_grip.png",
  "segment_dicts": [
    {
      "equivalent": false,
      "hues": [
        0.6807228915662651,
        0.6931089743589743
      ],
      "lightness": 0.7333333333333332,
      "sats": [
        1.0
      ],
      "vals": [
        0.6509803921568628,
        0.8156862745098039
      ],
      "variance": 0.028005149623682123
    }
  ]
}