{
  "group_name": "extratic\\assets\\extratic\\textures\\items\\pickaxe\\bop\\mud_pickaxe_head.png",
  "segment_dicts": [
    {
      "equivalent": false,
      "hues": [
        0.3757309941520468,
        0.39194139194139194,
        0.39233817701453105
      ],
      "lightness": 0.5062845651080945,
      "sats": [
        0.858490566037736,
        0.76,
        0.5489485134155184
      ],
      "vals": [
        0.41568627450980394,
        0.5882352941176471,
        0.7725490196078431
      ],
      "variance": 0.25482179341131
    }
  ]
}