{
  "group_name": "extratic\\assets\\extratic\\textures\\items\\cutlass\\twilightforest\\fiery_cutlass_guard.png",
  "segment_dicts": [
    {
      "equivalent": false,
      "hues": [
        0.5952380952380952
      ],
      "lightness": 0.23137254901960785,
      "sats": [
        0.35593220338983056
      ],
      "vals": [
        0.23137254901960785
      ],
      "variance": 0.16308301363396954
    },
    {
      "equivalent": false,
      "hues": [
        0.5952380952380952
      ],
      "lightness": 0.23137254901960785,
      "sats": [
        0.35593220338983056
      ],
      "vals": [
        0.23137254901960785
      ],
      "variance": 0.16308301363396954
    }
  ]
}