{
  "group_name": "extratic\\assets\\extratic\\textures\\items\\mattock\\metallurgy3\\precious\\brass_mattock_head.png",
  "segment_dicts": [
    {
      "equivalent": false,
      "hues": [
        0.6703703703703704,
        0.7162162162162162,
        0.7183098591549295
      ],
      "lightness": 0.13958333333333334,
      "sats": [
        0.4743875278396437,
        0.451219512195122,
        0.304054054054054
      ],
      "vals": [
        0.09673202614379084,
        0.16007130124777186,
        0.3215686274509804
      ],
      "variance": 1.0397557423419588
    }
  ]
}