{
  "group_name": "extratic\\assets\\extratic\\textures\\items\\cutlass\\metallurgy3\\precious\\platinum_cutlass_guard.png",
  "segment_dicts": [
    {
      "equivalent": false,
      "hues": [
        0.10204081632653061
      ],
      "lightness": 0.24313725490196078,
      "sats": [
        0.7903225806451613
      ],
      "vals": [
        0.24313725490196078
      ],
      "variance": 0.5076616392154215
    },
    {
      "equivalent": false,
      "hues": [
        0.10204081632653061
      ],
      "lightness": 0.24313725490196075,
      "sats": [
        0.7903225806451613
      ],
      "vals": [
        0.24313725490196078
      ],
      "variance": 0.5076616392154216
    },
    {
      "equivalent": false,
      "hues": [
        0.10204081632653061
      ],
      "lightness": 0.24313725490196075,
      "sats": [
        0.7903225806451613
      ],
      "vals": [
        0.24313725490196078
      ],
      "variance": 0.5076616392154216
    }
  ]
}