{
  "group_name": "extratic\\assets\\extratic\\textures\\items\\cutlass\\metallurgy3\\precious\\platinum_cutlass_guard.png",
  "segment_dicts": [
    {
      "equivalent": false,
      "hues": [
        0.12096774193548387
      ],
      "lightness": 0.39215686274509803,
      "sats": [
        0.62
      ],
      "vals": [
        0.39215686274509803
      ],
      "variance": 0.25277867113265284
    },
    {
      "equivalent": false,
      "hues": [
        0.12096774193548387
      ],
      "lightness": 0.392156862745098,
      "sats": [
        0.62
      ],
      "vals": [
        0.39215686274509803
      ],
      "variance": 0.25277867113265284
    },
    {
      "equivalent": false,
      "hues": [
        0.12096774193548387
      ],
      "lightness": 0.392156862745098,
      "sats": [
        0.62
      ],
      "vals": [
        0.39215686274509803
      ],
      "variance": 0.25277867113265284
    }
  ]
}