{
  "group_name": "extratic\\assets\\extratic\\textures\\items\\cutlass\\natura\\netherquartz_cutlass_handle.png",
  "segment_dicts": [
    {
      "equivalent": false,
      "hues": [
        0.525,
        0.5258620689655172,
        0.5284552845528455
      ],
      "lightness": 0.36289592760181,
      "sats": [
        0.5189873417721519,
        0.5178571428571429,
        0.3174603174603175
      ],
      "vals": [
        0.30980392156862746,
        0.4392156862745098,
        0.7411764705882353
      ],
      "variance": 0.3924212610999436
    }
  ]
}