{
  "group_name": "tinker\\assets\\tinker\\textures\\blocks\\glass\\stained\\gray\\glass_2_h.png",
  "segment_dicts": [
    {
      "equivalent": false,
      "hues": [
        0.11924119241192405,
        0.16666666666666666
      ],
      "lightness": 0.8818626352624812,
      "sats": [
        0.8661971830985915,
        0.5454545454545454,
        0.2490118577075099
      ],
      "vals": [
        0.5568627450980393,
        0.9058823529411764,
        0.9921568627450981
      ],
      "variance": 0.10020641786586237
    }
  ]
}