{
  "group_name": "extratic\\assets\\extratic\\textures\\items\\pickaxe\\tcon\\glue_pickaxe_accessory.png",
  "segment_dicts": [
    {
      "equivalent": false,
      "hues": [
        0.07831325301204818,
        0.17340067340067336,
        0.18367346938775517
      ],
      "lightness": 0.8416666666666666,
      "sats": [
        0.8907317073170731,
        0.4361233480176211,
        0.20588235294117646
      ],
      "vals": [
        0.803921568627451,
        0.8901960784313725,
        0.9333333333333333
      ],
      "variance": 0.018261608830362538
    }
  ]
}