{
  "group_name": "extratic\\assets\\extratic\\textures\\items\\javelin\\aoa\\limonite_javelin_accessory.png",
  "segment_dicts": [
    {
      "equivalent": false,
      "hues": [
        0.09956709956709957,
        0.10069444444444442,
        0.10082304526748971
      ],
      "lightness": 0.6862745098039216,
      "sats": [
        0.801980198019802,
        0.7659574468085106,
        0.326271186440678
      ],
      "vals": [
        0.396078431372549,
        0.7372549019607844,
        0.9254901960784314
      ],
      "variance": 0.07953767427744093
    }
  ]
}