{
  "group_name": "extratic\\assets\\extratic\\textures\\items\\javelin\\aoa\\limonite_javelin_handle.png",
  "segment_dicts": [
    {
      "equivalent": false,
      "hues": [
        0.525,
        0.5258620689655172,
        0.5263157894736841
      ],
      "lightness": 0.6922722029988465,
      "sats": [
        0.5178571428571427,
        0.3174603174603175,
        0.07949790794979075
      ],
      "vals": [
        0.43921568627450985,
        0.7411764705882353,
        0.9372549019607843
      ],
      "variance": 0.10876210885287466
    }
  ]
}