{
  "group_name": "extratic\\assets\\extratic\\textures\\items\\trident\\generic\\sapphire_trident_handle.png",
  "segment_dicts": [
    {
      "equivalent": false,
      "hues": [
        0.7393162393162392,
        0.7435897435897436,
        0.0
      ],
      "lightness": 0.18340874811463048,
      "sats": [
        0.7500000000000001,
        0.6902654867256638,
        0.0
      ],
      "vals": [
        0.0,
        0.20392156862745098,
        0.29542483660130725
      ],
      "variance": 0.4871407327805218
    }
  ]
}