{
  "group_name": "extratic\\assets\\extratic\\textures\\items\\pickaxe\\tcon\\glue_pickaxe_accessory.png",
  "segment_dicts": [
    {
      "equivalent": false,
      "hues": [
        0.4259950248756219,
        0.42892156862745096,
        0.43055555555555564
      ],
      "lightness": 0.5387254901960784,
      "sats": [
        0.6203703703703703,
        0.31481481481481477,
        0.15319148936170207
      ],
      "vals": [
        0.3388235294117647,
        0.8470588235294118,
        0.9215686274509803
      ],
      "variance": 0.1114059609127046
    }
  ]
}