{
  "group_name": "extratic\\assets\\extratic\\textures\\items\\pickmattock\\aoa\\jade_pickmattock_head.png",
  "segment_dicts": [
    {
      "equivalent": false,
      "hues": [
        0.0
      ],
      "lightness": 0.5517647058823529,
      "sats": [
        1.0,
        0.9411764705882353,
        0.5098039215686274
      ],
      "vals": [
        0.43970588235294117,
        1.0
      ],
      "variance": 0.13191822102994225
    }
  ]
}