{
  "group_name": "extratic\\assets\\extratic\\textures\\items\\pickmattock\\aoa\\jade_pickmattock_head_broken.png",
  "segment_dicts": [
    {
      "equivalent": false,
      "hues": [
        0.06172839506172837,
        0.06666666666666671,
        0.07246376811594203
      ],
      "lightness": 0.24411764705882355,
      "sats": [
        0.5510204081632654,
        0.41071428571428564,
        0.2836879432624114
      ],
      "vals": [
        0.19215686274509808,
        0.2196078431372549,
        0.5529411764705883
      ],
      "variance": 0.5907620945193844
    }
  ]
}