{
  "group_name": "extratic\\assets\\extratic\\textures\\items\\pickaxe\\tcon\\glue_pickaxe_accessory.png",
  "segment_dicts": [
    {
      "equivalent": false,
      "hues": [
        0.06361323155216281,
        0.06547619047619037,
        0.06666666666666665
      ],
      "lightness": 0.353921568627451,
      "sats": [
        0.5198412698412697,
        0.2836879432624114,
        0.14893617021276603
      ],
      "vals": [
        0.19764705882352943,
        0.5529411764705883,
        0.7372549019607844
      ],
      "variance": 0.2550929764432667
    }
  ]
}