{
  "group_name": "extratic\\assets\\extratic\\textures\\items\\pickmattock\\aoa\\jade_pickmattock_head.png",
  "segment_dicts": [
    {
      "equivalent": false,
      "hues": [
        0.270434227330779,
        0.27072310405643735,
        0.2714285714285714
      ],
      "lightness": 0.5096078431372549,
      "sats": [
        0.9898862199747156,
        0.7440944881889764,
        0.27450980392156865
      ],
      "vals": [
        0.38774509803921564,
        0.996078431372549,
        1.0
      ],
      "variance": 0.22985145833418694
    }
  ]
}