{
  "group_name": "openblocks\\assets\\openblocks\\textures\\blocks\\radio_top.png",
  "segment_dicts": [
    {
      "equivalent": false,
      "hues": [
        0.055555555555555525,
        0.05734767025089604
      ],
      "lightness": 0.471218487394958,
      "sats": [
        0.6853055916775033,
        0.6691745961495906,
        0.6485652223619527
      ],
      "vals": [
        0.3164565826330532,
        0.5321799307958478,
        0.5623272259723562
      ],
      "variance": 0.6358782766318517
    }
  ]
}