{
  "group_name": "binniecore\\assets\\botany\\textures\\items\\tools\\trowelDiamond.png",
  "segment_dicts": [
    {
      "equivalent": false,
      "hues": [
        0.10869565217391304,
        0.13197767145135578,
        0.17092170725320766
      ],
      "lightness": 0.49251700680272104,
      "sats": [
        0.7145631067961165,
        0.619917214511809,
        0.5456919060052218
      ],
      "vals": [
        0.23107088989441926,
        0.5049019607843137,
        0.8476780185758513
      ],
      "variance": 0.47419883175307975
    }
  ]
}