{
  "group_name": "extratic\\assets\\extratic\\textures\\items\\battleaxe\\oodmod\\kroostyl_battleaxe_backhead.png",
  "segment_dicts": [
    {
      "equivalent": false,
      "hues": [
        0.23760683760683757,
        0.23771224307417346,
        0.23809523809523814
      ],
      "lightness": 0.5847494553376906,
      "sats": [
        0.717948717948718,
        0.6701030927835052,
        0.22813455657492368
      ],
      "vals": [
        0.3058823529411765,
        0.7132352941176471,
        0.9159663865546219
      ],
      "variance": 0.2640128546040482
    }
  ]
}