{
  "group_name": "extratic\\assets\\extratic\\textures\\items\\battleaxe\\metallurgy3\\nether\\kalendrite_battleaxe_handle.png",
  "segment_dicts": [
    {
      "equivalent": false,
      "hues": [
        0.2607449856733524,
        0.26111111111111107,
        0.2626262626262626
      ],
      "lightness": 0.5102240896358543,
      "sats": [
        0.5555555555555556,
        0.5409836065573772,
        0.174064837905237
      ],
      "vals": [
        0.21176470588235297,
        0.47843137254901963,
        0.8736383442265796
      ],
      "variance": 0.3492289028876906
    }
  ]
}