{
  "group_name": "extratic\\assets\\extratic\\textures\\items\\throwingknife\\aoa\\jade_knife_blade.png",
  "segment_dicts": [
    {
      "equivalent": false,
      "hues": [
        0.09611451942740286,
        0.1111111111111112,
        0.11728395061728396
      ],
      "lightness": 0.48589191774270685,
      "sats": [
        0.29347826086956524,
        0.29166666666666674,
        0.20375
      ],
      "vals": [
        0.2823529411764706,
        0.3607843137254902,
        0.7843137254901961
      ],
      "variance": 0.22756036588580614
    }
  ]
}