{
  "group_name": "dirt",
  "segment_dicts": [
    {
      "colorize": true,
      "hues": [
        0.5,
        0.5,
        0.5033333333333333,
        0.5092592592592594,
        0.5098039215686274,
        0.5166666666666667,
        0.5166666666666667,
        0.5175438596491229,
        0.5175438596491229,
        0.5181818181818181,
        0.519774011299435
      ],
      "id": 0,
      "lightness": 0.5981464460784314,
      "sats": [
        0.375,
        0.37012987012987014,
        0.3658536585365853,
        0.3658536585365853,
        0.35211267605633806,
        0.34722222222222215,
        0.34722222222222215,
        0.3470588235294117,
        0.3454545454545455,
        0.3439490445859873,
        0.3374233128834355
      ],
      "vals": [
        0.4823529411764706,
        0.4823529411764706,
        0.5333333333333333,
        0.5568627450980392,
        0.5647058823529412,
        0.6039215686274509,
        0.615686274509804,
        0.6392156862745098,
        0.6470588235294118,
        0.6666666666666666,
        0.6784313725490196
      ],
      "variance": 0.137530030494568
    }
  ]
}