{
  "group_name": "tinker\\assets\\tinker\\textures\\blocks\\glass\\stainedglass_lightgray_side.png",
  "segment_dicts": [
    {
      "equivalent": false,
      "hues": [
        0.8333333333333334,
        0.0
      ],
      "lightness": 0.1446078431372549,
      "sats": [
        0.018867924528301952,
        0.0
      ],
      "vals": [
        0.13529411764705884,
        0.1411764705882353,
        0.20784313725490197
      ],
      "variance": 0.3917619227571494
    },
    {
      "equivalent": false,
      "hues": [
        0.6666666666666666,
        0.8333333333333334,
        0.16666666666666666
      ],
      "lightness": 0.19215686274509802,
      "sats": [
        0.026315789473684303,
        0.022727272727272648,
        0.0030120481927710737
      ],
      "vals": [
        0.14901960784313725,
        0.17254901960784313,
        0.20030165912518855
      ],
      "variance": 0.29482083472795684
    }
  ]
}