{
  "group_name": "extratic\\assets\\extratic\\textures\\items\\dagger\\ae\\certus_quartz_dagger_accessory.png",
  "segment_dicts": [
    {
      "equivalent": false,
      "hues": [
        0.16904761904761903,
        0.16979166666666665,
        0.18265993265993266
      ],
      "lightness": 0.5931372549019608,
      "sats": [
        1.0,
        0.9859154929577465
      ],
      "vals": [
        0.5568627450980392,
        0.6274509803921569,
        0.7764705882352941
      ],
      "variance": 0.10656986939902459
    }
  ]
}