{
  "group_name": "extratic\\assets\\extratic\\textures\\items\\cleaver\\metallurgy3\\nether\\kalendrite_cleaver_handle.png",
  "segment_dicts": [
    {
      "equivalent": false,
      "hues": [
        0.2706855791962175,
        0.2730985196528841,
        0.2733333333333334
      ],
      "lightness": 0.47034313725490196,
      "sats": [
        0.7361894024802706,
        0.7352941176470589,
        0.6778846153846154
      ],
      "vals": [
        0.26666666666666666,
        0.4969187675070028,
        0.8156862745098039
      ],
      "variance": 0.29199127678127906
    }
  ]
}