{
  "group_name": "bibliocraft\\assets\\bibliocraft\\textures\\items\\tfc\\lampBrass.png",
  "segment_dicts": [
    {
      "equivalent": false,
      "hues": [
        0.6057185854025583,
        0.6058681185722928,
        0.6060197663971248
      ],
      "lightness": 0.5678635090399795,
      "sats": [
        0.7135953608247424,
        0.7131147540983607,
        0.7124650837988826
      ],
      "vals": [
        0.547871831659493,
        0.5796451914098973,
        0.6060130718954249
      ],
      "variance": 0.36694446873456976
    }
  ]
}