{
  "group_name": "extratic\\assets\\extratic\\textures\\items\\javelin\\ae\\certus_quartz_javelin_head.png",
  "segment_dicts": [
    {
      "equivalent": false,
      "hues": [
        0.0
      ],
      "lightness": 0.18039215686274507,
      "sats": [
        0.9782608695652173
      ],
      "vals": [
        0.1803921568627451
      ],
      "variance": 0.6039691536964205
    },
    {
      "equivalent": false,
      "hues": [
        0.0
      ],
      "lightness": 0.645751633986928,
      "sats": [
        0.9942857142857143,
        0.9846153846153847,
        0.3700787401574803
      ],
      "vals": [
        0.25490196078431365,
        0.6862745098039216,
        0.996078431372549
      ],
      "variance": 0.1687201279556802
    }
  ]
}