{
  "group_name": "extratic\\assets\\extratic\\textures\\items\\javelin\\aoa\\limonite_javelin_handle.png",
  "segment_dicts": [
    {
      "equivalent": false,
      "hues": [
        0.0
      ],
      "lightness": 0.6251441753171857,
      "sats": [
        0.9942857142857143,
        0.9846153846153844,
        0.3700787401574803
      ],
      "vals": [
        0.2549019607843137,
        0.6862745098039216,
        0.996078431372549
      ],
      "variance": 0.1295198088172092
    }
  ]
}