{
  "group_name": "extratic\\assets\\extratic\\textures\\items\\javelin\\ae\\certus_quartz_javelin_head_broken.png",
  "segment_dicts": [
    {
      "equivalent": false,
      "hues": [
        0.14624183006535946,
        0.14625850340136054
      ],
      "lightness": 0.48823529411764705,
      "sats": [
        1.0
      ],
      "vals": [
        0.3843137254901961,
        0.8
      ],
      "variance": 0.26180449669330813
    },
    {
      "equivalent": false,
      "hues": [
        0.14393939393939392
      ],
      "lightness": 0.2588235294117648,
      "sats": [
        1.0
      ],
      "vals": [
        0.25882352941176473
      ],
      "variance": 0.49385848239874014
    },
    {
      "equivalent": false,
      "hues": [
        0.1460905349794239
      ],
      "lightness": 1.0,
      "sats": [
        0.3176470588235294
      ],
      "vals": [
        1.0
      ],
      "variance": 0.12782219544437984
    }
  ]
}