{
  "group_name": "extratic\\assets\\extratic\\textures\\items\\javelin\\aoa\\limonite_javelin_accessory.png",
  "segment_dicts": [
    {
      "equivalent": false,
      "hues": [
        0.1460905349794239,
        0.14624183006535946,
        0.14625850340136054
      ],
      "lightness": 0.7281045751633987,
      "sats": [
        1.0,
        0.3176470588235294
      ],
      "vals": [
        0.3843137254901961,
        0.8,
        1.0
      ],
      "variance": 0.092980217520437
    }
  ]
}