{
  "group_name": "extratic\\assets\\extratic\\textures\\items\\javelin\\ae\\certus_quartz_javelin_head.png",
  "segment_dicts": [
    {
      "equivalent": false,
      "hues": [
        0.5789473684210527
      ],
      "lightness": 0.2196078431372549,
      "sats": [
        0.33928571428571425
      ],
      "vals": [
        0.2196078431372549
      ],
      "variance": 0.6168093438078942
    },
    {
      "equivalent": false,
      "hues": [
        0.572463768115942,
        0.5729166666666666,
        0.574074074074074
      ],
      "lightness": 0.4836601307189542,
      "sats": [
        0.3239436619718311,
        0.3047619047619048,
        0.1391752577319587
      ],
      "vals": [
        0.2784313725490196,
        0.4117647058823529,
        0.7607843137254902
      ],
      "variance": 0.2800647831343952
    }
  ]
}