{
  "group_name": "extratic\\assets\\extratic\\textures\\items\\javelin\\aoa\\limonite_javelin_handle.png",
  "segment_dicts": [
    {
      "equivalent": false,
      "hues": [
        0.041198501872659166,
        0.044217687074829926,
        0.05078124999999998
      ],
      "lightness": 0.5259515570934256,
      "sats": [
        0.7478991596638654,
        0.7424242424242425,
        0.547008547008547
      ],
      "vals": [
        0.25882352941176473,
        0.4666666666666667,
        0.9176470588235294
      ],
      "variance": 0.21511409078615484
    }
  ]
}