{
  "group_name": "extratic\\assets\\extratic\\textures\\items\\rapier\\metallurgy3\\precious\\brass_rapier_blade.png",
  "segment_dicts": [
    {
      "equivalent": false,
      "hues": [
        0.39194139194139194,
        0.392330383480826,
        0.3923611111111111
      ],
      "lightness": 0.5279738562091503,
      "sats": [
        0.8584905660377358,
        0.5978835978835979,
        0.4423963133640553
      ],
      "vals": [
        0.4156862745098039,
        0.7411764705882353,
        0.8509803921568627
      ],
      "variance": 0.21657813391191622
    }
  ]
}