{
  "group_name": "extratic\\assets\\extratic\\textures\\items\\battleaxe\\oodmod\\kroostyl_battleaxe_back.png",
  "segment_dicts": [
    {
      "equivalent": false,
      "hues": [
        0.8499170812603648,
        0.8743961352657005,
        0.8752620545073375
      ],
      "lightness": 0.6352941176470589,
      "sats": [
        1.0,
        0.9857142857142858
      ],
      "vals": [
        0.5490196078431373,
        0.6235294117647059,
        0.788235294117647
      ],
      "variance": 0.031703950237734195
    }
  ]
}