{
  "group_name": "extratic\\assets\\extratic\\textures\\items\\scythe\\metallurgy3\\nether\\kalendrite_scythe_accessory.png",
  "segment_dicts": [
    {
      "equivalent": false,
      "hues": [
        0.0
      ],
      "lightness": 0.49940323955669225,
      "sats": [
        0.6024096385542168,
        0.6,
        0.35922330097087374
      ],
      "vals": [
        0.3688888888888889,
        0.7058823529411765,
        0.807843137254902
      ],
      "variance": 0.30925165958860107
    }
  ]
}