{
  "group_name": "advancedsolarpanel\\assets\\advancedsolarpanel\\textures\\items\\SunnariumAlloy.png",
  "segment_dicts": [
    {
      "equivalent": false,
      "hues": [
        0.5577777777777778,
        0.5968765251342117,
        0.0
      ],
      "lightness": 0.5974592653962993,
      "sats": [
        1.0,
        0.45271629778672057,
        0.0004867364322219088
      ],
      "vals": [
        0.4797586726998492,
        0.6080651128375878,
        0.8928104575163399
      ],
      "variance": 0.3841246204546891
    },
    {
      "equivalent": false,
      "hues": [
        0.0
      ],
      "lightness": 0.5882352941176471,
      "sats": [
        0.0
      ],
      "vals": [
        0.5882352941176471
      ],
      "variance": 0.39014798304773446
    }
  ]
}