{
  "group_name": "extratic\\assets\\extratic\\textures\\items\\scythe\\metallurgy3\\nether\\kalendrite_scythe_accessory.png",
  "segment_dicts": [
    {
      "equivalent": false,
      "hues": [
        0.6711711711711712,
        0.6807228915662651,
        0.6900741877718087
      ],
      "lightness": 0.7802216538789428,
      "sats": [
        1.0,
        0.6915887850467289
      ],
      "vals": [
        0.6509803921568628,
        0.8392156862745098,
        0.8516339869281045
      ],
      "variance": 0.04774088660356446
    }
  ]
}