{
  "group_name": "extratic\\assets\\extratic\\textures\\items\\scythe\\natura\\netherquartz_scythe_head.png",
  "segment_dicts": [
    {
      "equivalent": false,
      "hues": [
        0.5576323987538941,
        0.557742782152231,
        0.5720380472793397
      ],
      "lightness": 0.7203802733214498,
      "sats": [
        1.0,
        0.9938080495356036,
        0.5799086757990867
      ],
      "vals": [
        0.596078431372549,
        0.8495543672014261,
        0.8588235294117647
      ],
      "variance": 0.1658597225347844
    }
  ]
}