{
  "group_name": "extratic\\assets\\extratic\\textures\\items\\rapier\\natura\\netherquartz_rapier_accessory.png",
  "segment_dicts": [
    {
      "equivalent": false,
      "hues": [
        0.027322404371585285,
        0.09906976744186047,
        0.15948963317384365
      ],
      "lightness": 0.7252941176470589,
      "sats": [
        0.8565737051792828,
        0.4093959731543627,
        0.2735602094240838
      ],
      "vals": [
        0.09738562091503267,
        0.984313725490196,
        0.9986928104575163
      ],
      "variance": 0.3119207679025441
    }
  ]
}