{
  "group_name": "extratic\\assets\\extratic\\textures\\items\\rapier\\metallurgy3\\nether\\kalendrite_rapier_handle.png",
  "segment_dicts": [
    {
      "equivalent": false,
      "hues": [
        2.0354088784794536e-16,
        0.10526315789473684,
        0.16279069767441862
      ],
      "lightness": 0.4755417956656347,
      "sats": [
        0.5282555282555282,
        0.2021276595744681,
        0.08823529411764716
      ],
      "vals": [
        0.3686274509803922,
        0.5320261437908497,
        0.5333333333333333
      ],
      "variance": 0.2929311619053903
    }
  ]
}