{
  "group_name": "extratic\\assets\\extratic\\textures\\items\\crossbow\\ae\\certus_quartz_crossbow_bow_2.png",
  "segment_dicts": [
    {
      "equivalent": false,
      "hues": [
        0.13302752293577982
      ],
      "lightness": 0.6431372549019608,
      "sats": [
        0.6646341463414634
      ],
      "vals": [
        0.6431372549019608
      ],
      "variance": 0.06679951058742617
    },
    {
      "equivalent": false,
      "hues": [
        0.13333333333333333,
        0.13385826771653545,
        0.1344086021505376
      ],
      "lightness": 0.8718954248366014,
      "sats": [
        0.5978260869565217,
        0.5427350427350427,
        0.2627118644067797
      ],
      "vals": [
        0.7215686274509804,
        0.9176470588235294,
        0.9254901960784314
      ],
      "variance": 0.04927340211246428
    }
  ]
}