{
  "group_name": "extratic\\assets\\extratic\\textures\\items\\scythe\\natura\\netherquartz_scythe_head.png",
  "segment_dicts": [
    {
      "equivalent": false,
      "hues": [
        0.7614996849401386,
        0.7631172839506174,
        0.06770833333333331
      ],
      "lightness": 0.5461675579322638,
      "sats": [
        1.0,
        0.7419354838709677,
        0.5552699228791773
      ],
      "vals": [
        0.25098039215686274,
        0.5592156862745098,
        0.7627450980392156
      ],
      "variance": 0.16192456236990269
    }
  ]
}