{
  "group_name": "tinker\\assets\\tinker\\textures\\items\\dagger\\lapis_dagger_effect.png",
  "segment_dicts": [
    {
      "equivalent": false,
      "hues": [
        0.6071969696969698,
        0.617231638418079,
        0.6175595238095238
      ],
      "lightness": 0.5620915032679739,
      "sats": [
        0.9180327868852458,
        0.8627450980392156,
        0.5042735042735043
      ],
      "vals": [
        0.47843137254901963,
        0.6666666666666666,
        0.9176470588235294
      ],
      "variance": 0.21758491545838476
    }
  ]
}