{
  "group_name": "extratic\\assets\\extratic\\textures\\items\\pickmattock\\aoa\\jade_pickmattock_head_broken.png",
  "segment_dicts": [
    {
      "equivalent": false,
      "hues": [
        0.0,
        0.055118110236220465
      ],
      "lightness": 0.6122549019607842,
      "sats": [
        1.0,
        0.976470588235294,
        0.900763358778626
      ],
      "vals": [
        0.5137254901960784,
        0.6666666666666666,
        0.996078431372549
      ],
      "variance": 0.15229186174726472
    }
  ]
}