{
  "group_name": "extratic\\assets\\extratic\\textures\\items\\pickmattock\\aoa\\jade_pickmattock_head.png",
  "segment_dicts": [
    {
      "equivalent": false,
      "hues": [
        0.10227272727272735,
        0.12830687830687829,
        0.14382402707275802
      ],
      "lightness": 0.9866666666666668,
      "sats": [
        1.0,
        0.7817460317460317,
        0.13199999999999998
      ],
      "vals": [
        0.9803921568627451,
        0.9882352941176471
      ],
      "variance": 0.09024264632420717
    }
  ]
}