{
  "group_name": "extratic\\assets\\extratic\\textures\\items\\pickmattock\\aoa\\jade_pickmattock_head.png",
  "segment_dicts": [
    {
      "equivalent": false,
      "hues": [
        0.38265306122448983,
        0.38395638629283485,
        0.4439969313387035
      ],
      "lightness": 0.5968627450980393,
      "sats": [
        0.9727272727272727,
        0.9497267759562842,
        0.8672566371681416
      ],
      "vals": [
        0.4431372549019608,
        0.8627450980392157,
        0.8970588235294117
      ],
      "variance": 0.2062731538943334
    }
  ]
}