{
  "group_name": "extratic\\assets\\extratic\\textures\\items\\pickaxe\\tcon\\glue_pickaxe_accessory.png",
  "segment_dicts": [
    {
      "equivalent": false,
      "hues": [
        0.38265306122448983,
        0.38395638629283485,
        0.44435975609756095
      ],
      "lightness": 0.6681372549019609,
      "sats": [
        0.9727272727272727,
        0.9493487698986975,
        0.8672566371681416
      ],
      "vals": [
        0.44313725490196076,
        0.8627450980392157,
        0.9032679738562092
      ],
      "variance": 0.10514666823589905
    }
  ]
}