{
  "group_name": "extratic\\assets\\extratic\\textures\\items\\pickmattock\\metallurgy3\\nether\\ceruclase_pickmattock_handle.png",
  "segment_dicts": [
    {
      "equivalent": false,
      "hues": [
        0.06467661691542288,
        0.06756756756756756,
        0.07051282051282048
      ],
      "lightness": 0.265818759936407,
      "sats": [
        0.4642857142857143,
        0.46249999999999997,
        0.4604810996563573
      ],
      "vals": [
        0.2196078431372549,
        0.2852941176470588,
        0.3137254901960784
      ],
      "variance": 0.095550484159088
    }
  ]
}