{
  "group_name": "extratic\\assets\\extratic\\textures\\items\\longbow\\generic\\sapphire_bow_bottom.png",
  "segment_dicts": [
    {
      "equivalent": false,
      "hues": [
        0.6578947368421053,
        0.6610845295055819,
        0.6625
      ],
      "lightness": 0.631843137254902,
      "sats": [
        0.1826923076923076,
        0.17924528301886797,
        0.1652892561983471
      ],
      "vals": [
        0.40784313725490196,
        0.6532212885154062,
        0.9490196078431372
      ],
      "variance": 0.14556130480097304
    }
  ]
}