{
  "group_name": "natura\\assets\\natura\\textures\\items\\fusewood_stick.png",
  "segment_dicts": [
    {
      "equivalent": false,
      "hues": [
        0.10576923076923078,
        0.10862186014935504,
        0.10919540229885062
      ],
      "lightness": 0.29793322734499206,
      "sats": [
        0.7249999999999999,
        0.7141818181818181,
        0.7123287671232877
      ],
      "vals": [
        0.1568627450980392,
        0.28627450980392155,
        0.4901960784313726
      ],
      "variance": 0.4643469836129104
    }
  ]
}