{
  "group_name": "extratic\\assets\\extratic\\textures\\items\\excavator\\metallurgy3\\precious\\brass_excavator_head.png",
  "segment_dicts": [
    {
      "equivalent": false,
      "hues": [
        0.9144228205811784,
        0.10018214936247721,
        0.11111111111111106
      ],
      "lightness": 0.9997264021887826,
      "sats": [
        0.7176470588235294,
        0.565761689291101,
        0.30235602094240843
      ],
      "vals": [
        0.9986928104575163,
        1.0
      ],
      "variance": 0.00042214298863410397
    }
  ]
}