{
  "group_name": "extratic\\assets\\extratic\\textures\\items\\javelin\\aoa\\limonite_javelin_accessory.png",
  "segment_dicts": [
    {
      "equivalent": false,
      "hues": [
        0.0
      ],
      "lightness": 0.6718954248366014,
      "sats": [
        0.0
      ],
      "vals": [
        0.5294117647058824,
        0.6745098039215687,
        0.8117647058823529
      ],
      "variance": 0.044031951002936984
    }
  ]
}