{
  "group_name": "extratic\\assets\\extratic\\textures\\items\\pickmattock\\metallurgy3\\nether\\ceruclase_pickmattock_handle.png",
  "segment_dicts": [
    {
      "equivalent": false,
      "hues": [
        0.0
      ],
      "lightness": 0.6151563328033918,
      "sats": [
        0.9942857142857143,
        0.9846153846153849,
        0.5032211882605583
      ],
      "vals": [
        0.25490196078431365,
        0.6862745098039216,
        0.996078431372549
      ],
      "variance": 0.2902572825400335
    }
  ]
}