{
  "group_name": "extratic\\assets\\extratic\\textures\\items\\mattock\\natura\\netherquartz_mattock_head_broken.png",
  "segment_dicts": [
    {
      "equivalent": false,
      "hues": [
        0.4735591206179441,
        0.47701149425287354,
        0.4777777777777777
      ],
      "lightness": 0.4809523809523809,
      "sats": [
        0.6639053254437871,
        0.41232227488151657,
        0.12552301255230128
      ],
      "vals": [
        0.3313725490196079,
        0.8274509803921568,
        0.9372549019607843
      ],
      "variance": 0.37535376374739315
    }
  ]
}