{
  "group_name": "extratic\\assets\\extratic\\textures\\items\\parts\\ae\\certus_quartz_hammer_head.png",
  "segment_dicts": [
    {
      "equivalent": false,
      "hues": [
        0.8323754789272031
      ],
      "lightness": 0.6862745098039216,
      "sats": [
        0.9942857142857143
      ],
      "vals": [
        0.6862745098039216
      ],
      "variance": 0.13629735532605744
    },
    {
      "equivalent": false,
      "hues": [
        0.8250581846392553,
        0.826530612244898,
        0.8271821909783245
      ],
      "lightness": 0.9484004127966975,
      "sats": [
        0.8258345428156749,
        0.7237507018528916,
        0.1967871485943775
      ],
      "vals": [
        0.9006535947712418,
        0.9764705882352941,
        0.9977591036414566
      ],
      "variance": 0.0986264867158087
    }
  ]
}