{
  "group_name": "extratic\\assets\\extratic\\textures\\items\\parts\\botania\\terrasteel_full_guard.png",
  "segment_dicts": [
    {
      "equivalent": false,
      "hues": [
        0.8231981981981983,
        0.8253968253968255,
        0.8323754789272031
      ],
      "lightness": 0.8550472040668119,
      "sats": [
        0.9942857142857141,
        0.5810276679841897,
        0.29365079365079366
      ],
      "vals": [
        0.6862745098039217,
        0.988235294117647,
        0.9921568627450981
      ],
      "variance": 0.10663227243946283
    }
  ]
}