{
  "group_name": "extratic\\assets\\extratic\\textures\\items\\parts\\metallurgy3\\precious\\silver_sword_blade.png",
  "segment_dicts": [
    {
      "equivalent": false,
      "hues": [
        0.8253968253968255,
        0.826530612244898,
        0.8323754789272031
      ],
      "lightness": 0.8412698412698413,
      "sats": [
        0.9942857142857147,
        0.5810276679841897,
        0.19678714859437738
      ],
      "vals": [
        0.6862745098039216,
        0.9764705882352941,
        0.9921568627450981
      ],
      "variance": 0.10199476843448355
    },
    {
      "equivalent": false,
      "hues": [
        0.8323754789272031
      ],
      "lightness": 0.6862745098039216,
      "sats": [
        0.9942857142857143
      ],
      "vals": [
        0.6862745098039216
      ],
      "variance": 0.12503032157750976
    }
  ]
}