{
  "group_name": "extratic\\assets\\tinker\\textures\\items\\parts\\signalum_chisel_head.png",
  "segment_dicts": [
    {
      "equivalent": false,
      "hues": [
        0.5555555555555555,
        0.5660919540229884
      ],
      "lightness": 0.8013071895424837,
      "sats": [
        0.9942857142857144,
        0.388235294117647,
        0.17647058823529416
      ],
      "vals": [
        0.6862745098039217,
        1.0
      ],
      "variance": 0.10262703346130271
    }
  ]
}