{
  "group_name": "extratic\\assets\\extratic\\textures\\items\\parts\\twilightforest\\knightmetal_rod.png",
  "segment_dicts": [
    {
      "equivalent": false,
      "hues": [
        0.2790697674418605,
        0.27937649880095927,
        0.2878787878787879
      ],
      "lightness": 0.8450127877237852,
      "sats": [
        0.8979591836734693,
        0.792626728110599,
        0.5604838709677419
      ],
      "vals": [
        0.7686274509803922,
        0.8509803921568627,
        0.9725490196078431
      ],
      "variance": 0.13706558352654447
    },
    {
      "equivalent": false,
      "hues": [
        0.2962962962962963
      ],
      "lightness": 0.5294117647058822,
      "sats": [
        1.0
      ],
      "vals": [
        0.5294117647058824
      ],
      "variance": 0.21877521158053284
    }
  ]
}