{
  "group_name": "extratic\\assets\\extratic\\textures\\items\\parts\\bop\\mud_pickaxe_head.png",
  "segment_dicts": [
    {
      "equivalent": false,
      "hues": [
        0.2790697674418605,
        0.27937649880095927,
        0.2953138815207781
      ],
      "lightness": 0.6138763197586727,
      "sats": [
        1.0,
        0.792626728110599,
        0.560483870967742
      ],
      "vals": [
        0.5544117647058824,
        0.8509803921568627,
        0.9725490196078431
      ],
      "variance": 0.2423673790963294
    }
  ]
}