{
  "group_name": "extratic\\assets\\extratic\\textures\\items\\throwingknife\\aoa\\jade_knife_blade.png",
  "segment_dicts": [
    {
      "equivalent": false,
      "hues": [
        0.8389121338912133,
        0.8499170812603648,
        0.8745519713261649
      ],
      "lightness": 0.671449067431851,
      "sats": [
        1.0,
        0.9882550335570469
      ],
      "vals": [
        0.5609411764705883,
        0.788235294117647,
        0.9372549019607843
      ],
      "variance": 0.1028574953726699
    }
  ]
}