{
  "group_name": "extratic\\assets\\extratic\\textures\\items\\shovel\\natura\\ghostwood_shovel_handle.png",
  "segment_dicts": [
    {
      "equivalent": false,
      "hues": [
        0.08003766478342748
      ],
      "lightness": 0.803921568627451,
      "sats": [
        0.8634146341463415
      ],
      "vals": [
        0.803921568627451
      ],
      "variance": 0.028923045318088276
    },
    {
      "equivalent": false,
      "hues": [
        0.0800376647834275,
        0.16009280742459395,
        0.18367346938775517
      ],
      "lightness": 0.8591251885369533,
      "sats": [
        0.8634146341463415,
        0.48810872027180074,
        0.20588235294117646
      ],
      "vals": [
        0.803921568627451,
        0.865686274509804,
        0.9333333333333333
      ],
      "variance": 0.02706457716738246
    }
  ]
}