{
  "group_name": "extratic\\assets\\extratic\\textures\\items\\shovel\\natura\\darkwood_shovel_head.png",
  "segment_dicts": [
    {
      "equivalent": false,
      "hues": [
        0.07846563488101181,
        0.15625,
        0.18367346938775517
      ],
      "lightness": 0.8290196078431373,
      "sats": [
        0.8882483370288249,
        0.5090909090909091,
        0.20588235294117646
      ],
      "vals": [
        0.803921568627451,
        0.8627450980392157,
        0.9333333333333333
      ],
      "variance": 0.037842663030325976
    }
  ]
}