{
  "group_name": "extratic\\assets\\extratic\\textures\\items\\pickmattock\\aoa\\jade_pickmattock_head.png",
  "segment_dicts": [
    {
      "equivalent": false,
      "hues": [
        0.12028985507246377,
        0.12037037037037042,
        0.12096774193548394
      ],
      "lightness": 0.5421568627450981,
      "sats": [
        0.6216216216216216,
        0.6199999999999999,
        0.19780219780219774
      ],
      "vals": [
        0.392156862745098,
        0.7254901960784313,
        0.892156862745098
      ],
      "variance": 0.13665777817989194
    }
  ]
}