{
  "group_name": "extratic\\assets\\extratic\\textures\\items\\pickmattock\\aoa\\jade_pickmattock_head.png",
  "segment_dicts": [
    {
      "equivalent": false,
      "hues": [
        0.5236220472440944,
        0.5258620689655172,
        0.5284552845528455
      ],
      "lightness": 0.44529411764705884,
      "sats": [
        0.5189873417721519,
        0.5178571428571429,
        0.13986784140969163
      ],
      "vals": [
        0.30980392156862746,
        0.4392156862745098,
        0.8901960784313725
      ],
      "variance": 0.14376803962193915
    }
  ]
}