{
  "group_name": "extratic\\assets\\extratic\\textures\\items\\pickmattock\\aoa\\jade_pickmattock_head_broken.png",
  "segment_dicts": [
    {
      "equivalent": false,
      "hues": [
        0.0
      ],
      "lightness": 0.5318627450980393,
      "sats": [
        0.0
      ],
      "vals": [
        0.4,
        0.6784313725490196,
        0.8980392156862745
      ],
      "variance": 0.16388392603420582
    }
  ]
}