{
  "group_name": "extratic\\assets\\extratic\\textures\\items\\longsword\\natura\\darkwood_longsword_blade.png",
  "segment_dicts": [
    {
      "equivalent": false,
      "hues": [
        0.08596491228070176,
        0.10814249363867685,
        0.11152882205513785
      ],
      "lightness": 0.6765208647561588,
      "sats": [
        0.7364341085271318,
        0.5796460176991151,
        0.5732758620689654
      ],
      "vals": [
        0.5058823529411766,
        0.8862745098039215,
        0.9098039215686274
      ],
      "variance": 0.15951455847707116
    }
  ]
}