{
  "group_name": "extratic\\assets\\extratic\\textures\\items\\arrow\\metallurgy3\\nether\\amordrine_arrow_head.png",
  "segment_dicts": [
    {
      "equivalent": false,
      "hues": [
        0.07894736842105261,
        0.07921810699588477,
        0.07927927927927929
      ],
      "lightness": 0.7915966386554623,
      "sats": [
        0.8852459016393442,
        0.8008658008658008,
        0.3909465020576131
      ],
      "vals": [
        0.7176470588235294,
        0.9058823529411765,
        0.9529411764705882
      ],
      "variance": 0.13821041308893814
    }
  ]
}