{
  "group_name": "extratic\\assets\\extratic\\textures\\items\\javelin\\aoa\\limonite_javelin_accessory.png",
  "segment_dicts": [
    {
      "equivalent": false,
      "hues": [
        0.08003766478342748,
        0.15625,
        0.18367346938775517
      ],
      "lightness": 0.8666666666666667,
      "sats": [
        0.8634146341463415,
        0.5090909090909091,
        0.20588235294117646
      ],
      "vals": [
        0.803921568627451,
        0.8627450980392157,
        0.9333333333333333
      ],
      "variance": 0.0195185692260491
    }
  ]
}