{
  "group_name": "tinker\\assets\\tinker\\textures\\blocks\\glass\\stained\\gray\\glass_1_r.png",
  "segment_dicts": [
    {
      "equivalent": false,
      "hues": [
        0.06708595387840673
      ],
      "lightness": 0.7019607843137252,
      "sats": [
        0.8882681564245811
      ],
      "vals": [
        0.7019607843137254
      ],
      "variance": 0.10773832738383247
    },
    {
      "equivalent": false,
      "hues": [
        0.06666666666666667
      ],
      "lightness": 0.5019607843137242,
      "sats": [
        0.7421875
      ],
      "vals": [
        0.5019607843137255
      ],
      "variance": 0.15066531720082857
    },
    {
      "equivalent": false,
      "hues": [
        0.06666666666666667,
        0.0666666666666667,
        0.06708595387840673
      ],
      "lightness": 0.5313725490196078,
      "sats": [
        0.8882681564245811,
        0.7065217391304347
      ],
      "vals": [
        0.36078431372549014,
        0.3607843137254902,
        0.7019607843137254
      ],
      "variance": 0.14232590849967533
    },
    {
      "equivalent": false,
      "hues": [
        0.06666666666666667
      ],
      "lightness": 0.36078431372549025,
      "sats": [
        0.7065217391304347
      ],
      "vals": [
        0.3607843137254902
      ],
      "variance": 0.20962131088810873
    }
  ]
}