{
  "group_name": "tinker\\assets\\tinker\\textures\\blocks\\glass\\stained\\cyan\\glass_3_d.png",
  "segment_dicts": [
    {
      "equivalent": false,
      "hues": [
        0.06666666666666664,
        0.06666666666666667
      ],
      "lightness": 0.4886259075918813,
      "sats": [
        0.7421875,
        0.7065217391304348
      ],
      "vals": [
        0.36078431372549025,
        0.5019607843137255
      ],
      "variance": 0.06993772113917242
    }
  ]
}