{
  "group_name": "tinker\\assets\\tinker\\textures\\blocks\\glass\\stained\\gray\\glass_1_u.png",
  "segment_dicts": [
    {
      "equivalent": false,
      "hues": [
        0.5488215488215489
      ],
      "lightness": 0.5294117647058824,
      "sats": [
        0.7333333333333334
      ],
      "vals": [
        0.5294117647058824
      ],
      "variance": 0.1748696067370532
    },
    {
      "equivalent": false,
      "hues": [
        0.5484633569739953
      ],
      "lightness": 0.764705882352939,
      "sats": [
        0.7230769230769231
      ],
      "vals": [
        0.7647058823529411
      ],
      "variance": 0.12106357389488333
    },
    {
      "equivalent": false,
      "hues": [
        0.5488215488215489,
        0.5491967871485944
      ],
      "lightness": 0.7126050420168067,
      "sats": [
        0.7333333333333334,
        0.680327868852459
      ],
      "vals": [
        0.5294117647058824,
        0.9568627450980393
      ],
      "variance": 0.1299149200994617
    },
    {
      "equivalent": false,
      "hues": [
        0.5491967871485944
      ],
      "lightness": 0.9568627450980395,
      "sats": [
        0.680327868852459
      ],
      "vals": [
        0.9568627450980393
      ],
      "variance": 0.09675162667828761
    }
  ]
}