{
  "group_name": "tinker\\assets\\tinker\\textures\\blocks\\glass\\stained\\gray\\glass_1_r.png",
  "segment_dicts": [
    {
      "equivalent": false,
      "hues": [
        0.5491967871485944
      ],
      "lightness": 0.9568627450980389,
      "sats": [
        0.680327868852459
      ],
      "vals": [
        0.9568627450980393
      ],
      "variance": 0.09186165961160526
    },
    {
      "equivalent": false,
      "hues": [
        0.5484633569739953
      ],
      "lightness": 0.7647058823529391,
      "sats": [
        0.7230769230769231
      ],
      "vals": [
        0.7647058823529411
      ],
      "variance": 0.11494484587298327
    },
    {
      "equivalent": false,
      "hues": [
        0.5488215488215488,
        0.5488215488215489,
        0.5491967871485944
      ],
      "lightness": 0.7431372549019608,
      "sats": [
        0.7333333333333334,
        0.680327868852459
      ],
      "vals": [
        0.5294117647058824,
        0.9568627450980393
      ],
      "variance": 0.11828097596428326
    },
    {
      "equivalent": false,
      "hues": [
        0.5488215488215489
      ],
      "lightness": 0.5294117647058825,
      "sats": [
        0.7333333333333334
      ],
      "vals": [
        0.5294117647058824
      ],
      "variance": 0.16603144403875314
    }
  ]
}