{
  "group_name": "extratic\\assets\\extratic\\textures\\items\\scythe\\metallurgy3\\nether\\kalendrite_scythe_accessory.png",
  "segment_dicts": [
    {
      "equivalent": false,
      "hues": [
        0.5017182130584192,
        0.5021645021645021,
        0.5029691211401425
      ],
      "lightness": 0.2995737425404944,
      "sats": [
        0.8660714285714285,
        0.8651685393258427,
        0.8627049180327869
      ],
      "vals": [
        0.25516339869281046,
        0.34901960784313724,
        0.4392156862745098
      ],
      "variance": 0.46415187339172276
    }
  ]
}