{
  "group_name": "extratic\\assets\\extratic\\textures\\items\\scythe\\metallurgy3\\precious\\brass_scythe_handle.png",
  "segment_dicts": [
    {
      "equivalent": false,
      "hues": [
        0.03608247422680411,
        0.05096618357487923,
        0.10572687224669604
      ],
      "lightness": 0.7183428209993674,
      "sats": [
        1.0,
        0.9764726693790907,
        0.8901960784313725
      ],
      "vals": [
        0.38039215686274525,
        0.8526395173453996,
        0.9999999999999999
      ],
      "variance": 0.23088163266503536
    }
  ]
}