{
  "group_name": "extratic\\assets\\extratic\\textures\\items\\chisel\\metallurgy3\\fantasy\\astral_silver_chisel_head_broken.png",
  "segment_dicts": [
    {
      "equivalent": false,
      "hues": [
        0.5277777777777778,
        0.5952380952380952
      ],
      "lightness": 0.2959630911188005,
      "sats": [
        0.41739130434782606,
        0.35593220338983056
      ],
      "vals": [
        0.23137254901960785,
        0.45098039215686275
      ],
      "variance": 0.2637938201309566
    }
  ]
}