{
  "group_name": "extratic\\assets\\extratic\\textures\\items\\parts\\oodmod\\kroostyl_largeplate.png",
  "segment_dicts": [
    {
      "equivalent": false,
      "hues": [
        0.36021505376344115,
        0.47140330188679247,
        0.5451010886469675
      ],
      "lightness": 0.21706682673069225,
      "sats": [
        0.7866419294990723,
        0.22821650399290072,
        0.22302158273381292
      ],
      "vals": [
        0.13557079273427153,
        0.5450980392156861,
        0.7686274509803921
      ],
      "variance": 0.9002355777294523
    }
  ]
}