{
  "group_name": "extratic\\assets\\extratic\\textures\\items\\parts\\oodmod\\kroostyl_largeplate.png",
  "segment_dicts": [
    {
      "equivalent": false,
      "hues": [
        0.36021505376344093,
        0.5289855072463768,
        0.5555555555555561
      ],
      "lightness": 0.18065226090436173,
      "sats": [
        0.32857142857142885,
        0.22302158273381298,
        0.1760324983073803
      ],
      "vals": [
        0.11431888544891647,
        0.2745098039215687,
        0.5450980392156862
      ],
      "variance": 0.8170459944085976
    }
  ]
}