{
  "group_name": "thermalfoundation\\assets\\thermalfoundation\\textures\\items\\armor\\nickel\\NickelHelmet.png",
  "segment_dicts": [
    {
      "equivalent": false,
      "hues": [
        0.6619047619047619
      ],
      "lightness": 0.972549019607843,
      "sats": [
        0.14112903225806447
      ],
      "vals": [
        0.9725490196078431
      ],
      "variance": 0.36602177086193155
    },
    {
      "equivalent": false,
      "hues": [
        0.6607757839405474,
        0.6619318181818182,
        0.6619496855345912
      ],
      "lightness": 0.3967581699346405,
      "sats": [
        0.8217054263565892,
        0.8126380910296069,
        0.8110599078341014
      ],
      "vals": [
        0.19292412617220814,
        0.5058823529411764,
        0.8509803921568628
      ],
      "variance": 0.8972067656868642
    }
  ]
}