{
  "group_name": "ic2\\assets\\ic2\\textures\\items\\ic2.itemMugBooze.rum.png",
  "segment_dicts": [
    {
      "equivalent": true,
      "hues": [
        0.0,
        0.5
      ],
      "lightness": 0.40683994528043776,
      "sats": [
        0.004264392324093801,
        1.6459701818570634e-16,
        0.0
      ],
      "vals": [
        0.16862745098039217,
        0.3700189753320683,
        0.6130718954248366
      ],
      "variance": 0.6082230952299786
    },
    {
      "equivalent": true,
      "hues": [
        0.07786885245901641
      ],
      "lightness": 0.47843137254901963,
      "sats": [
        1.0
      ],
      "vals": [
        0.47843137254901963
      ],
      "variance": 0.5172099176174103
    },
    {
      "equivalent": true,
      "hues": [
        0.0
      ],
      "lightness": 0.6638888888888888,
      "sats": [
        0.008190008190008162,
        0.0
      ],
      "vals": [
        0.4117647058823529,
        0.684033613445378,
        0.7885918003565062
      ],
      "variance": 0.3727272061983209
    }
  ]
}