{
  "group_name": "ic2\\assets\\ic2\\textures\\items\\resources\\itemPlateIron.png",
  "segment_dicts": [
    {
      "equivalent": false,
      "hues": [
        0.0
      ],
      "lightness": 0.7896537338339591,
      "sats": [
        0.0
      ],
      "vals": [
        0.7043740573152338,
        0.8752941176470588,
        0.9133689839572192
      ],
      "variance": 0.49596254598520506
    },
    {
      "equivalent": false,
      "hues": [
        0.0
      ],
      "lightness": 0.9106564364876384,
      "sats": [
        0.0
      ],
      "vals": [
        0.9058823529411765,
        0.9098039215686274,
        0.9196078431372549
      ],
      "variance": 0.43006194277783494
    },
    {
      "equivalent": false,
      "hues": [
        0.0
      ],
      "lightness": 0.7041394335511981,
      "sats": [
        0.0
      ],
      "vals": [
        0.7019607843137254,
        0.7058823529411765
      ],
      "variance": 0.5561947785026837
    },
    {
      "equivalent": false,
      "hues": [
        0.0
      ],
      "lightness": 0.8796514161220044,
      "sats": [
        0.0
      ],
      "vals": [
        0.7049019607843138,
        0.8798154555940023,
        0.9086601307189542
      ],
      "variance": 0.44522031011508656
    }
  ]
}