{
  "group_name": "ic2\\assets\\ic2\\textures\\items\\itemIronCable.png",
  "segment_dicts": [
    {
      "equivalent": false,
      "hues": [
        0.07282913165266104,
        0.07282913165266107,
        0.07344632768361581
      ],
      "lightness": 0.6557422969187676,
      "sats": [
        0.7579617834394904,
        0.7108433734939759,
        0.6329787234042553
      ],
      "vals": [
        0.615686274509804,
        0.6509803921568628,
        0.7372549019607844
      ],
      "variance": 0.16486576074920337
    }
  ]
}