{
  "group_name": "thermalfoundation\\assets\\thermalfoundation\\textures\\items\\tool\\invar\\InvarPickaxe.png",
  "segment_dicts": [
    {
      "equivalent": false,
      "hues": [
        0.10576923076923078,
        0.10849393290506781,
        0.10919540229885061
      ],
      "lightness": 0.30853889943074003,
      "sats": [
        0.7250000000000001,
        0.7135217723453018,
        0.7123287671232877
      ],
      "vals": [
        0.15686274509803924,
        0.28627450980392155,
        0.4666666666666667
      ],
      "variance": 1.3433437624330553
    },
    {
      "equivalent": false,
      "hues": [
        0.04513888888888886,
        0.04596491228070174,
        0.04718822068476142
      ],
      "lightness": 0.4634173669467787,
      "sats": [
        0.7767672591980157,
        0.7619047619047621,
        0.6152849740932642
      ],
      "vals": [
        0.24705882352941186,
        0.43249299719887957,
        0.7297134238310709
      ],
      "variance": 0.8943855702884022
    },
    {
      "equivalent": false,
      "hues": [
        0.04735883424408014
      ],
      "lightness": 0.9215686274509803,
      "sats": [
        0.778723404255319
      ],
      "vals": [
        0.9215686274509803
      ],
      "variance": 0.44974817248788224
    }
  ]
}