{
  "group_name": "ic2\\assets\\ic2\\textures\\items\\itemToolPainterBlue.png",
  "segment_dicts": [
    {
      "equivalent": false,
      "hues": [
        0.0
      ],
      "lightness": 0.19064856711915534,
      "sats": [
        0.0
      ],
      "vals": [
        0.032085561497326276,
        0.31932773109243695,
        0.7529411764705882
      ],
      "variance": 1.1361284995206433
    },
    {
      "equivalent": false,
      "hues": [
        0.15300546448087432,
        0.15306122448979595,
        0.15314240254574382
      ],
      "lightness": 0.7556372549019608,
      "sats": [
        0.8839662447257385,
        0.8643147896879241,
        0.8472222222222222
      ],
      "vals": [
        0.6196078431372549,
        0.7225490196078431,
        0.8156862745098039
      ],
      "variance": 0.28664715654464296
    },
    {
      "equivalent": false,
      "hues": [
        0.0
      ],
      "lightness": 0.7529411764705882,
      "sats": [
        0.0
      ],
      "vals": [
        0.7529411764705882
      ],
      "variance": 0.2876735623786244
    }
  ]
}