{
  "group_name": "ic2\\assets\\ic2\\textures\\items\\itemBatRE.4.png",
  "segment_dicts": [
    {
      "equivalent": true,
      "hues": [
        0.9166666666666666,
        0.011590727418065569,
        0.041666666666666664
      ],
      "lightness": 0.5316416762783545,
      "sats": [
        0.952054794520548,
        8.831756816342227e-16,
        3.0642956602702754e-16
      ],
      "vals": [
        0.2514161220043575,
        0.7246187363834423,
        0.8588235294117648
      ],
      "variance": 0.5910761673570376
    }
  ]
}