{
  "group_name": "advancedsolarpanel\\assets\\advancedsolarpanel\\textures\\items\\SunnariumAlloy.png",
  "segment_dicts": [
    {
      "equivalent": false,
      "hues": [
        0.15718157181571857,
        0.15719467956469174,
        0.15833333333333335
      ],
      "lightness": 0.5061032863849766,
      "sats": [
        0.13440598082236296,
        0.13157894736842096,
        0.13048090523338032
      ],
      "vals": [
        0.38242055442866796,
        0.5245524296675191,
        0.596078431372549
      ],
      "variance": 0.4940881046283572
    },
    {
      "equivalent": false,
      "hues": [
        0.15740740740740744
      ],
      "lightness": 0.5254901960784314,
      "sats": [
        0.13432835820895528
      ],
      "vals": [
        0.5254901960784314
      ],
      "variance": 0.47585971228816876
    }
  ]
}