{
  "group_name": "extratic\\assets\\extratic\\textures\\items\\rapier\\thermal\\lumium_rapier_blade_broken.png",
  "segment_dicts": [
    {
      "equivalent": false,
      "hues": [
        0.6666666666666666,
        0.7142857142857143
      ],
      "lightness": 0.12418300653594772,
      "sats": [
        0.4285714285714286,
        0.2608695652173913,
        0.2608695652173912
      ],
      "vals": [
        0.09019607843137253,
        0.09019607843137255,
        0.19215686274509805
      ],
      "variance": 0.8531381897790551
    }
  ]
}