{
  "group_name": "extratic\\assets\\extratic\\textures\\items\\rapier\\natura\\netherquartz_rapier_accessory.png",
  "segment_dicts": [
    {
      "equivalent": false,
      "hues": [
        0.1494252873563219,
        0.16406249999999992,
        0.19831223628691985
      ],
      "lightness": 0.8194117647058824,
      "sats": [
        0.3018867924528302,
        0.29743589743589743,
        0.2554567502021018
      ],
      "vals": [
        0.7647058823529411,
        0.8313725490196079,
        0.9701960784313726
      ],
      "variance": 0.04313191976563985
    }
  ]
}