{
  "group_name": "extratic\\assets\\extratic\\textures\\items\\javelin\\aoa\\limonite_javelin_handle.png",
  "segment_dicts": [
    {
      "equivalent": false,
      "hues": [
        0.07017543859649122,
        0.0729166666666667,
        0.07291666666666673
      ],
      "lightness": 0.5589388696655133,
      "sats": [
        0.49673202614379086,
        0.4923076923076921,
        0.14349775784753363
      ],
      "vals": [
        0.25490196078431365,
        0.6,
        0.8745098039215686
      ],
      "variance": 0.12624443912188035
    }
  ]
}