{
  "group_name": "extratic\\assets\\extratic\\textures\\items\\longbow\\metallurgy3\\nether\\ceruclase_bow_top_2.png",
  "segment_dicts": [
    {
      "equivalent": false,
      "hues": [
        0.3757309941520468,
        0.3923611111111111,
        0.3932367149758454
      ],
      "lightness": 0.6937119675456389,
      "sats": [
        0.7600000000000001,
        0.640074211502783,
        0.4423963133640553
      ],
      "vals": [
        0.5882352941176471,
        0.7045751633986929,
        0.8509803921568627
      ],
      "variance": 0.0766030192903261
    }
  ]
}