{
  "group_name": "minefactoryreloaded\\assets\\minefactoryreloaded\\textures\\items\\item.mfr.syringe.health.png",
  "segment_dicts": [
    {
      "equivalent": false,
      "hues": [
        0.6263440860215056,
        0.657142857142857,
        0.6666666666666666
      ],
      "lightness": 0.6909074696073478,
      "sats": [
        0.0743702518992404,
        0.03548496113551877,
        0.0287081339712919
      ],
      "vals": [
        0.6129901960784314,
        0.7735947712418301,
        0.8196078431372549
      ],
      "variance": 0.35294081703578556
    },
    {
      "equivalent": false,
      "hues": [
        0.6666666666666666,
        0.16172432729269634,
        0.1674033149171271
      ],
      "lightness": 0.6825562736305284,
      "sats": [
        0.9983552631578947,
        0.8978174603174602,
        0.0287081339712919
      ],
      "vals": [
        0.5647058823529412,
        0.7947712418300653,
        0.8196078431372549
      ],
      "variance": 0.3572591099665749
    }
  ]
}