{
  "group_name": "minefactoryreloaded\\assets\\minefactoryreloaded\\textures\\items\\item.mfr.laserfocus.lightgray.png",
  "segment_dicts": [
    {
      "equivalent": false,
      "hues": [
        0.0963718820861678,
        0.10381861575178997,
        0.10683216634839804
      ],
      "lightness": 0.7042892156862746,
      "sats": [
        0.8121546961325967,
        0.7683374083129584,
        0.6827466318991742
      ],
      "vals": [
        0.6452762923351159,
        0.7128540305010893,
        0.7519607843137255
      ],
      "variance": 0.46742428298656813
    },
    {
      "equivalent": false,
      "hues": [
        0.3489399293286219,
        0.3525839793281654,
        0.3557405036278276
      ],
      "lightness": 0.7098972922502333,
      "sats": [
        0.6738095238095237,
        0.5534105534105533,
        0.41155805375021964
      ],
      "vals": [
        0.5490196078431372,
        0.7031674208144796,
        0.8268700072621642
      ],
      "variance": 0.4637317049256869
    },
    {
      "equivalent": false,
      "hues": [
        0.0
      ],
      "lightness": 0.16399049948799665,
      "sats": [
        0.0
      ],
      "vals": [
        0.14901960784313725,
        0.35294117647058826,
        0.44509803921568625
      ],
      "variance": 2.0074448378726073
    }
  ]
}