{
  "group_name": "thermalfoundation\\assets\\thermalfoundation\\textures\\items\\armor\\copper\\CopperLegs.png",
  "segment_dicts": [
    {
      "equivalent": false,
      "hues": [
        0.005787037037037053,
        0.006112752766672484,
        0.007936507936507964
      ],
      "lightness": 0.4697829131652661,
      "sats": [
        0.8749999999999997,
        0.8622754491017964,
        0.8289625360230548
      ],
      "vals": [
        0.14291938997821335,
        0.6549019607843138,
        0.8779253636938649
      ],
      "variance": 0.6768757026485076
    }
  ]
}