{
  "group_name": "minefactoryreloaded\\assets\\minefactoryreloaded\\textures\\items\\item.mfr.laserfocus.lightgray.png",
  "segment_dicts": [
    {
      "equivalent": false,
      "hues": [
        0.0963718820861678,
        0.10381861575178997,
        0.10683216634839804
      ],
      "lightness": 0.7042892156862746,
      "sats": [
        0.8121546961325967,
        0.7683374083129584,
        0.6827466318991742
      ],
      "vals": [
        0.6452762923351159,
        0.7128540305010893,
        0.7519607843137255
      ],
      "variance": 0.5381009545237152
    },
    {
      "equivalent": false,
      "hues": [
        0.3485237483953787,
        0.35258296550596696,
        0.3557625948930297
      ],
      "lightness": 0.7200746965452848,
      "sats": [
        0.7104423164614683,
        0.5549054293101102,
        0.41057463447806875
      ],
      "vals": [
        0.5733333333333333,
        0.7029172644667623,
        0.8238095238095238
      ],
      "variance": 0.5263047028867643
    },
    {
      "equivalent": false,
      "hues": [
        0.9159891598915989,
        0.9166666666666666,
        0.9178082191780822
      ],
      "lightness": 0.9405862441688491,
      "sats": [
        0.41666666666666663,
        0.3067226890756302,
        0.259493670886076
      ],
      "vals": [
        0.9294117647058824,
        0.9333333333333333,
        0.9411764705882353
      ],
      "variance": 0.4029175437882662
    }
  ]
}