{
  "group_name": "minefactoryreloaded\\assets\\minefactoryreloaded\\textures\\items\\item.mfr.syringe.health.png",
  "segment_dicts": [
    {
      "equivalent": false,
      "hues": [
        0.6263440860215056,
        0.657142857142857,
        0.6666666666666666
      ],
      "lightness": 0.6909074696073478,
      "sats": [
        0.0743702518992404,
        0.03548496113551877,
        0.0287081339712919
      ],
      "vals": [
        0.6129901960784314,
        0.7735947712418301,
        0.8196078431372549
      ],
      "variance": 0.3606606481684245
    },
    {
      "equivalent": false,
      "hues": [
        0.09306440198159945,
        0.2674731182795698,
        0.6666666666666666
      ],
      "lightness": 0.5023432691462235,
      "sats": [
        0.7240875912408758,
        0.5233333333333333,
        0.0287081339712919
      ],
      "vals": [
        0.4411764705882353,
        0.5372549019607843,
        0.8196078431372549
      ],
      "variance": 0.49604155388903837
    }
  ]
}