{
  "group_name": "tinker\\assets\\tinker\\textures\\blocks\\glass\\stainedglass_lightgray_side.png",
  "segment_dicts": [
    {
      "equivalent": false,
      "hues": [
        0.06547619047619047,
        0.06666666666666667
      ],
      "lightness": 0.43627450980392146,
      "sats": [
        0.47619047619047616,
        0.4307692307692307
      ],
      "vals": [
        0.4117647058823529,
        0.5098039215686274
      ],
      "variance": 0.37776318981209717
    },
    {
      "equivalent": false,
      "hues": [
        0.06388888888888888,
        0.06547619047619047
      ],
      "lightness": 0.5495098039215687,
      "sats": [
        0.4307692307692307,
        0.4054054054054055
      ],
      "vals": [
        0.5098039215686274,
        0.5803921568627451
      ],
      "variance": 0.2999190356224499
    }
  ]
}