{
  "group_name": "tinker\\assets\\tinker\\textures\\blocks\\glass\\glass_clear.png",
  "segment_dicts": [
    {
      "equivalent": false,
      "hues": [
        0.06205673758865251,
        0.06349206349206356,
        0.06512141280353202
      ],
      "lightness": 0.4861236802413273,
      "sats": [
        0.466501240694789,
        0.3501855287569573,
        0.28463855421686746
      ],
      "vals": [
        0.316078431372549,
        0.49734717416378316,
        0.6509803921568628
      ],
      "variance": 0.4200486973487661
    },
    {
      "equivalent": false,
      "hues": [
        0.06326352530541013,
        0.06353591160220996,
        0.06556372549019608
      ],
      "lightness": 0.43086654016445286,
      "sats": [
        0.5062937062937063,
        0.37491385251550646,
        0.3080645161290323
      ],
      "vals": [
        0.2803921568627451,
        0.4377073906485671,
        0.607843137254902
      ],
      "variance": 0.47391848658710045
    },
    {
      "equivalent": false,
      "hues": [
        0.06296296296296296,
        0.0659722222222222,
        0.0673758865248227
      ],
      "lightness": 0.54640522875817,
      "sats": [
        0.3846153846153846,
        0.34814814814814815,
        0.2891566265060241
      ],
      "vals": [
        0.4588235294117647,
        0.5294117647058824,
        0.6509803921568628
      ],
      "variance": 0.37370729247931717
    }
  ]
}