{
  "group_name": "tinker\\assets\\tinker\\textures\\blocks\\glass\\stainedglass_lightgray_side.png",
  "segment_dicts": [
    {
      "equivalent": false,
      "hues": [
        0.23129251700680267
      ],
      "lightness": 0.2117647058823529,
      "sats": [
        0.9074074074074073
      ],
      "vals": [
        0.21176470588235294
      ],
      "variance": 0.6407606438248975
    },
    {
      "equivalent": false,
      "hues": [
        0.23782771535580519
      ],
      "lightness": 0.5333333333333332,
      "sats": [
        0.6544117647058824
      ],
      "vals": [
        0.5333333333333333
      ],
      "variance": 0.25441966740106225
    }
  ]
}