{
  "group_name": "extratic\\assets\\extratic\\textures\\items\\longbow\\fun_stuff\\pokefennium_bow_grip.png",
  "segment_dicts": [
    {
      "equivalent": false,
      "hues": [
        0.57981220657277,
        0.5964912280701754
      ],
      "lightness": 0.6215686274509803,
      "sats": [
        0.36224489795918374,
        0.15702479338842967
      ],
      "vals": [
        0.4745098039215686,
        0.7686274509803922
      ],
      "variance": 0.09577790990601111
    }
  ]
}