{
  "group_name": "extratic\\assets\\extratic\\textures\\items\\rapier\\metallurgy3\\precious\\brass_rapier_blade.png",
  "segment_dicts": [
    {
      "equivalent": false,
      "hues": [
        0.3833333333333333,
        0.3888888888888889,
        0.39000000000000007
      ],
      "lightness": 0.20222222222222222,
      "sats": [
        0.4166666666666665,
        0.3937007874015748,
        0.39252336448598135
      ],
      "vals": [
        0.09411764705882353,
        0.4196078431372549,
        0.4980392156862745
      ],
      "variance": 0.6361611968650517
    }
  ]
}