{
  "group_name": "extratic\\assets\\extratic\\textures\\items\\rapier\\metallurgy3\\nether\\kalendrite_rapier_handle.png",
  "segment_dicts": [
    {
      "equivalent": false,
      "hues": [
        0.0
      ],
      "lightness": 0.6569659442724458,
      "sats": [
        0.0
      ],
      "vals": [
        0.5294117647058824,
        0.6745098039215687,
        0.788235294117647
      ],
      "variance": 0.09235845875225686
    }
  ]
}