{
  "group_name": "alchemicalwizardryBooks\\assets\\magicbees\\textures\\items\\liquids\\juice.png",
  "segment_dicts": [
    {
      "equivalent": false,
      "hues": [
        0.23942537909018355,
        0.23992673992673996,
        0.24003623188405795
      ],
      "lightness": 0.7285403050108933,
      "sats": [
        0.9478063540090772,
        0.9191919191919192,
        0.8679245283018868
      ],
      "vals": [
        0.6480392156862745,
        0.7764705882352941,
        0.8313725490196079
      ],
      "variance": 0.17684476869493065
    }
  ]
}