{
  "group_name": "extratic\\assets\\extratic\\textures\\items\\scythe\\metallurgy3\\nether\\kalendrite_scythe_accessory.png",
  "segment_dicts": [
    {
      "equivalent": false,
      "hues": [
        0.1714824120603015,
        0.17320261437908493,
        0.17500000000000004
      ],
      "lightness": 0.49428815004262566,
      "sats": [
        0.9357798165137614,
        0.9271986022131625,
        0.9090909090909092
      ],
      "vals": [
        0.2588235294117648,
        0.5611111111111111,
        0.8549019607843137
      ],
      "variance": 0.31683442789465355
    }
  ]
}