{
  "group_name": "dust",
  "segment_dicts": [
    {
      "colorize": true,
      "hues": [
        0.15750000000000003,
        0.15750000000000003,
        0.15763546798029554,
        0.15763546798029554,
        0.1577235772357724,
        0.15849673202614384,
        0.15948963317384374,
        0.16021505376344086,
        0.18157894736842112,
        0.1826599326599327,
        0.18425460636515917
      ],
      "id": 0,
      "lightness": 0.7731283422459894,
      "sats": [
        1.0,
        0.966824644549763,
        0.9567307692307693,
        0.9565217391304348,
        0.9360730593607306,
        0.9227272727272727,
        0.9227272727272727,
        0.9227272727272727,
        0.9226190476190476,
        0.9174311926605505,
        0.9174311926605505
      ],
      "vals": [
        0.8117647058823529,
        0.8156862745098039,
        0.8196078431372549,
        0.8274509803921568,
        0.8509803921568627,
        0.8509803921568627,
        0.8549019607843137,
        0.8549019607843137,
        0.8588235294117647,
        0.8627450980392157,
        0.8627450980392157
      ],
      "variance": 0.48003152215040246
    }
  ]
}