{
  "group_name": "extratic\\assets\\extratic\\textures\\items\\battlesign\\natura\\netherquartz_battlesign_handle.png",
  "segment_dicts": [
    {
      "equivalent": false,
      "hues": [
        0.11482607227288077,
        0.11666666666666665,
        0.11691542288557218
      ],
      "lightness": 0.5720261437908497,
      "sats": [
        1.0,
        0.7777777777777778
      ],
      "vals": [
        0.2627450980392157,
        0.5882352941176471,
        0.9952941176470588
      ],
      "variance": 0.2089685909353367
    }
  ]
}