{
  "group_name": "extratic\\assets\\extratic\\textures\\items\\battlesign\\natura\\netherquartz_battlesign_head_broken.png",
  "segment_dicts": [
    {
      "equivalent": false,
      "hues": [
        0.34043348281016445,
        0.3428571428571428,
        0.3452380952380952
      ],
      "lightness": 0.46011872638963847,
      "sats": [
        0.6885245901639347,
        0.6862745098039217,
        0.6488845780795346
      ],
      "vals": [
        0.23921568627450995,
        0.4000000000000001,
        0.6738562091503268
      ],
      "variance": 0.3439910936374137
    }
  ]
}