{
  "group_name": "extratic\\assets\\extratic\\textures\\items\\trident\\generic\\sapphire_trident_handle.png",
  "segment_dicts": [
    {
      "equivalent": false,
      "hues": [
        0.08333333333333333,
        0.083710407239819,
        0.0840496657115568
      ],
      "lightness": 0.9589743589743589,
      "sats": [
        1.0,
        0.6745098039215687,
        0.2737254901960784
      ],
      "vals": [
        0.8666666666666667,
        1.0
      ],
      "variance": 0.014468845859010737
    }
  ]
}