{
  "group_name": "extratic\\assets\\extratic\\textures\\items\\trident\\generic\\sapphire_trident_handle.png",
  "segment_dicts": [
    {
      "equivalent": false,
      "hues": [
        0.8005050505050505,
        0.8010204081632653,
        0.8022130013831258
      ],
      "lightness": 0.6968325791855204,
      "sats": [
        0.5945945945945945,
        0.5185185185185185,
        0.21711711711711718
      ],
      "vals": [
        0.43529411764705883,
        0.7411764705882353,
        0.8705882352941177
      ],
      "variance": 0.08460282668451238
    }
  ]
}