{
  "group_name": "extratic\\assets\\extratic\\textures\\items\\parts\\twilightforest\\knightmetal_toughrod.png",
  "segment_dicts": [
    {
      "equivalent": false,
      "hues": [
        0.0
      ],
      "lightness": 0.5607843137254902,
      "sats": [
        0.0
      ],
      "vals": [
        0.5607843137254902
      ],
      "variance": 0.5297726385605668
    },
    {
      "equivalent": false,
      "hues": [
        0.0
      ],
      "lightness": 0.7427962489343563,
      "sats": [
        0.0
      ],
      "vals": [
        0.5968954248366013,
        0.8588235294117647,
        0.9450980392156862
      ],
      "variance": 0.3999591893092401
    }
  ]
}