{
  "group_name": "extratic\\assets\\extratic\\textures\\items\\parts\\oodmod\\kroostyl_largeplate.png",
  "segment_dicts": [
    {
      "equivalent": false,
      "hues": [
        0.8657607982145205,
        0.8703703703703705,
        0.8745126705653021
      ],
      "lightness": 0.9247098839535814,
      "sats": [
        0.5142857142857145,
        0.27458851866720185,
        0.09757503554821131
      ],
      "vals": [
        0.8235294117647058,
        0.8880570409982175,
        0.9718394024276379
      ],
      "variance": 0.4272990587252824
    }
  ]
}