{
  "group_name": "extratic\\assets\\extratic\\textures\\items\\parts\\twilightforest\\knightmetal_toughbind.png",
  "segment_dicts": [
    {
      "equivalent": false,
      "hues": [
        3.700743415417188e-17,
        0.05089820359281436,
        0.09920634920634923
      ],
      "lightness": 0.5994117647058824,
      "sats": [
        1.0
      ],
      "vals": [
        0.415686274509804,
        0.5894117647058823,
        0.8235294117647058
      ],
      "variance": 0.48466674446157093
    }
  ]
}