{
  "group_name": "extratic\\assets\\extratic\\textures\\items\\parts\\metallurgy3\\precious\\silver_sword_blade.png",
  "segment_dicts": [
    {
      "equivalent": false,
      "hues": [
        0.0,
        0.048484848484848485,
        0.0992063492063492
      ],
      "lightness": 0.5172735760971054,
      "sats": [
        1.0
      ],
      "vals": [
        0.25098039215686274,
        0.6470588235294118,
        0.8235294117647057
      ],
      "variance": 0.48108997221949873
    },
    {
      "equivalent": false,
      "hues": [
        0.0
      ],
      "lightness": 0.25098039215686274,
      "sats": [
        1.0
      ],
      "vals": [
        0.25098039215686274
      ],
      "variance": 0.9915321600059608
    }
  ]
}