{
  "group_name": "extratic\\assets\\extratic\\textures\\items\\parts\\natura\\netherquartz_medium_guard.png",
  "segment_dicts": [
    {
      "equivalent": false,
      "hues": [
        0.0,
        0.05128205128205129
      ],
      "lightness": 0.35000000000000003,
      "sats": [
        1.0
      ],
      "vals": [
        0.25098039215686274,
        0.41568627450980394,
        0.5811764705882353
      ],
      "variance": 0.6992268810635032
    }
  ]
}