{
  "group_name": "extratic\\assets\\extratic\\textures\\items\\parts\\bop\\mud_frypan_head.png",
  "segment_dicts": [
    {
      "equivalent": false,
      "hues": [
        0.0,
        0.050387596899224806,
        0.09920634920634923
      ],
      "lightness": 0.48685788364932747,
      "sats": [
        1.0
      ],
      "vals": [
        0.31432880844645555,
        0.6007352941176471,
        0.8235294117647058
      ],
      "variance": 0.5341197828671248
    }
  ]
}