{
  "group_name": "extratic\\assets\\tinker\\textures\\items\\parts\\signalum_knife_blade.png",
  "segment_dicts": [
    {
      "equivalent": false,
      "hues": [
        0.498015873015873,
        0.5,
        0.5045045045045046
      ],
      "lightness": 0.49587559161595673,
      "sats": [
        0.4337349397590364,
        0.4204545454545454,
        0.42
      ],
      "vals": [
        0.32549019607843144,
        0.6901960784313725,
        0.7843137254901961
      ],
      "variance": 0.463474494731088
    }
  ]
}