{
  "group_name": "tinker\\assets\\tinker\\textures\\items\\parts\\blueslime_shovel_head.png",
  "segment_dicts": [
    {
      "equivalent": true,
      "hues": [
        0.4980158730158731,
        0.5046554934823092,
        0.5066045066045065
      ],
      "lightness": 0.515032679738562,
      "sats": [
        0.42018779342723,
        0.42,
        0.39106654512306266
      ],
      "vals": [
        0.330920060331825,
        0.668235294117647,
        0.7843137254901961
      ],
      "variance": 0.6597706794249452
    }
  ]
}