{
  "group_name": "tinker\\assets\\tinker\\textures\\items\\parts\\pigiron_toughbind.png",
  "segment_dicts": [
    {
      "equivalent": false,
      "hues": [
        0.15151515151515135,
        0.1515151515151516,
        0.1565656565656566
      ],
      "lightness": 0.596461023433764,
      "sats": [
        0.14732142857142855,
        0.12222222222222238,
        0.12222222222222225
      ],
      "vals": [
        0.35294117647058826,
        0.3529411764705883,
        0.8784313725490196
      ],
      "variance": 0.6144023580948516
    },
    {
      "equivalent": false,
      "hues": [
        0.15555555555555559,
        0.15833333333333335
      ],
      "lightness": 0.8682352941176471,
      "sats": [
        0.10471204188481682,
        0.10471204188481655,
        0.05882352941176472
      ],
      "vals": [
        0.7490196078431371,
        0.7490196078431373,
        1.0
      ],
      "variance": 0.4220826563861343
    }
  ]
}