{
  "group_name": "extratic\\assets\\tinker\\textures\\items\\parts\\signalum_chisel_head.png",
  "segment_dicts": [
    {
      "equivalent": false,
      "hues": [
        0.13939393939393932,
        0.14130434782608695,
        0.16666666666666666
      ],
      "lightness": 0.4684967320261437,
      "sats": [
        0.4098360655737702,
        0.26066350710900466,
        0.19409282700421943
      ],
      "vals": [
        0.2392156862745098,
        0.8274509803921568,
        0.9294117647058824
      ],
      "variance": 0.693789207984638
    }
  ]
}