{
  "group_name": "extratic\\assets\\tinker\\textures\\items\\parts\\signalum_knife_blade.png",
  "segment_dicts": [
    {
      "equivalent": false,
      "hues": [
        0.1393939393939394,
        0.14130434782608695,
        0.16666666666666666
      ],
      "lightness": 0.5037187288708587,
      "sats": [
        0.40983606557377106,
        0.26066350710900466,
        0.19409282700421943
      ],
      "vals": [
        0.2392156862745099,
        0.8274509803921568,
        0.9294117647058824
      ],
      "variance": 0.6443445732649252
    }
  ]
}