{
  "group_name": "extratic\\assets\\extratic\\textures\\items\\parts\\metallurgy3\\precious\\silver_sword_blade.png",
  "segment_dicts": [
    {
      "equivalent": false,
      "hues": [
        0.07142857142857134,
        0.09626436781609198,
        0.11517615176151765
      ],
      "lightness": 0.5764705882352941,
      "sats": [
        0.6086956521739131,
        0.5742574257425741,
        0.5418502202643172
      ],
      "vals": [
        0.27058823529411774,
        0.7921568627450979,
        0.8901960784313725
      ],
      "variance": 0.4961583040282455
    },
    {
      "equivalent": false,
      "hues": [
        0.07142857142857144
      ],
      "lightness": 0.27058823529411763,
      "sats": [
        0.608695652173913
      ],
      "vals": [
        0.27058823529411763
      ],
      "variance": 1.0570329085819143
    }
  ]
}