{
  "group_name": "extratic\\assets\\tinker\\textures\\items\\parts\\signalum_knife_blade.png",
  "segment_dicts": [
    {
      "equivalent": false,
      "hues": [
        0.0714285714285714,
        0.09626436781609193,
        0.11517615176151763
      ],
      "lightness": 0.5066937119675456,
      "sats": [
        0.6086956521739133,
        0.5742574257425742,
        0.5418502202643172
      ],
      "vals": [
        0.2705882352941177,
        0.7921568627450981,
        0.8901960784313725
      ],
      "variance": 0.6356271165299403
    }
  ]
}