{
  "group_name": "extratic\\assets\\tinker\\textures\\items\\parts\\terrasteel_chunk.png",
  "segment_dicts": [
    {
      "equivalent": false,
      "hues": [
        0.07121551081282622,
        0.0761577424023155,
        0.10076021131297515
      ],
      "lightness": 0.5359319631467043,
      "sats": [
        0.6123287671232877,
        0.6029668411867365,
        0.5662070474939812
      ],
      "vals": [
        0.2862745098039215,
        0.5798861480075901,
        0.8144385026737967
      ],
      "variance": 0.5188496786561873
    }
  ]
}