{
  "group_name": "extratic\\assets\\extratic\\textures\\items\\parts\\oodmod\\kroostyl_largeplate.png",
  "segment_dicts": [
    {
      "equivalent": false,
      "hues": [
        0.5766666666666667,
        0.5947342861107257,
        0.6076994006454587
      ],
      "lightness": 0.6735694277711084,
      "sats": [
        0.9427155771905423,
        0.9038690662820592,
        0.6276150627615064
      ],
      "vals": [
        0.4957552251669899,
        0.7916108215438074,
        0.9372549019607845
      ],
      "variance": 0.4945066150233482
    }
  ]
}