{
  "group_name": "extratic\\assets\\extratic\\textures\\items\\parts\\bop\\mud_crossbar.png",
  "segment_dicts": [
    {
      "equivalent": false,
      "hues": [
        0.5766666666666667,
        0.5929729729729729,
        0.6372549019607843
      ],
      "lightness": 0.4613725490196079,
      "sats": [
        0.8580705009276438,
        0.6891891891891893,
        0.6276150627615062
      ],
      "vals": [
        0.2901960784313726,
        0.8454901960784313,
        0.9372549019607843
      ],
      "variance": 0.6279914532132174
    }
  ]
}