{
  "group_name": "extratic\\assets\\extratic\\textures\\items\\parts\\natura\\netherquartz_medium_guard.png",
  "segment_dicts": [
    {
      "equivalent": false,
      "hues": [
        0.07407407407407407,
        0.07455156950672646,
        0.07765151515151518
      ],
      "lightness": 0.45784313725490194,
      "sats": [
        1.0,
        0.9499467518636848
      ],
      "vals": [
        0.3450980392156862,
        0.49411764705882355,
        0.7364705882352942
      ],
      "variance": 0.7374260851853442
    }
  ]
}