{
  "group_name": "tinker\\assets\\tinker\\textures\\items\\parts\\leaf_fletching.png",
  "segment_dicts": [
    {
      "equivalent": false,
      "hues": [
        0.0
      ],
      "lightness": 0.7239893488259501,
      "sats": [
        0.0
      ],
      "vals": [
        0.407843137254902,
        0.6110105580693815,
        0.9035868005738881
      ],
      "variance": 0.5115800062843071
    }
  ]
}