{
  "group_name": "tinker\\assets\\tinker\\textures\\items\\parts\\magicfabric_bowstring.png",
  "segment_dicts": [
    {
      "equivalent": false,
      "hues": [
        0.9810606060606061,
        0.026620370370370388,
        0.07407407407407413
      ],
      "lightness": 0.7106753812636166,
      "sats": [
        0.65158371040724,
        0.5866666666666668,
        0.5142857142857143
      ],
      "vals": [
        0.41176470588235287,
        0.8666666666666668,
        0.8823529411764707
      ],
      "variance": 0.5476388625138117
    },
    {
      "equivalent": false,
      "hues": [
        0.07407407407407408
      ],
      "lightness": 0.4117647058823529,
      "sats": [
        0.5142857142857142
      ],
      "vals": [
        0.4117647058823529
      ],
      "variance": 0.9451841108571715
    }
  ]
}