{
  "group_name": "extratic\\assets\\extratic\\textures\\items\\parts\\ae\\certus_quartz_hammer_head.png",
  "segment_dicts": [
    {
      "equivalent": false,
      "hues": [
        0.0
      ],
      "lightness": 0.02745098039215686,
      "sats": [
        0.0
      ],
      "vals": [
        0.027450980392156862
      ],
      "variance": 7.948861277877194
    },
    {
      "equivalent": false,
      "hues": [
        0.0
      ],
      "lightness": 0.36656346749226004,
      "sats": [
        0.0
      ],
      "vals": [
        0.14248366013071898,
        0.3831932773109244,
        1.0
      ],
      "variance": 0.5952694538049925
    }
  ]
}