{
  "group_name": "extratic\\assets\\extratic\\textures\\items\\parts\\metallurgy3\\precious\\silver_sword_blade.png",
  "segment_dicts": [
    {
      "equivalent": false,
      "hues": [
        0.0
      ],
      "lightness": 0.3715219421101774,
      "sats": [
        0.0
      ],
      "vals": [
        0.15686274509803913,
        0.4176470588235294,
        0.8274509803921568
      ],
      "variance": 0.6086091746681808
    },
    {
      "equivalent": false,
      "hues": [
        0.0
      ],
      "lightness": 0.1568627450980392,
      "sats": [
        0.0
      ],
      "vals": [
        0.1568627450980392
      ],
      "variance": 1.4414618488123163
    }
  ]
}