{
  "group_name": "extratic\\assets\\extratic\\textures\\items\\parts\\bop\\mud_lumberaxe_head.png",
  "segment_dicts": [
    {
      "equivalent": false,
      "hues": [
        0.0
      ],
      "lightness": 0.2657488527325824,
      "sats": [
        0.0
      ],
      "vals": [
        0.06627450980392166,
        0.3694117647058824,
        0.972549019607843
      ],
      "variance": 0.6495564641825071
    }
  ]
}