{
  "group_name": "extratic\\assets\\tinker\\textures\\items\\parts\\signalum_knife_blade.png",
  "segment_dicts": [
    {
      "equivalent": false,
      "hues": [
        0.0
      ],
      "lightness": 0.538471940500338,
      "sats": [
        0.0
      ],
      "vals": [
        0.2666666666666666,
        0.8470588235294118,
        1.0
      ],
      "variance": 0.5592057066047162
    }
  ]
}