{
  "group_name": "extratic\\assets\\extratic\\textures\\items\\parts\\bop\\mud_frypan_head.png",
  "segment_dicts": [
    {
      "equivalent": false,
      "hues": [
        0.0,
        0.5
      ],
      "lightness": 0.6168854318586938,
      "sats": [
        0.016806722689075453,
        4.163336342344337e-16,
        1.3492453459234447e-16
      ],
      "vals": [
        0.26666666666666666,
        0.4666666666666666,
        0.822847399829497
      ],
      "variance": 0.5558594830779299
    }
  ]
}