{
  "group_name": "extratic\\assets\\extratic\\textures\\items\\parts\\natura\\netherquartz_axe_head.png",
  "segment_dicts": [
    {
      "equivalent": false,
      "hues": [
        0.0
      ],
      "lightness": 0.5235888294711823,
      "sats": [
        0.0
      ],
      "vals": [
        0.2666666666666667,
        0.715126050420168,
        1.0
      ],
      "variance": 0.5843989230305283
    }
  ]
}