{
  "group_name": "tinker\\assets\\tinker\\textures\\items\\parts\\copper_bobber.png",
  "segment_dicts": [
    {
      "equivalent": false,
      "hues": [
        0.8015873015873015
      ],
      "lightness": 0.0823529411764706,
      "sats": [
        1.0
      ],
      "vals": [
        0.08235294117647059
      ],
      "variance": 1.717642902806547
    },
    {
      "equivalent": false,
      "hues": [
        0.8118279569892474,
        0.8232323232323232
      ],
      "lightness": 0.4172268907563025,
      "sats": [
        1.0,
        0.6955982641041537,
        0.4049079754601227
      ],
      "vals": [
        0.08104575163398697,
        0.37208765859284887,
        0.6392156862745098
      ],
      "variance": 0.33903122754288345
    },
    {
      "equivalent": false,
      "hues": [
        0.8015873015873015,
        0.0
      ],
      "lightness": 0.00915032679738562,
      "sats": [
        1.0,
        0.0
      ],
      "vals": [
        0.0,
        1.734723475976807e-18,
        0.08235294117647059
      ],
      "variance": 15.458786125258927
    }
  ]
}