{
  "group_name": "tinker\\assets\\tinker\\textures\\items\\parts\\copper_bobber.png",
  "segment_dicts": [
    {
      "equivalent": false,
      "hues": [
        0.7083333333333334
      ],
      "lightness": 0.1568627450980392,
      "sats": [
        1.0
      ],
      "vals": [
        0.1568627450980392
      ],
      "variance": 1.043599539322494
    },
    {
      "equivalent": false,
      "hues": [
        0.7137681159420289,
        0.7170542635658915
      ],
      "lightness": 0.4899159663865546,
      "sats": [
        0.8679245283018868,
        0.3775826446280992,
        0.23626373626373648
      ],
      "vals": [
        0.13856209150326793,
        0.4465974625144175,
        0.7137254901960786
      ],
      "variance": 0.3341427913210958
    },
    {
      "equivalent": false,
      "hues": [
        0.7083333333333334,
        0.0
      ],
      "lightness": 0.017429193899782133,
      "sats": [
        1.0,
        0.0
      ],
      "vals": [
        0.0,
        0.1568627450980392
      ],
      "variance": 9.392395853902446
    }
  ]
}