{
  "group_name": "extratic\\assets\\extratic\\textures\\items\\parts\\twilightforest\\knightmetal_toughbind.png",
  "segment_dicts": [
    {
      "equivalent": false,
      "hues": [
        0.7146464646464645,
        0.7297297297297297,
        0.7341954022988505
      ],
      "lightness": 0.5175000000000001,
      "sats": [
        0.5471698113207548,
        0.4805194805194805,
        0.4396336386344715
      ],
      "vals": [
        0.33641456582633067,
        0.6039215686274509,
        0.831372549019608
      ],
      "variance": 0.5150420488505764
    }
  ]
}