{
  "group_name": "extratic\\assets\\extratic\\textures\\items\\parts\\bop\\mud_crossbar.png",
  "segment_dicts": [
    {
      "equivalent": false,
      "hues": [
        0.7115384615384617,
        0.7295081967213114,
        0.7367283950617285
      ],
      "lightness": 0.3835294117647059,
      "sats": [
        0.576923076923077,
        0.4919354838709677,
        0.4062500000000001
      ],
      "vals": [
        0.25098039215686274,
        0.48627450980392156,
        0.7341176470588235
      ],
      "variance": 0.7171298928664723
    }
  ]
}