{
  "group_name": "tinker\\assets\\tinker\\textures\\items\\parts\\copper_bobber.png",
  "segment_dicts": [
    {
      "equivalent": false,
      "hues": [
        0.6666666666666666
      ],
      "lightness": 0.5647058823529412,
      "sats": [
        0.12499999999999994
      ],
      "vals": [
        0.5647058823529412
      ],
      "variance": 0.4984569020652638
    },
    {
      "equivalent": false,
      "hues": [
        0.6666666666666666,
        0.0
      ],
      "lightness": 0.8630252100840337,
      "sats": [
        0.12918660287081354,
        0.0826133909287258,
        0.0
      ],
      "vals": [
        0.54640522875817,
        0.8544405997693195,
        1.0
      ],
      "variance": 0.3261568044672417
    },
    {
      "equivalent": false,
      "hues": [
        0.6666666666666666,
        0.0
      ],
      "lightness": 0.06274509803921569,
      "sats": [
        0.12499999999999994,
        0.0
      ],
      "vals": [
        0.0,
        0.5647058823529412
      ],
      "variance": 4.486112118587374
    }
  ]
}