{
  "group_name": "extratic\\assets\\extratic\\textures\\items\\parts\\ae\\certus_quartz_hammer_head.png",
  "segment_dicts": [
    {
      "equivalent": false,
      "hues": [
        0.3101851851851852
      ],
      "lightness": 0.3254901960784314,
      "sats": [
        0.43373493975903615
      ],
      "vals": [
        0.3254901960784314
      ],
      "variance": 0.8049799998148721
    },
    {
      "equivalent": false,
      "hues": [
        0.303921568627451,
        0.3130081300813008,
        0.3134020618556701
      ],
      "lightness": 0.5894736842105261,
      "sats": [
        0.4456521739130436,
        0.425,
        0.4210069444444445
      ],
      "vals": [
        0.48104575163398694,
        0.6453781512605042,
        0.7843137254901961
      ],
      "variance": 0.44448650550001884
    }
  ]
}