{
  "group_name": "extratic\\assets\\extratic\\textures\\items\\parts\\twilightforest\\knightmetal_rod.png",
  "segment_dicts": [
    {
      "equivalent": false,
      "hues": [
        0.303921568627451,
        0.3121212121212121,
        0.3140096618357488
      ],
      "lightness": 0.6110826939471441,
      "sats": [
        0.4296875,
        0.42592592592592593,
        0.42499999999999993
      ],
      "vals": [
        0.5019607843137255,
        0.6352941176470588,
        0.7843137254901961
      ],
      "variance": 0.40412640829837854
    },
    {
      "equivalent": false,
      "hues": [
        0.3101851851851852
      ],
      "lightness": 0.3254901960784314,
      "sats": [
        0.43373493975903615
      ],
      "vals": [
        0.3254901960784314
      ],
      "variance": 0.7587161065172283
    }
  ]
}