{
  "group_name": "extratic\\assets\\extratic\\textures\\items\\parts\\natura\\netherquartz_medium_guard.png",
  "segment_dicts": [
    {
      "equivalent": false,
      "hues": [
        0.3101851851851852,
        0.3121212121212121,
        0.3137254901960784
      ],
      "lightness": 0.4260784313725491,
      "sats": [
        0.4337349397590363,
        0.4296875,
        0.4260143198090693
      ],
      "vals": [
        0.32549019607843144,
        0.5019607843137255,
        0.6572549019607843
      ],
      "variance": 0.6881619479847979
    }
  ]
}