{
  "group_name": "extratic\\assets\\extratic\\textures\\items\\parts\\metallurgy3\\precious\\silver_sword_blade.png",
  "segment_dicts": [
    {
      "equivalent": false,
      "hues": [
        0.303921568627451,
        0.3101851851851852,
        0.3133333333333333
      ],
      "lightness": 0.5478991596638655,
      "sats": [
        0.43373493975903615,
        0.42613636363636365,
        0.42500000000000016
      ],
      "vals": [
        0.3254901960784314,
        0.6901960784313725,
        0.7843137254901962
      ],
      "variance": 0.5016648736103341
    },
    {
      "equivalent": false,
      "hues": [
        0.3101851851851852
      ],
      "lightness": 0.3254901960784314,
      "sats": [
        0.43373493975903615
      ],
      "vals": [
        0.3254901960784314
      ],
      "variance": 0.8444548130652438
    }
  ]
}