{
  "group_name": "extratic\\assets\\extratic\\textures\\items\\parts\\twilightforest\\knightmetal_rod.png",
  "segment_dicts": [
    {
      "equivalent": false,
      "hues": [
        0.0
      ],
      "lightness": 0.33589087809036655,
      "sats": [
        0.0
      ],
      "vals": [
        0.19999999999999998,
        0.3843137254901961,
        0.5411764705882351
      ],
      "variance": 0.47662449378419885
    },
    {
      "equivalent": false,
      "hues": [
        0.0
      ],
      "lightness": 0.0,
      "sats": [
        0.0
      ],
      "vals": [
        0.0
      ],
      "variance": Infinity
    }
  ]
}