{
  "group_name": "extratic\\assets\\extratic\\textures\\items\\parts\\natura\\netherquartz_scythe_head.png",
  "segment_dicts": [
    {
      "equivalent": false,
      "hues": [
        0.0
      ],
      "lightness": 0.31753501400560225,
      "sats": [
        0.0
      ],
      "vals": [
        0.11578947368421055,
        0.4556149732620321,
        0.7803921568627451
      ],
      "variance": 0.584841588666953
    }
  ]
}