{
  "group_name": "extratic\\assets\\extratic\\textures\\items\\parts\\natura\\netherquartz_medium_guard.png",
  "segment_dicts": [
    {
      "equivalent": false,
      "hues": [
        0.0
      ],
      "lightness": 0.31823529411764706,
      "sats": [
        0.0
      ],
      "vals": [
        0.2549019607843137,
        0.3952941176470588,
        0.5372549019607843
      ],
      "variance": 0.7667992308280679
    }
  ]
}