{
  "group_name": "extratic\\assets\\extratic\\textures\\items\\parts\\natura\\netherquartz_medium_guard.png",
  "segment_dicts": [
    {
      "equivalent": false,
      "hues": [
        0.7053571428571429,
        0.7068965517241379,
        0.7105263157894738
      ],
      "lightness": 0.28921568627450983,
      "sats": [
        0.4634146341463417,
        0.4619469026548672,
        0.29708222811671103
      ],
      "vals": [
        0.16078431372549024,
        0.44313725490196076,
        0.7392156862745098
      ],
      "variance": 0.32767633242365274
    }
  ]
}