{
  "group_name": "extratic\\assets\\extratic\\textures\\items\\parts\\twilightforest\\knightmetal_toughrod.png",
  "segment_dicts": [
    {
      "equivalent": false,
      "hues": [
        0.7105263157894738
      ],
      "lightness": 0.1607843137254902,
      "sats": [
        0.4634146341463415
      ],
      "vals": [
        0.1607843137254902
      ],
      "variance": 1.0194177931761232
    },
    {
      "equivalent": false,
      "hues": [
        0.7053571428571429,
        0.7061258278145696,
        0.7062314540059348
      ],
      "lightness": 0.3633418584825234,
      "sats": [
        0.467730742539903,
        0.46001523229245994,
        0.2970822281167109
      ],
      "vals": [
        0.2173453996983409,
        0.4290849673202614,
        0.7392156862745097
      ],
      "variance": 0.45110792067812494
    }
  ]
}