{
  "group_name": "extratic\\assets\\tinker\\textures\\items\\parts\\signalum_knife_blade.png",
  "segment_dicts": [
    {
      "equivalent": false,
      "hues": [
        0.7055555555555554,
        0.7076023391812866,
        0.7095238095238097
      ],
      "lightness": 0.3281947261663286,
      "sats": [
        0.4644149577804588,
        0.4596774193548387,
        0.3266787658802178
      ],
      "vals": [
        0.17110423116615073,
        0.48627450980392156,
        0.7202614379084968
      ],
      "variance": 0.3946828863778548
    }
  ]
}