{
  "group_name": "extratic\\assets\\extratic\\textures\\items\\parts\\bop\\mud_arrowhead.png",
  "segment_dicts": [
    {
      "equivalent": false,
      "hues": [
        0.7054003724394787,
        0.7055921052631579,
        0.7105263157894738
      ],
      "lightness": 0.40746054519368724,
      "sats": [
        0.4634146341463413,
        0.4611025244719217,
        0.33278598795840175
      ],
      "vals": [
        0.16078431372549015,
        0.4006191950464396,
        0.7164705882352941
      ],
      "variance": 0.42013938537518497
    }
  ]
}