{
  "group_name": "extratic\\assets\\extratic\\textures\\items\\parts\\bop\\mud_crossbar.png",
  "segment_dicts": [
    {
      "equivalent": false,
      "hues": [
        0.7053571428571429,
        0.7066993464052288,
        0.7105263157894738
      ],
      "lightness": 0.27294117647058824,
      "sats": [
        0.4634146341463415,
        0.46258503401360546,
        0.29708222811671103
      ],
      "vals": [
        0.16078431372549018,
        0.4323529411764706,
        0.7392156862745098
      ],
      "variance": 0.3320603164760246
    }
  ]
}