{
  "group_name": "extratic\\assets\\tinker\\textures\\items\\parts\\terrasteel_chunk.png",
  "segment_dicts": [
    {
      "equivalent": false,
      "hues": [
        0.07632398753894064,
        0.07751214045573403,
        0.08684347373894959
      ],
      "lightness": 0.6739428301441059,
      "sats": [
        0.7676646706586828,
        0.45342140921409213,
        0.27412467976088783
      ],
      "vals": [
        0.363834422657952,
        0.7468690702087286,
        0.9184313725490196
      ],
      "variance": 0.5052712326156732
    }
  ]
}