{
  "group_name": "tinker\\assets\\tinker\\textures\\items\\parts\\copper_bobber.png",
  "segment_dicts": [
    {
      "equivalent": false,
      "hues": [
        0.08454106280193237
      ],
      "lightness": 0.27058823529411763,
      "sats": [
        1.0
      ],
      "vals": [
        0.27058823529411763
      ],
      "variance": 0.7352603626820882
    },
    {
      "equivalent": false,
      "hues": [
        0.07858376511226249,
        0.1043956043956044
      ],
      "lightness": 0.6036414565826329,
      "sats": [
        1.0,
        0.6368876080691642,
        0.4312796208530805
      ],
      "vals": [
        0.25228758169934645,
        0.5603229527104959,
        0.8274509803921568
      ],
      "variance": 0.32958770781944186
    },
    {
      "equivalent": false,
      "hues": [
        0.0,
        0.08454106280193237,
        0.3333333333333333
      ],
      "lightness": 0.03006535947712418,
      "sats": [
        1.0,
        0.0
      ],
      "vals": [
        0.0,
        1.734723475976807e-18,
        0.27058823529411763
      ],
      "variance": 6.6173432641387935
    }
  ]
}