{
  "group_name": "extratic\\assets\\extratic\\textures\\items\\parts\\natura\\netherquartz_axe_head.png",
  "segment_dicts": [
    {
      "equivalent": false,
      "hues": [
        0.10683760683760679,
        0.10937499999999999,
        0.10953776041666667
      ],
      "lightness": 0.3229946524064171,
      "sats": [
        0.7164179104477612,
        0.7130919220055709,
        0.7090909090909092
      ],
      "vals": [
        0.215686274509804,
        0.40224089635854343,
        0.5254901960784314
      ],
      "variance": 0.7231812951807387
    }
  ]
}