{
  "group_name": "extratic\\assets\\extratic\\textures\\items\\parts\\twilightforest\\knightmetal_toughbind.png",
  "segment_dicts": [
    {
      "equivalent": false,
      "hues": [
        0.10708566853482787,
        0.10884353741496595,
        0.10919540229885051
      ],
      "lightness": 0.3407843137254902,
      "sats": [
        0.725,
        0.7153284671532847,
        0.7118837275577087
      ],
      "vals": [
        0.15686274509803927,
        0.34401960784313723,
        0.5372549019607844
      ],
      "variance": 0.5168586083183757
    }
  ]
}