{
  "group_name": "extratic\\assets\\extratic\\textures\\items\\parts\\ae\\certus_quartz_hammer_head.png",
  "segment_dicts": [
    {
      "equivalent": false,
      "hues": [
        0.10919540229885057
      ],
      "lightness": 0.1568627450980392,
      "sats": [
        0.725
      ],
      "vals": [
        0.1568627450980392
      ],
      "variance": 1.1022870952881754
    },
    {
      "equivalent": false,
      "hues": [
        0.10833333333333335,
        0.10937499999999999,
        0.1094890510948905
      ],
      "lightness": 0.39711042311661504,
      "sats": [
        0.7171314741035856,
        0.7164179104477612,
        0.7126137841352406
      ],
      "vals": [
        0.32810457516339864,
        0.430812324929972,
        0.5254901960784314
      ],
      "variance": 0.43541486092464304
    }
  ]
}