{
  "group_name": "extratic\\assets\\extratic\\textures\\items\\axe\\natura\\ghostwood_axe_handle.png",
  "segment_dicts": [
    {
      "equivalent": false,
      "hues": [
        0.14044943820224717,
        0.1414141414141414,
        0.14180672268907563
      ],
      "lightness": 0.5822021116138764,
      "sats": [
        0.6691729323308272,
        0.6666666666666665,
        0.263565891472868
      ],
      "vals": [
        0.388235294117647,
        0.5215686274509804,
        0.8852941176470588
      ],
      "variance": 0.30732377094006313
    }
  ]
}