{
  "group_name": "extratic\\assets\\extratic\\textures\\items\\axe\\oodmod\\kroostyl_axe_head_broken.png",
  "segment_dicts": [
    {
      "equivalent": false,
      "hues": [
        0.5125375375375376,
        0.512962962962963,
        0.5132743362831859
      ],
      "lightness": 0.5501400560224089,
      "sats": [
        0.9473684210526316,
        0.9450830140485313,
        0.4538152610441767
      ],
      "vals": [
        0.3725490196078431,
        0.7085972850678733,
        0.9764705882352941
      ],
      "variance": 0.3675869422510241
    }
  ]
}