{
  "group_name": "extratic\\assets\\extratic\\textures\\items\\axe\\oodmod\\kroostyl_axe_head_broken.png",
  "segment_dicts": [
    {
      "equivalent": false,
      "hues": [
        0.4737998647734956,
        0.4738562091503267,
        0.4770114942528736
      ],
      "lightness": 0.38809523809523805,
      "sats": [
        0.6653171390013496,
        0.6623376623376622,
        0.41232227488151657
      ],
      "vals": [
        0.30196078431372547,
        0.4470588235294118,
        0.8274509803921568
      ],
      "variance": 0.6322110431558949
    }
  ]
}