{
  "group_name": "extratic\\assets\\extratic\\textures\\items\\longbow\\metallurgy3\\nether\\ceruclase_bow_top_3.png",
  "segment_dicts": [
    {
      "equivalent": false,
      "hues": [
        0.702051282051282,
        0.7142857142857143,
        0.7162162162162162
      ],
      "lightness": 0.181473968897904,
      "sats": [
        0.473071324599709,
        0.45121951219512196,
        0.4285714285714286
      ],
      "vals": [
        0.14179566563467494,
        0.19215686274509805,
        0.3215686274509804
      ],
      "variance": 0.694297629996697
    }
  ]
}