{
  "group_name": "tinker\\assets\\tinker\\textures\\items\\canister_yellow.png",
  "segment_dicts": [
    {
      "equivalent": true,
      "hues": [
        0.0
      ],
      "lightness": 0.5977057489662532,
      "sats": [
        0.0
      ],
      "vals": [
        0.37868712702472296,
        0.5721859114015977,
        0.8413850646641636
      ],
      "variance": 0.5752374750941248
    },
    {
      "equivalent": true,
      "hues": [
        0.143317230273752,
        0.14498667554963357,
        0.15151515151515152
      ],
      "lightness": 0.88719723183391,
      "sats": [
        1.0,
        0.999167914794475,
        0.37606837606837606
      ],
      "vals": [
        0.8117647058823529,
        0.9063348416289593,
        0.9176470588235294
      ],
      "variance": 0.3875381184112582
    }
  ]
}