{
  "group_name": "mantle\\assets\\mantle\\textures\\gui\\tinkerbook_blue.png",
  "segment_dicts": [
    {
      "equivalent": false,
      "hues": [
        0.32142857142857145,
        0.32196969696969696,
        0.32471264367816094
      ],
      "lightness": 0.3407407407407407,
      "sats": [
        0.7213114754098362,
        0.5043478260869566,
        0.4827586206896552
      ],
      "vals": [
        0.22745098039215686,
        0.23921568627450984,
        0.45098039215686275
      ],
      "variance": 0.8596771388653998
    },
    {
      "equivalent": false,
      "hues": [
        0.0
      ],
      "lightness": 0.6739495798319328,
      "sats": [
        0.0
      ],
      "vals": [
        0.32941176470588235,
        0.6405228758169935,
        0.8352941176470589
      ],
      "variance": 0.4346423439687076
    },
    {
      "equivalent": false,
      "hues": [
        0.3218125960061444,
        0.3240341806692517,
        0.32471264367816094
      ],
      "lightness": 0.5409722222222223,
      "sats": [
        0.6944000000000001,
        0.5043478260869564,
        0.496576807873342
      ],
      "vals": [
        0.2450980392156864,
        0.4509803921568627,
        0.6916759156492787
      ],
      "variance": 0.541482562434689
    }
  ]
}