{
  "group_name": "extratic\\assets\\extratic\\textures\\items\\hammer\\oodmod\\kroostyl_hammer_head.png",
  "segment_dicts": [
    {
      "equivalent": false,
      "hues": [
        0.9151404151404151,
        0.10017530678687703,
        0.11185383244206776
      ],
      "lightness": 0.9997469955724225,
      "sats": [
        0.7456582633053221,
        0.6198142414860681,
        0.29379418695993714
      ],
      "vals": [
        0.9984313725490196,
        1.0
      ],
      "variance": 0.0004864744241289029
    }
  ]
}