{
  "group_name": "tinker\\assets\\tinker\\textures\\blocks\\glass\\stained\\purple\\glass_3_l.png",
  "segment_dicts": [
    {
      "equivalent": false,
      "hues": [
        0.6144927536231884
      ],
      "lightness": 0.9176470588235278,
      "sats": [
        0.49145299145299143
      ],
      "vals": [
        0.9176470588235294
      ],
      "variance": 0.019654562921458632
    },
    {
      "equivalent": false,
      "hues": [
        0.6144927536231884,
        0.6171171171171171
      ],
      "lightness": 0.9531788671387733,
      "sats": [
        0.49145299145299143,
        0.2924901185770752
      ],
      "vals": [
        0.9176470588235294,
        0.9921568627450981
      ],
      "variance": 0.018921896486730046
    },
    {
      "equivalent": false,
      "hues": [
        0.6144927536231884,
        0.6171171171171171
      ],
      "lightness": 0.9353317592307431,
      "sats": [
        0.49145299145299143,
        0.2924901185770752
      ],
      "vals": [
        0.9176470588235294,
        0.9921568627450981
      ],
      "variance": 0.019282946055602795
    }
  ]
}