{
  "group_name": "logisticspipes\\assets\\logisticspipes\\textures\\items\\itemUpgrade\\Speed.png",
  "segment_dicts": [
    {
      "equivalent": false,
      "hues": [
        0.16228070175438594
      ],
      "lightness": 0.2235294117647059,
      "sats": [
        0.6666666666666667
      ],
      "vals": [
        0.2235294117647059
      ],
      "variance": 0.8938111988229249
    },
    {
      "equivalent": false,
      "hues": [
        0.1606280193236715
      ],
      "lightness": 0.8117647058823529,
      "sats": [
        0.6666666666666667
      ],
      "vals": [
        0.8117647058823529
      ],
      "variance": 0.24612192431355906
    },
    {
      "equivalent": false,
      "hues": [
        0.11163522012578618,
        0.16228070175438591
      ],
      "lightness": 0.642156862745098,
      "sats": [
        0.6666666666666666,
        0.6272189349112426
      ],
      "vals": [
        0.22352941176470592,
        0.6627450980392157
      ],
      "variance": 0.3111281730253846
    }
  ]
}