{
  "group_name": "projectred\\assets\\projectred\\textures\\items\\parts\\illumar14.png",
  "segment_dicts": [
    {
      "equivalent": false,
      "hues": [
        0.14903846153846156,
        0.1509009009009009
      ],
      "lightness": 0.9012605042016806,
      "sats": [
        0.46222222222222226,
        0.3162393162393162
      ],
      "vals": [
        0.8823529411764706,
        0.9176470588235294
      ],
      "variance": 0.46916860108986375
    },
    {
      "equivalent": false,
      "hues": [
        0.14677276746242265,
        0.1484018264840183,
        0.14865273993339395
      ],
      "lightness": 0.33801391524351676,
      "sats": [
        0.8083700440528634,
        0.8076595744680851,
        0.8058425365158532
      ],
      "vals": [
        0.19075630252100842,
        0.3071895424836601,
        0.579360165118679
      ],
      "variance": 1.2509636760640968
    }
  ]
}