{
  "group_name": "projectred\\assets\\projectred\\textures\\items\\parts\\partcoppercoil.png",
  "segment_dicts": [
    {
      "equivalent": false,
      "hues": [
        0.0
      ],
      "lightness": 0.11614763552479816,
      "sats": [
        0.0
      ],
      "vals": [
        0.08627450980392155,
        0.15729847494553378,
        0.21176470588235297
      ],
      "variance": 2.959989692945386
    },
    {
      "equivalent": false,
      "hues": [
        0.14161036036036037,
        0.14191419141914186,
        0.1421144932982588
      ],
      "lightness": 0.831578947368421,
      "sats": [
        1.0,
        0.9633848657445078,
        0.5797385620915032
      ],
      "vals": [
        0.39607843137254906,
        0.9639215686274509,
        1.0
      ],
      "variance": 0.41342533394014047
    }
  ]
}