{
  "group_name": "alchemicalwizardry\\assets\\alchemicalwizardry\\textures\\items\\activationCrystalAwakened.png",
  "segment_dicts": [
    {
      "equivalent": false,
      "hues": [
        0.15484330484330483,
        0.15685869640030284,
        0.6527122641509426
      ],
      "lightness": 0.39591944886062536,
      "sats": [
        0.7166321396862977,
        0.35262206148282105,
        0.17553301593872916
      ],
      "vals": [
        0.22288350634371396,
        0.4647058823529412,
        0.7571988795518207
      ],
      "variance": 0.872767539833436
    }
  ]
}