{
  "group_name": "projectred\\assets\\projectred\\textures\\items\\parts\\partpointer.png",
  "segment_dicts": [
    {
      "equivalent": false,
      "hues": [
        0.6666666666666666,
        0.011331133113311354,
        0.09915611814345993
      ],
      "lightness": 0.5595518207282913,
      "sats": [
        0.940409683426443,
        0.0286335628851032,
        1.5561429909351428e-16
      ],
      "vals": [
        0.4512605042016807,
        0.515219421101774,
        0.7134453781512605
      ],
      "variance": 0.43562785526493814
    },
    {
      "equivalent": false,
      "hues": [
        0.0,
        0.11732026143790848,
        0.16666666666666666
      ],
      "lightness": 0.9965141612200435,
      "sats": [
        1.0,
        0.40784313725490184
      ],
      "vals": [
        0.9921568627450981,
        1.0
      ],
      "variance": 0.24460902720642028
    }
  ]
}