{
  "group_name": "tinker\\assets\\tinker\\textures\\blocks\\glass\\clear\\glass_3_d.png",
  "segment_dicts": [
    {
      "equivalent": true,
      "hues": [
        0.5208333333333334,
        0.5241935483870969
      ],
      "lightness": 0.8759803921568627,
      "sats": [
        0.2440944881889764,
        0.18264840182648404
      ],
      "vals": [
        0.8588235294117647,
        0.996078431372549
      ],
      "variance": 0.03663743665446217
    }
  ]
}