{
  "group_name": "tinker\\assets\\tinker\\textures\\blocks\\glass\\clear\\glass_2_h.png",
  "segment_dicts": [
    {
      "equivalent": true,
      "hues": [
        0.5208333333333334,
        0.5241935483870969,
        0.0
      ],
      "lightness": 0.9360294117647059,
      "sats": [
        0.2440944881889764,
        0.18264840182648404,
        0.0
      ],
      "vals": [
        0.8588235294117647,
        0.996078431372549
      ],
      "variance": 0.03423876072363842
    }
  ]
}