{
  "group_name": "extratic\\assets\\extratic\\textures\\items\\broadsword\\metallurgy3\\precious\\brass_sword_blade_broken.png",
  "segment_dicts": [
    {
      "equivalent": false,
      "hues": [
        0.7574906367041199,
        0.7766393442622951,
        0.7777777777777778
      ],
      "lightness": 0.5004524886877828,
      "sats": [
        1.0,
        0.9568627450980393,
        0.8127853881278538
      ],
      "vals": [
        0.2352941176470587,
        0.8588235294117645,
        0.9999999999999999
      ],
      "variance": 0.2699680875340751
    }
  ]
}