{
  "group_name": "extratic\\assets\\extratic\\textures\\items\\broadsword\\natura\\netherquartz_sword_accessory.png",
  "segment_dicts": [
    {
      "equivalent": false,
      "hues": [
        0.9927536231884058,
        0.014619883040935663,
        0.017316017316017323
      ],
      "lightness": 0.3237076648841355,
      "sats": [
        0.9871794871794872,
        0.9827586206896551,
        0.8846153846153846
      ],
      "vals": [
        0.22745098039215686,
        0.3058823529411765,
        0.8156862745098039
      ],
      "variance": 0.4797560868146371
    }
  ]
}