{
  "group_name": "iron_hoe",
  "segment_dicts": [
    {
      "colorize": true,
      "hues": [
        0.10576923076923078,
        0.10810810810810811,
        0.10810810810810811,
        0.10810810810810811,
        0.10810810810810811,
        0.108843537414966,
        0.108843537414966,
        0.108843537414966,
        0.108843537414966,
        0.108843537414966,
        0.108843537414966
      ],
      "id": 0,
      "lightness": 0.30853889943074003,
      "sats": [
        0.7153284671532847,
        0.7153284671532847,
        0.7153284671532847,
        0.7153284671532847,
        0.7153284671532847,
        0.7153284671532847,
        0.7123287671232877,
        0.7115384615384615,
        0.7115384615384615,
        0.7115384615384615,
        0.7115384615384615
      ],
      "vals": [
        0.40784313725490196,
        0.40784313725490196,
        0.40784313725490196,
        0.40784313725490196,
        0.40784313725490196,
        0.40784313725490196,
        0.40784313725490196,
        0.5372549019607843,
        0.5372549019607843,
        0.5372549019607843,
        0.5372549019607843
      ],
      "variance": 0.842214251869179
    },
    {
      "colorize": true,
      "hues": [
        0.045138888888888895,
        0.045138888888888895,
        0.046153846153846156,
        0.046153846153846156,
        0.046153846153846156,
        0.047101449275362306,
        0.047101449275362306,
        0.047311827956989294,
        0.047311827956989294,
        0.04735883424408016
      ],
      "id": 1,
      "lightness": 0.5198039215686275,
      "sats": [
        0.7788944723618091,
        0.7788944723618091,
        0.778723404255319,
        0.7752808988764045,
        0.7752808988764045,
        0.7619047619047619,
        0.7619047619047619,
        0.6132075471698113,
        0.6132075471698113,
        0.6132075471698113
      ],
      "vals": [
        0.24705882352941178,
        0.24705882352941178,
        0.41568627450980394,
        0.41568627450980394,
        0.41568627450980394,
        0.6980392156862745,
        0.6980392156862745,
        0.7803921568627451,
        0.7803921568627451,
        0.9215686274509803
      ],
      "variance": 0.4999113080417438
    }
  ]
}