{
  "group_name": "extratic\\assets\\extratic\\textures\\items\\battlesign\\natura\\netherquartz_battlesign_handle.png",
  "segment_dicts": [
    {
      "equivalent": false,
      "hues": [
        0.5,
        0.5074074074074074,
        0.5111111111111111
      ],
      "lightness": 0.5069281045751634,
      "sats": [
        0.2777777777777777,
        0.06955177743431222,
        0.024896265560166005
      ],
      "vals": [
        0.3176470588235294,
        0.8457516339869281,
        0.9450980392156862
      ],
      "variance": 0.26259676608496496
    }
  ]
}