{
  "group_name": "extratic\\assets\\extratic\\textures\\items\\battlesign\\natura\\netherquartz_battlesign_head_broken.png",
  "segment_dicts": [
    {
      "equivalent": false,
      "hues": [
        0.5729166666666666,
        0.5761448349307777,
        0.5765402206080171
      ],
      "lightness": 0.4072674941536248,
      "sats": [
        0.33342303552206726,
        0.3047619047619048,
        0.1973518284993695
      ],
      "vals": [
        0.2388942462230794,
        0.4117647058823529,
        0.6910675381263618
      ],
      "variance": 0.7945319298650959
    }
  ]
}