{
  "group_name": "extratic\\assets\\extratic\\textures\\items\\battlesign\\metallurgy3\\precious\\brass_battlesign_head.png",
  "segment_dicts": [
    {
      "equivalent": false,
      "hues": [
        0.3172363540010599,
        0.3186274509803922,
        0.3188131313131312
      ],
      "lightness": 0.4721300486006369,
      "sats": [
        0.3541247484909458,
        0.334886197258086,
        0.17989417989417986
      ],
      "vals": [
        0.25421994884910504,
        0.5665912518853695,
        0.7411764705882353
      ],
      "variance": 0.6188102404315912
    }
  ]
}