{
  "group_name": "bucket",
  "segment_dicts": [
    {
      "colorize": false,
      "id": 0
    },
    {
      "colorize": true,
      "hues": [
        0.16666666666666669,
        0.16666666666666669,
        0.16666666666666669,
        0.16666666666666669,
        0.16666666666666669,
        0.16666666666666669,
        0.16666666666666669,
        0.17213114754098363,
        0.1723646723646723,
        0.1723646723646723,
        0.1723646723646723,
        0.17767295597484273
      ],
      "id": 1,
      "lightness": 0.8912341407151095,
      "sats": [
        0.5700934579439253,
        0.5416666666666666,
        0.5416666666666666,
        0.5416666666666666,
        0.5230855855855856,
        0.5230855855855856,
        0.5045045045045045,
        0.4711111111111111,
        0.33333333333333337,
        0.21176470588235297,
        0.196078431372549,
        0.04705882352941182
      ],
      "vals": [
        0.8392156862745098,
        0.8470588235294118,
        0.8470588235294118,
        0.8470588235294118,
        0.8705882352941177,
        0.8764705882352941,
        0.8823529411764706,
        0.8901960784313725,
        1.0,
        1.0,
        1.0,
        1.0
      ],
      "variance": 0.4070586450430906
    }
  ]
}