{
  "group_name": "bucket",
  "segment_dicts": [
    {
      "colorize": false,
      "id": 0
    },
    {
      "colorize": true,
      "hues": [
        0.5170454545454546,
        0.5196078431372549,
        0.522633744855967,
        0.5235042735042735,
        0.535,
        0.535,
        0.5357291666666667,
        0.5364583333333334,
        0.5370370370370371,
        0.5370370370370371,
        0.5370370370370371,
        0.5370370370370371
      ],
      "id": 1,
      "lightness": 0.5490196078431373,
      "sats": [
        0.7042253521126761,
        0.7042253521126761,
        0.6923076923076923,
        0.6923076923076923,
        0.6923076923076923,
        0.6923076923076923,
        0.689374185136897,
        0.6864406779661016,
        0.6692913385826772,
        0.6666666666666667,
        0.6620689655172414,
        0.5894039735099338
      ],
      "vals": [
        0.4627450980392157,
        0.4980392156862745,
        0.5176470588235295,
        0.5490196078431373,
        0.5568627450980392,
        0.5568627450980392,
        0.5588235294117647,
        0.5607843137254902,
        0.5607843137254902,
        0.5607843137254902,
        0.5607843137254902,
        0.5686274509803921
      ],
      "variance": 0.547054700682394
    }
  ]
}