{
  "group_name": "bucket",
  "segment_dicts": [
    {
      "colorize": false,
      "id": 0
    },
    {
      "colorize": true,
      "hues": [
        0.4583333333333334,
        0.4615384615384614,
        0.4615384615384617,
        0.46428571428571414,
        0.46428571428571414,
        0.46428571428571414,
        0.46428571428571414,
        0.46428571428571414,
        0.4642857142857144,
        0.46666666666666673,
        0.46666666666666673,
        0.4696969696969698
      ],
      "id": 1,
      "lightness": 0.8133794694348326,
      "sats": [
        0.06944444444444446,
        0.06862745098039219,
        0.06730769230769235,
        0.06542056074766359,
        0.06363636363636366,
        0.06310679611650491,
        0.06178595619778736,
        0.060465116279069815,
        0.058823529411764774,
        0.057416267942583664,
        0.052380952380952334,
        0.04739336492890992
      ],
      "vals": [
        0.7529411764705882,
        0.8,
        0.8,
        0.807843137254902,
        0.8156862745098039,
        0.8196078431372549,
        0.8235294117647058,
        0.8274509803921568,
        0.8392156862745098,
        0.8431372549019608,
        0.8470588235294118,
        0.8627450980392157
      ],
      "variance": 0.3896112466396934
    }
  ]
}