{
  "group_name": "iron_pickaxe",
  "segment_dicts": [
    {
      "colorize": true,
      "hues": [
        0.10576923076923078,
        0.10810810810810811,
        0.10810810810810811,
        0.10810810810810811,
        0.10810810810810811,
        0.108843537414966,
        0.108843537414966,
        0.108843537414966,
        0.108843537414966,
        0.108843537414966,
        0.108843537414966
      ],
      "id": 0,
      "lightness": 0.3043643263757116,
      "sats": [
        0.7153284671532847,
        0.7153284671532847,
        0.7153284671532847,
        0.7153284671532847,
        0.7153284671532847,
        0.7153284671532847,
        0.7123287671232877,
        0.7115384615384615,
        0.7115384615384615,
        0.7115384615384615,
        0.7115384615384615
      ],
      "vals": [
        0.40784313725490196,
        0.40784313725490196,
        0.40784313725490196,
        0.40784313725490196,
        0.40784313725490196,
        0.40784313725490196,
        0.40784313725490196,
        0.5372549019607843,
        0.5372549019607843,
        0.5372549019607843,
        0.5372549019607843
      ],
      "variance": 1.3334079521975275
    },
    {
      "colorize": true,
      "hues": [
        0.6666666666666666,
        0.6666666666666666,
        0.6666666666666666,
        0.6666666666666666,
        0.6666666666666666,
        0.6666666666666666,
        0.6666666666666666,
        0.6666666666666666,
        0.6666666666666666,
        0.6666666666666666,
        0.6666666666666666,
        0.6666666666666666,
        0.6666666666666666
      ],
      "id": 1,
      "lightness": 0.17901430842607313,
      "sats": [
        0.16129032258064516,
        0.16129032258064516,
        0.16129032258064516,
        0.16129032258064516,
        0.16129032258064516,
        0.16129032258064516,
        0.16129032258064516,
        0.16129032258064516,
        0.16129032258064516,
        0.16129032258064516,
        0.16129032258064516,
        0.16129032258064516,
        0.16129032258064516
      ],
      "vals": [
        0.12156862745098039,
        0.12156862745098039,
        0.12156862745098039,
        0.12156862745098039,
        0.12156862745098039,
        0.12156862745098039,
        0.12156862745098039,
        0.12156862745098039,
        0.12156862745098039,
        0.12156862745098039,
        0.12156862745098039,
        0.12156862745098039,
        0.12156862745098039
      ],
      "variance": 2.2670914784569662
    }
  ]
}