{
  "group_name": "nugget",
  "segment_dicts": [
    {
      "colorize": true,
      "hues": [
        0.234006734006734,
        0.23427672955974838,
        0.2346938775510204,
        0.24336283185840712,
        0.26532567049808425,
        0.26666666666666666,
        0.2755775577557756,
        0.28728070175438597,
        0.28750000000000003,
        0.2986111111111112,
        0.3013468013468013,
        0.3036529680365297
      ],
      "id": 0,
      "lightness": 0.7431372549019608,
      "sats": [
        0.9217391304347826,
        0.9166666666666667,
        0.9074074074074073,
        0.8560606060606061,
        0.8530805687203791,
        0.8446601941747572,
        0.7111111111111111,
        0.6877828054298644,
        0.4570135746606335,
        0.388235294117647,
        0.28627450980392155,
        0.18823529411764706
      ],
      "vals": [
        0.4235294117647059,
        0.4235294117647059,
        0.45098039215686275,
        0.5176470588235295,
        0.807843137254902,
        0.8274509803921568,
        0.8666666666666667,
        0.8666666666666667,
        0.8823529411764706,
        1.0,
        1.0,
        1.0
      ],
      "variance": 0.22281092243837722
    }
  ]
}