{
  "group_name": "extratic\\assets\\tinker\\textures\\items\\parts\\signalum_chisel_head.png",
  "segment_dicts": [
    {
      "equivalent": false,
      "hues": [
        0.7573099415204679,
        0.7588652482269503,
        0.7589531680440772
      ],
      "lightness": 0.4224836601307189,
      "sats": [
        0.7343750000000001,
        0.7202380952380952,
        0.5428571428571428
      ],
      "vals": [
        0.2509803921568628,
        0.6588235294117647,
        0.8235294117647058
      ],
      "variance": 0.8350543213983233
    }
  ]
}