{
  "group_name": "extratic\\assets\\extratic\\textures\\items\\parts\\bop\\mud_shovel_head.png",
  "segment_dicts": [
    {
      "equivalent": false,
      "hues": [
        0.7585034013605442,
        0.7613721103653989,
        0.7681159420289855
      ],
      "lightness": 0.43660130718954243,
      "sats": [
        0.4107142857142857,
        0.4005376344086022,
        0.27222222222222237
      ],
      "vals": [
        0.21960784313725493,
        0.5470588235294118,
        0.7058823529411765
      ],
      "variance": 0.5955233810701176
    }
  ]
}