{
  "group_name": "extratic\\assets\\extratic\\textures\\items\\parts\\metallurgy3\\precious\\silver_sword_blade.png",
  "segment_dicts": [
    {
      "equivalent": false,
      "hues": [
        0.7585034013605442,
        0.7611111111111111,
        0.7681159420289857
      ],
      "lightness": 0.4519140989729225,
      "sats": [
        0.41071428571428503,
        0.39999999999999997,
        0.2722222222222221
      ],
      "vals": [
        0.21960784313725476,
        0.5882352941176471,
        0.7058823529411764
      ],
      "variance": 0.7806036926208028
    },
    {
      "equivalent": false,
      "hues": [
        0.7681159420289855
      ],
      "lightness": 0.2196078431372549,
      "sats": [
        0.41071428571428564
      ],
      "vals": [
        0.2196078431372549
      ],
      "variance": 1.606344333454373
    }
  ]
}