{
  "group_name": "extratic\\assets\\tinker\\textures\\items\\parts\\signalum_chisel_head.png",
  "segment_dicts": [
    {
      "equivalent": false,
      "hues": [
        0.7585034013605442,
        0.7611111111111111,
        0.7681159420289854
      ],
      "lightness": 0.37045751633986923,
      "sats": [
        0.4107142857142856,
        0.39999999999999997,
        0.27222222222222237
      ],
      "vals": [
        0.21960784313725493,
        0.5882352941176471,
        0.7058823529411765
      ],
      "variance": 0.9927352291322143
    }
  ]
}