{
  "group_name": "extratic\\assets\\extratic\\textures\\items\\parts\\bop\\mud_excavator_head.png",
  "segment_dicts": [
    {
      "equivalent": false,
      "hues": [
        0.7585034013605442,
        0.7614418793033616,
        0.7672010688042752
      ],
      "lightness": 0.4300957592339261,
      "sats": [
        0.4083469721767594,
        0.40068159688412863,
        0.2722222222222225
      ],
      "vals": [
        0.23960784313725497,
        0.5369934640522877,
        0.7058823529411766
      ],
      "variance": 0.7231267003380244
    }
  ]
}