{
  "group_name": "extratic\\assets\\extratic\\textures\\items\\arrow\\metallurgy3\\nether\\amordrine_arrow_head.png",
  "segment_dicts": [
    {
      "equivalent": false,
      "hues": [
        0.8162393162393163,
        0.816872427983539,
        0.8194444444444445
      ],
      "lightness": 0.9358543417366945,
      "sats": [
        0.6666666666666666,
        0.33061224489795915,
        0.15600000000000003
      ],
      "vals": [
        0.9176470588235294,
        0.9607843137254902,
        0.9803921568627451
      ],
      "variance": 0.17603195052058593
    }
  ]
}