{
  "group_name": "extratic\\assets\\extratic\\textures\\items\\arrow\\metallurgy3\\nether\\amordrine_arrow_head.png",
  "segment_dicts": [
    {
      "equivalent": false,
      "hues": [
        0.0625,
        0.06756756756756756,
        0.07017543859649122
      ],
      "lightness": 0.28935574229691874,
      "sats": [
        0.5066666666666666,
        0.46249999999999997,
        0.4444444444444444
      ],
      "vals": [
        0.2823529411764706,
        0.29411764705882354,
        0.3137254901960784
      ],
      "variance": 0.02975531991593496
    }
  ]
}