{
  "group_name": "extratic\\assets\\extratic\\textures\\items\\arrow\\metallurgy3\\fantasy\\mithril_arrow_shaft.png",
  "segment_dicts": [
    {
      "equivalent": false,
      "hues": [
        0.0
      ],
      "lightness": 0.08387096774193548,
      "sats": [
        0.0
      ],
      "vals": [
        0.03529411764705882,
        0.16862745098039217,
        0.2117647058823529
      ],
      "variance": 0.29634481923818945
    }
  ]
}