{
  "group_name": "extratic\\assets\\extratic\\textures\\items\\trident\\generic\\sapphire_trident_accessory.png",
  "segment_dicts": [
    {
      "equivalent": false,
      "hues": [
        0.0,
        0.10526315789473684,
        0.15563725490196081
      ],
      "lightness": 0.45882352941176474,
      "sats": [
        0.5055762081784385,
        0.2021276595744681,
        0.08823529411764706
      ],
      "vals": [
        0.3686274509803922,
        0.5274509803921568,
        0.5333333333333333
      ],
      "variance": 0.12862549034447288
    }
  ]
}