{
  "group_name": "extratic\\assets\\extratic\\textures\\items\\battlesign\\natura\\netherquartz_battlesign_head_broken.png",
  "segment_dicts": [
    {
      "equivalent": false,
      "hues": [
        0.6666666666666666
      ],
      "lightness": 0.2271991365353481,
      "sats": [
        1.0,
        0.9741379310344828
      ],
      "vals": [
        0.1357119897139184,
        0.28774509803921566,
        0.45490196078431366
      ],
      "variance": 1.7150230353805305
    }
  ]
}