{
  "group_name": "extratic\\assets\\extratic\\textures\\items\\bolt\\generic\\sapphire_bolt_shaft.png",
  "segment_dicts": [
    {
      "equivalent": false,
      "hues": [
        0.968421052631579,
        0.9696969696969697,
        0.9704378395653563
      ],
      "lightness": 0.7244206773618538,
      "sats": [
        0.6241134751773049,
        0.5836597649692221,
        0.4418604651162791
      ],
      "vals": [
        0.5529411764705883,
        0.7786492374727669,
        0.8431372549019608
      ],
      "variance": 0.0829416420050849
    }
  ]
}