{
  "group_name": "chisel\\assets\\chisel\\textures\\blocks\\icepillar\\carved-top.png",
  "segment_dicts": [
    {
      "equivalent": false,
      "hues": [
        0.5921625544267055,
        0.5973542016023851,
        0.6012500758541174
      ],
      "lightness": 0.8335937499999992,
      "sats": [
        0.2978527274699057,
        0.23764612114771522,
        0.1646828242267794
      ],
      "vals": [
        0.777651275563989,
        0.8315934824634079,
        0.891687979539642
      ],
      "variance": 0.062483671759516655
    }
  ]
}