{
  "group_name": "chisel\\assets\\chisel\\textures\\blocks\\icepillar\\carved-top.png",
  "segment_dicts": [
    {
      "equivalent": false,
      "hues": [
        0.5944475189079507,
        0.5947156545897831,
        0.5984496124031008
      ],
      "lightness": 0.8516390931372542,
      "sats": [
        0.23179434609470473,
        0.18749675745784697,
        0.05886647805056129
      ],
      "vals": [
        0.7592575961682383,
        0.9218077474892397,
        0.9992704058367534
      ],
      "variance": 0.12736763761165104
    }
  ]
}