{
  "group_name": "extratic\\assets\\extratic\\textures\\items\\cleaver\\metallurgy3\\precious\\brass_cleaver_head.png",
  "segment_dicts": [
    {
      "equivalent": false,
      "hues": [
        0.0,
        0.06862745098039219,
        0.15563725490196081
      ],
      "lightness": 0.38956356736242886,
      "sats": [
        0.5055762081784385,
        0.3207547169811323,
        0.09053497942386833
      ],
      "vals": [
        0.20784313725490203,
        0.47647058823529415,
        0.5274509803921568
      ],
      "variance": 0.6976071206453474
    }
  ]
}