{
  "group_name": "extratic\\assets\\extratic\\textures\\items\\dagger\\bop\\mud_dagger_blade.png",
  "segment_dicts": [
    {
      "equivalent": false,
      "hues": [
        0.13302752293577982,
        0.13366336633663367,
        0.1344086021505376
      ],
      "lightness": 0.7957219251336899,
      "sats": [
        0.6646341463414634,
        0.43162393162393153,
        0.26271186440677957
      ],
      "vals": [
        0.6431372549019608,
        0.9176470588235294,
        0.9254901960784314
      ],
      "variance": 0.06647447927978818
    }
  ]
}