{
  "group_name": "extratic\\assets\\extratic\\textures\\items\\excavator\\metallurgy3\\precious\\platinum_excavator_grip.png",
  "segment_dicts": [
    {
      "equivalent": false,
      "hues": [
        0.5990566037735849,
        0.6104651162790699,
        0.6116207951070337
      ],
      "lightness": 0.5235294117647059,
      "sats": [
        0.8113207547169812,
        0.7364864864864865,
        0.6625
      ],
      "vals": [
        0.41568627450980394,
        0.5803921568627451,
        0.6274509803921569
      ],
      "variance": 0.09156615144472265
    }
  ]
}