{
  "group_name": "extratic\\assets\\extratic\\textures\\items\\excavator\\generic\\amethyst_excavator_handle.png",
  "segment_dicts": [
    {
      "equivalent": false,
      "hues": [
        0.0
      ],
      "lightness": 0.656372549019608,
      "sats": [
        0.0
      ],
      "vals": [
        0.5294117647058824,
        0.689894419306184,
        0.8117647058823529
      ],
      "variance": 0.11797099199688019
    }
  ]
}