{
  "group_name": "extratic\\assets\\extratic\\textures\\items\\excavator\\metallurgy3\\precious\\platinum_excavator_grip.png",
  "segment_dicts": [
    {
      "equivalent": false,
      "hues": [
        0.06060606060606063,
        0.07246376811594196,
        0.09523809523809552
      ],
      "lightness": 0.7297385620915032,
      "sats": [
        0.16058394160583936,
        0.11111111111111113,
        0.02916666666666668
      ],
      "vals": [
        0.5372549019607843,
        0.8117647058823529,
        0.9411764705882353
      ],
      "variance": 0.09310318313108785
    }
  ]
}