{
  "group_name": "runicdungeons\\assets\\runicdungeons\\textures\\items\\amuletFResist.png",
  "segment_dicts": [
    {
      "equivalent": false,
      "hues": [
        0.0
      ],
      "lightness": 0.9285067873303168,
      "sats": [
        0.0
      ],
      "vals": [
        0.8980392156862745,
        0.9333333333333333,
        0.9607843137254902
      ],
      "variance": 0.24792175984252332
    },
    {
      "equivalent": false,
      "hues": [
        0.033415841584158425,
        0.12533333333333332,
        0.12767584097859327
      ],
      "lightness": 0.87715951245363,
      "sats": [
        1.0,
        0.9803921568627451,
        0.9688888888888889
      ],
      "vals": [
        0.7041394335511982,
        0.8823529411764706,
        1.0
      ],
      "variance": 0.2624346352885602
    },
    {
      "equivalent": false,
      "hues": [
        0.0
      ],
      "lightness": 0.9067961165048544,
      "sats": [
        0.0
      ],
      "vals": [
        0.0,
        0.8980392156862745,
        0.9333333333333333
      ],
      "variance": 0.2538575458703206
    }
  ]
}