{
  "group_name": "runicdungeons\\assets\\runicdungeons\\textures\\items\\dyeBeltlightblue.png",
  "segment_dicts": [
    {
      "equivalent": false,
      "hues": [
        0.0
      ],
      "lightness": 0.09400059287185604,
      "sats": [
        0.16666666666666688,
        0.16666666666666674,
        0.1536458333333336
      ],
      "vals": [
        0.06023529411764706,
        0.11764705882352942,
        0.11764705882352944
      ],
      "variance": 4.7943804622169095
    }
  ]
}