{
  "group_name": "runicdungeons\\assets\\runicdungeons\\textures\\items\\dyeBeltlightblue.png",
  "segment_dicts": [
    {
      "equivalent": false,
      "hues": [
        0.6418300653594771,
        0.6418300653594772,
        0.6425013562164028
      ],
      "lightness": 0.8064672438299519,
      "sats": [
        1.0
      ],
      "vals": [
        0.5301176470588237,
        1.0
      ],
      "variance": 0.2334261473519614
    }
  ]
}