{
  "group_name": "extratic\\assets\\extratic\\textures\\items\\longsword\\natura\\darkwood_longsword_blade.png",
  "segment_dicts": [
    {
      "equivalent": false,
      "hues": [
        0.2790697674418605,
        0.2793764988009592,
        0.2962962962962963
      ],
      "lightness": 0.6945198592257416,
      "sats": [
        1.0,
        0.792626728110599,
        0.5604838709677419
      ],
      "vals": [
        0.5294117647058825,
        0.8509803921568627,
        0.972549019607843
      ],
      "variance": 0.1913942466892294
    }
  ]
}