{
  "group_name": "iron_leggings",
  "segment_dicts": [
    {
      "colorize": true,
      "hues": [
        0.0,
        0.0,
        0.0,
        0.0,
        0.0,
        0.0,
        0.0,
        0.0,
        0.0,
        0.0,
        0.0
      ],
      "id": 0,
      "lightness": 0.30311624649859936,
      "sats": [
        0.0,
        0.0,
        0.0,
        0.0,
        0.0,
        0.0,
        0.0,
        0.0,
        0.0,
        0.0,
        0.0
      ],
      "vals": [
        0.09803921568627451,
        0.09803921568627451,
        0.09803921568627451,
        0.17647058823529413,
        0.17647058823529413,
        0.27058823529411763,
        0.27058823529411763,
        0.27058823529411763,
        0.5882352941176471,
        0.5882352941176471,
        0.5882352941176471
      ],
      "variance": 0.6739526540654969
    }
  ]
}