{
  "group_name": "nugget",
  "segment_dicts": [
    {
      "colorize": true,
      "hues": [
        0.08239700374531833,
        0.08239700374531833,
        0.08239700374531833,
        0.08239700374531833,
        0.08239700374531833,
        0.08239700374531833,
        0.08239700374531833,
        0.08239700374531833,
        0.08239700374531833,
        0.08239700374531833,
        0.08239700374531833,
        0.08239700374531833
      ],
      "id": 0,
      "lightness": 0.8189158016147635,
      "sats": [
        1.0,
        1.0,
        0.946808510638298,
        0.946808510638298,
        0.946808510638298,
        0.8516746411483254,
        0.8516746411483254,
        0.7478991596638654,
        0.7035573122529644,
        0.5372549019607843,
        0.38431372549019605,
        0.38431372549019605
      ],
      "vals": [
        0.615686274509804,
        0.615686274509804,
        0.7372549019607844,
        0.7372549019607844,
        0.7372549019607844,
        0.8196078431372549,
        0.8196078431372549,
        0.9333333333333333,
        0.9921568627450981,
        1.0,
        1.0,
        1.0
      ],
      "variance": 0.2223185453533157
    }
  ]
}