{
  "group_name": "nugget",
  "segment_dicts": [
    {
      "colorize": true,
      "hues": [
        0.08333333333333454,
        0.08333333333333454,
        0.10606060606060597,
        0.1222222222222224,
        0.12499999999999983,
        0.19444444444444436,
        0.19444444444444436,
        0.22916666666666646,
        0.22916666666666646,
        0.22916666666666646,
        0.3333333333333333,
        0.3333333333333333
      ],
      "id": 0,
      "lightness": 0.6928489042675894,
      "sats": [
        0.0808080808080808,
        0.07177033492822968,
        0.07017543859649115,
        0.07017543859649115,
        0.0551181102362205,
        0.0551181102362205,
        0.054049121343275816,
        0.054049121343275816,
        0.052980132450331126,
        0.052980132450331126,
        0.052980132450331126,
        0.046610169491525494
      ],
      "vals": [
        0.4980392156862745,
        0.4980392156862745,
        0.592156862745098,
        0.592156862745098,
        0.592156862745098,
        0.6705882352941176,
        0.6705882352941176,
        0.7764705882352941,
        0.8196078431372549,
        0.9254901960784314,
        0.9921568627450981,
        0.9921568627450981
      ],
      "variance": 0.23259925945310755
    }
  ]
}