{
  "group_name": "shears",
  "segment_dicts": [
    {
      "colorize": true,
      "hues": [
        0.04487179487179488,
        0.04487179487179488,
        0.04487179487179488,
        0.04487179487179488,
        0.04487179487179488,
        0.04487179487179488,
        0.04487179487179488,
        0.04487179487179488,
        0.04504504504504503,
        0.04504504504504503,
        0.04504504504504503
      ],
      "id": 0,
      "lightness": 0.3198879551820728,
      "sats": [
        0.46464646464646464,
        0.46464646464646464,
        0.4352941176470588,
        0.4352941176470588,
        0.4352941176470588,
        0.3999999999999999,
        0.3999999999999999,
        0.37681159420289845,
        0.37681159420289845,
        0.37681159420289845,
        0.37681159420289845
      ],
      "vals": [
        0.3333333333333333,
        0.3333333333333333,
        0.3333333333333333,
        0.3333333333333333,
        0.3333333333333333,
        0.3333333333333333,
        0.3333333333333333,
        0.3333333333333333,
        0.3333333333333333,
        0.3333333333333333,
        0.3333333333333333
      ],
      "variance": 0.67671523424192
    },
    {
      "colorize": true,
      "hues": [
        0.0,
        0.0,
        0.0,
        0.0,
        0.0,
        0.0,
        0.0,
        0.0,
        0.0,
        0.0
      ],
      "id": 1,
      "lightness": 0.5435294117647058,
      "sats": [
        0.0,
        0.0,
        0.0,
        0.0,
        0.0,
        0.0,
        0.0,
        0.0,
        0.0,
        0.0
      ],
      "vals": [
        0.15294117647058825,
        0.3411764705882353,
        0.3411764705882353,
        0.3411764705882353,
        0.3411764705882353,
        0.6352941176470588,
        0.6352941176470588,
        0.6352941176470588,
        0.9137254901960784,
        0.9137254901960784
      ],
      "variance": 0.3982729321295984
    }
  ]
}