{
  "group_name": "extratic\\assets\\extratic\\textures\\items\\excavator\\metallurgy3\\precious\\brass_excavator_head.png",
  "segment_dicts": [
    {
      "equivalent": false,
      "hues": [
        0.6666666666666666,
        0.7162162162162162,
        0.7169459962756052
      ],
      "lightness": 0.1659826721386229,
      "sats": [
        0.4631306597671411,
        0.451219512195122,
        0.26086956521739135
      ],
      "vals": [
        0.09019607843137253,
        0.16840958605664488,
        0.3215686274509804
      ],
      "variance": 0.9386236110682215
    }
  ]
}