{
  "group_name": "extratic\\assets\\extratic\\textures\\items\\excavator\\metallurgy3\\precious\\brass_excavator_head.png",
  "segment_dicts": [
    {
      "equivalent": false,
      "hues": [
        0.1494252873563219,
        0.16666666666666666,
        0.18974132863021756
      ],
      "lightness": 0.8737802097583218,
      "sats": [
        0.29743589743589743,
        0.26532522227421623,
        0.2088353413654618
      ],
      "vals": [
        0.7647058823529411,
        0.9311546840958606,
        0.9764705882352941
      ],
      "variance": 0.046877267516621544
    }
  ]
}