{
  "group_name": "extratic\\assets\\extratic\\textures\\items\\pickmattock\\metallurgy3\\nether\\ceruclase_pickmattock_handle.png",
  "segment_dicts": [
    {
      "equivalent": false,
      "hues": [
        0.3867521367521367,
        0.39000000000000007,
        0.39102564102564097
      ],
      "lightness": 0.3649178590355061,
      "sats": [
        0.3937007874015748,
        0.38805970149253755,
        0.3861386138613862
      ],
      "vals": [
        0.26274509803921575,
        0.39607843137254906,
        0.4980392156862745
      ],
      "variance": 0.137244375197524
    }
  ]
}