{
  "group_name": "extratic\\assets\\extratic\\textures\\items\\pickaxe\\tcon\\glue_pickaxe_accessory.png",
  "segment_dicts": [
    {
      "equivalent": false,
      "hues": [
        0.16921296296296298,
        0.16929133858267717,
        0.1834030683403068
      ],
      "lightness": 0.6985294117647058,
      "sats": [
        1.0,
        0.989010989010989,
        0.5799086757990868
      ],
      "vals": [
        0.5709803921568628,
        0.8588235294117647,
        0.9372549019607843
      ],
      "variance": 0.05566582191622711
    }
  ]
}