{
  "group_name": "extratic\\assets\\extratic\\textures\\items\\arrow\\metallurgy3\\nether\\amordrine_arrow_head.png",
  "segment_dicts": [
    {
      "equivalent": false,
      "hues": [
        0.5990566037735849,
        0.6003086419753086,
        0.6116207951070337
      ],
      "lightness": 0.5862745098039215,
      "sats": [
        0.7364864864864865,
        0.7346938775510203,
        0.6625
      ],
      "vals": [
        0.5764705882352941,
        0.5803921568627451,
        0.6274509803921569
      ],
      "variance": 0.13324594755957594
    }
  ]
}