{
  "group_name": "extratic\\assets\\extratic\\textures\\items\\bolt\\generic\\sapphire_bolt_shaft.png",
  "segment_dicts": [
    {
      "equivalent": false,
      "hues": [
        0.13333333333333333,
        0.13382218148487626,
        0.13399503722084363
      ],
      "lightness": 0.8600713012477718,
      "sats": [
        0.5978260869565217,
        0.5180436847103513,
        0.2816212438853948
      ],
      "vals": [
        0.7215686274509804,
        0.9176470588235294,
        0.9352941176470588
      ],
      "variance": 0.03285021304113673
    }
  ]
}