{
  "group_name": "extratic\\assets\\extratic\\textures\\items\\parts\\twilightforest\\knightmetal_toughbind.png",
  "segment_dicts": [
    {
      "equivalent": false,
      "hues": [
        0.13333333333333336,
        0.1337767117313563,
        0.1344086021505376
      ],
      "lightness": 0.8680392156862745,
      "sats": [
        0.5978260869565216,
        0.48995726495726494,
        0.2627118644067797
      ],
      "vals": [
        0.7215686274509803,
        0.9176470588235295,
        0.9254901960784314
      ],
      "variance": 0.05741561782395973
    }
  ]
}