{
  "group_name": "extratic\\assets\\extratic\\textures\\items\\longsword\\natura\\darkwood_longsword_blade.png",
  "segment_dicts": [
    {
      "equivalent": false,
      "hues": [
        0.10000000000000038,
        0.10256410256410255,
        0.12830687830687829
      ],
      "lightness": 0.9858220211161388,
      "sats": [
        1.0,
        0.15600000000000003,
        0.06000000000000013
      ],
      "vals": [
        0.9803921568627451,
        0.9882352941176471
      ],
      "variance": 0.005363230243545368
    }
  ]
}