{
  "group_name": "thermalfoundation\\assets\\thermalfoundation\\textures\\items\\tool\\bronze\\BronzeBow_2.png",
  "segment_dicts": [
    {
      "equivalent": false,
      "hues": [
        0.0
      ],
      "lightness": 0.8470588235294118,
      "sats": [
        0.0
      ],
      "vals": [
        0.6941176470588235,
        0.8470588235294118,
        1.0
      ],
      "variance": 0.3861402292416445
    },
    {
      "equivalent": false,
      "hues": [
        0.108843537414966,
        0.10919540229885054,
        0.5766666666666667
      ],
      "lightness": 0.2536332179930796,
      "sats": [
        0.7153284671532847,
        0.6025974025974026,
        0.06963788300835645
      ],
      "vals": [
        0.13725490196078433,
        0.18771241830065358,
        0.5372549019607843
      ],
      "variance": 1.289592470918889
    },
    {
      "equivalent": false,
      "hues": [
        0.5756802721088435,
        0.576214405360134,
        0.5763556618819776
      ],
      "lightness": 0.41376393694732794,
      "sats": [
        0.6653402307998408,
        0.30638953040800604,
        0.2498406628425749
      ],
      "vals": [
        0.2815686274509803,
        0.6367647058823529,
        0.7691176470588235
      ],
      "variance": 0.7905074828704619
    }
  ]
}