{
  "group_name": "minecraft\\assets\\minecraft\\textures\\items\\iron_shovel.png",
  "segment_dicts": [
    {
      "equivalent": false,
      "hues": [
        0.543010752688172,
        0.5614035087719298,
        0.5633333333333334
      ],
      "lightness": 0.5254901960784315,
      "sats": [
        0.4702970297029703,
        0.35211267605633806,
        0.28527607361963186
      ],
      "vals": [
        0.39607843137254906,
        0.5568627450980392,
        0.6392156862745098
      ],
      "variance": 0.8074394648332647
    },
    {
      "equivalent": false,
      "hues": [
        0.5528455284552846,
        0.5589482612383376,
        0.5797101449275363
      ],
      "lightness": 0.7872122762148338,
      "sats": [
        0.4767441860465118,
        0.208046585494971,
        0.011274509803921529
      ],
      "vals": [
        0.3854341736694678,
        0.9259803921568628,
        1.0
      ],
      "variance": 0.5389925125874209
    },
    {
      "equivalent": false,
      "hues": [
        0.10576923076923078,
        0.10867293625914316,
        0.10919540229885057
      ],
      "lightness": 0.2996078431372549,
      "sats": [
        0.7249999999999999,
        0.7144456886898096,
        0.7123287671232877
      ],
      "vals": [
        0.15686274509803919,
        0.28627450980392155,
        0.5002801120448179
      ],
      "variance": 1.4161896372730038
    }
  ]
}