{
  "group_name": "tinker\\assets\\tinker\\textures\\items\\fishingrod\\slime_fishingrod_bobber.png",
  "segment_dicts": [
    {
      "equivalent": false,
      "hues": [
        0.0
      ],
      "lightness": 0.05434173669467787,
      "sats": [
        0.0
      ],
      "vals": [
        0.03529411764705882,
        0.16862745098039217
      ],
      "variance": 1.960462506125877
    }
  ]
}