{
  "group_name": "extratic\\assets\\extratic\\textures\\items\\battleaxe\\oodmod\\kroostyl_battleaxe_backhead.png",
  "segment_dicts": [
    {
      "equivalent": false,
      "hues": [
        0.13302752293577982,
        0.13372620126926565,
        0.1344086021505376
      ],
      "lightness": 0.7699346405228757,
      "sats": [
        0.6646341463414634,
        0.5351770984958757,
        0.2627118644067797
      ],
      "vals": [
        0.6431372549019608,
        0.8980392156862744,
        0.9254901960784314
      ],
      "variance": 0.06392582499890566
    }
  ]
}