{
  "group_name": "binniecore\\assets\\extrabees\\textures\\items\\machines\\template.blank.png",
  "segment_dicts": [
    {
      "equivalent": false,
      "hues": [
        0.13620071684587823,
        0.14124293785310735,
        0.5134952766531713
      ],
      "lightness": 0.49771411577304925,
      "sats": [
        0.8805970149253731,
        0.7439999999999999,
        0.1363134657836644
      ],
      "vals": [
        0.12254901960784309,
        0.5466063348416289,
        0.919607843137255
      ],
      "variance": 0.4225016572564501
    },
    {
      "equivalent": false,
      "hues": [
        0.5119658119658119,
        0.5247524752475247,
        0.5666666666666665
      ],
      "lightness": 0.5489156793459431,
      "sats": [
        0.1580226904376013,
        0.13099870298313876,
        0.08196721311475415
      ],
      "vals": [
        0.47843137254901963,
        0.503921568627451,
        0.6049019607843137
      ],
      "variance": 0.3830916963505319
    }
  ]
}