{
  "group_name": "extratic\\assets\\extratic\\textures\\items\\shovel\\natura\\ghostwood_shovel_handle.png",
  "segment_dicts": [
    {
      "equivalent": false,
      "hues": [
        0.09523809523809519
      ],
      "lightness": 0.33725490196078434,
      "sats": [
        0.5697674418604651
      ],
      "vals": [
        0.33725490196078434
      ],
      "variance": 0.37324863176262796
    },
    {
      "equivalent": false,
      "hues": [
        0.09114583333333333,
        0.09244264507422402,
        0.09523809523809519
      ],
      "lightness": 0.3859728506787331,
      "sats": [
        0.5951807228915663,
        0.5925925925925926,
        0.5697674418604651
      ],
      "vals": [
        0.33725490196078434,
        0.4068627450980392,
        0.4235294117647059
      ],
      "variance": 0.3261367489727378
    }
  ]
}