{
  "group_name": "extratic\\assets\\extratic\\textures\\items\\pickmattock\\aoa\\jade_pickmattock_head.png",
  "segment_dicts": [
    {
      "equivalent": false,
      "hues": [
        0.0859649122807018,
        0.09923664122137404,
        0.10899873257287707
      ],
      "lightness": 0.6037254901960785,
      "sats": [
        0.7987804878048781,
        0.7364341085271319,
        0.578021978021978
      ],
      "vals": [
        0.5058823529411764,
        0.6431372549019608,
        0.892156862745098
      ],
      "variance": 0.14550091823697167
    }
  ]
}