{
  "group_name": "extratic\\assets\\extratic\\textures\\items\\frypan\\metallurgy3\\precious\\brass_frypan_head_broken.png",
  "segment_dicts": [
    {
      "equivalent": false,
      "hues": [
        0.0
      ],
      "lightness": 0.3255882352941176,
      "sats": [
        0.0
      ],
      "vals": [
        0.0635165541626484,
        0.4549019607843137,
        0.6807631160572334
      ],
      "variance": 0.7746937234478324
    }
  ]
}