{
  "group_name": "extratic\\assets\\extratic\\textures\\items\\frypan\\metallurgy3\\precious\\brass_frypan_head_broken.png",
  "segment_dicts": [
    {
      "equivalent": false,
      "hues": [
        0.0
      ],
      "lightness": 0.3066993464052288,
      "sats": [
        0.0
      ],
      "vals": [
        0.12079717132754755,
        0.3843137254901961,
        0.5670376258611554
      ],
      "variance": 0.6788434962462292
    }
  ]
}