{
  "group_name": "binniecore\\assets\\botany\\textures\\blocks\\ceramic\\thickcrossed.1.png",
  "segment_dicts": [
    {
      "equivalent": false,
      "hues": [
        0.7192982456140351,
        0.7318840579710145,
        0.7331649831649831
      ],
      "lightness": 0.2630065359477124,
      "sats": [
        0.42577030812324934,
        0.4207317073170732,
        0.4082474226804124
      ],
      "vals": [
        0.21437908496732028,
        0.2377450980392157,
        0.35000000000000003
      ],
      "variance": 1.3948995864071474
    },
    {
      "equivalent": false,
      "hues": [
        0.7333333333333334
      ],
      "lightness": 0.23921568627450981,
      "sats": [
        0.4098360655737705
      ],
      "vals": [
        0.23921568627450981
      ],
      "variance": 1.5336273048367106
    }
  ]
}