{
  "group_name": "extrautils\\assets\\extrautils\\textures\\blocks\\ConnectedTextures\\etherealdarkglass_vertical.png",
  "segment_dicts": [
    {
      "equivalent": false,
      "hues": [
        0.12525788387857353,
        0.1409116175653141,
        0.15765918876048038
      ],
      "lightness": 0.9550245098039216,
      "sats": [
        0.8038379530916844,
        0.7701198630136986,
        0.7264197530864197
      ],
      "vals": [
        0.916078431372549,
        0.9196078431372549,
        0.9926470588235294
      ],
      "variance": 0.4896587812140609
    },
    {
      "equivalent": false,
      "hues": [
        0.14196818065178343,
        0.1600462379150904,
        0.16413255360623782
      ],
      "lightness": 0.9553921568627451,
      "sats": [
        0.6968884120171673,
        0.6253943217665615,
        0.5588235294117647
      ],
      "vals": [
        0.9137254901960784,
        0.9945098039215686,
        1.0
      ],
      "variance": 0.4894703542843993
    }
  ]
}