{
  "group_name": "binniecore\\assets\\extratrees\\textures\\blocks\\patterns\\barred2.1.png",
  "segment_dicts": [
    {
      "equivalent": false,
      "hues": [
        0.71869918699187,
        0.7297233942803563,
        0.0
      ],
      "lightness": 0.11737186102511178,
      "sats": [
        0.4545454545454546,
        0.41457725947521884,
        7.07767178198537e-16
      ],
      "vals": [
        0.05882352941176473,
        0.14945533769063185,
        0.221078431372549
      ],
      "variance": 1.183124347498616
    },
    {
      "equivalent": false,
      "hues": [
        0.7222222222222222,
        0.0
      ],
      "lightness": 0.08313725490196078,
      "sats": [
        0.45652173913043476,
        0.0
      ],
      "vals": [
        0.058823529411764705,
        0.1803921568627451
      ],
      "variance": 1.6703162337244608
    },
    {
      "equivalent": false,
      "hues": [
        0.0
      ],
      "lightness": 0.058823529411764705,
      "sats": [
        0.0
      ],
      "vals": [
        0.058823529411764705
      ],
      "variance": 2.360713610330571
    },
    {
      "equivalent": false,
      "hues": [
        0.7222222222222222,
        0.0
      ],
      "lightness": 0.09869281045751634,
      "sats": [
        0.46666666666666673,
        0.45652173913043476,
        0.0
      ],
      "vals": [
        0.058823529411764705,
        0.17647058823529413,
        0.1803921568627451
      ],
      "variance": 1.4070478472168968
    }
  ]
}