{
  "group_name": "extratic\\assets\\extratic\\textures\\items\\excavator\\generic\\amethyst_excavator_handle.png",
  "segment_dicts": [
    {
      "equivalent": false,
      "hues": [
        0.09923664122137404,
        0.11021505376344087,
        0.11052366565961735
      ],
      "lightness": 0.7855392156862745,
      "sats": [
        0.7987804878048781,
        0.5794392523364486,
        0.575152041702867
      ],
      "vals": [
        0.6431372549019608,
        0.8392156862745098,
        0.9027450980392157
      ],
      "variance": 0.06738827421810323
    }
  ]
}