{
  "group_name": "extratic\\assets\\extratic\\textures\\items\\crossbow\\metallurgy3\\fantasy\\oureclase_crossbow_binding.png",
  "segment_dicts": [
    {
      "equivalent": false,
      "hues": [
        0.17777777777777773,
        0.20370370370370372,
        0.20454545454545459
      ],
      "lightness": 0.9382352941176471,
      "sats": [
        0.2672064777327935,
        0.25641025641025633,
        0.2530120481927711
      ],
      "vals": [
        0.9176470588235294,
        0.9686274509803922,
        0.9764705882352941
      ],
      "variance": 0.009515975270047723
    }
  ]
}