{
  "group_name": "extratic\\assets\\extratic\\textures\\items\\bolt\\generic\\sapphire_bolt_head.png",
  "segment_dicts": [
    {
      "equivalent": false,
      "hues": [
        0.5813008130081299,
        0.5833333333333334,
        0.5941358024691358
      ],
      "lightness": 0.5298474945533769,
      "sats": [
        0.5373134328358209,
        0.2857142857142856,
        0.11294765840220378
      ],
      "vals": [
        0.19215686274509802,
        0.5254901960784314,
        0.7117647058823529
      ],
      "variance": 0.15185455325523334
    }
  ]
}