{
  "group_name": "extratic\\assets\\extratic\\textures\\items\\bolt\\generic\\sapphire_bolt_shaft.png",
  "segment_dicts": [
    {
      "equivalent": false,
      "hues": [
        0.5833333333333334,
        0.5836363636363636,
        0.5974747474747475
      ],
      "lightness": 0.4461675579322638,
      "sats": [
        0.5699481865284974,
        0.2857142857142858,
        0.27445109780439114
      ],
      "vals": [
        0.19215686274509808,
        0.5045751633986928,
        0.6549019607843136
      ],
      "variance": 0.33375202296258677
    }
  ]
}