{
  "group_name": "extratic\\assets\\extratic\\textures\\items\\battlesign\\natura\\netherquartz_battlesign_handle.png",
  "segment_dicts": [
    {
      "equivalent": false,
      "hues": [
        0.2706855791962175,
        0.2719881744271988,
        0.2727272727272727
      ],
      "lightness": 0.37359477124183005,
      "sats": [
        0.739344262295082,
        0.7369727047146402,
        0.6778846153846154
      ],
      "vals": [
        0.2392156862745098,
        0.526797385620915,
        0.8156862745098039
      ],
      "variance": 0.41622473993274506
    }
  ]
}