{
  "group_name": "extratic\\assets\\extratic\\textures\\items\\parts\\twilightforest\\knightmetal_rod.png",
  "segment_dicts": [
    {
      "equivalent": false,
      "hues": [
        0.557742782152231,
        0.5715488215488215,
        0.5725244072524407
      ],
      "lightness": 0.8294970161977835,
      "sats": [
        1.0,
        0.5799086757990868
      ],
      "vals": [
        0.7764705882352941,
        0.8588235294117647,
        0.9372549019607843
      ],
      "variance": 0.15437945951974458
    },
    {
      "equivalent": false,
      "hues": [
        0.5567375886524822
      ],
      "lightness": 0.5607843137254902,
      "sats": [
        0.986013986013986
      ],
      "vals": [
        0.5607843137254902
      ],
      "variance": 0.2283539284170135
    }
  ]
}