{
  "group_name": "extratic\\assets\\extratic\\textures\\items\\parts\\metallurgy3\\precious\\silver_sword_blade.png",
  "segment_dicts": [
    {
      "equivalent": false,
      "hues": [
        0.5567375886524822,
        0.557742782152231,
        0.5725244072524407
      ],
      "lightness": 0.7318394024276377,
      "sats": [
        1.0,
        0.986013986013986,
        0.5799086757990868
      ],
      "vals": [
        0.5607843137254902,
        0.8588235294117647,
        0.9372549019607843
      ],
      "variance": 0.19315522468777824
    },
    {
      "equivalent": false,
      "hues": [
        0.5567375886524822
      ],
      "lightness": 0.5607843137254902,
      "sats": [
        0.986013986013986
      ],
      "vals": [
        0.5607843137254902
      ],
      "variance": 0.25207303548165266
    }
  ]
}