{
  "group_name": "extratic\\assets\\extratic\\textures\\items\\parts\\metallurgy3\\precious\\silver_sword_blade.png",
  "segment_dicts": [
    {
      "equivalent": false,
      "hues": [
        0.8386666666666667,
        0.8389121338912134,
        0.8743961352657005
      ],
      "lightness": 0.7275443510737629,
      "sats": [
        1.0,
        0.9857142857142858,
        0.5681818181818182
      ],
      "vals": [
        0.5490196078431373,
        0.8627450980392157,
        0.9372549019607843
      ],
      "variance": 0.12420269178986654
    },
    {
      "equivalent": false,
      "hues": [
        0.8743961352657005
      ],
      "lightness": 0.5490196078431373,
      "sats": [
        0.9857142857142858
      ],
      "vals": [
        0.5490196078431373
      ],
      "variance": 0.16458968952834016
    }
  ]
}