{
  "group_name": "extratic\\assets\\extratic\\textures\\items\\parts\\bop\\mud_binding.png",
  "segment_dicts": [
    {
      "equivalent": false,
      "hues": [
        0.8386666666666667,
        0.8389121338912133,
        0.8745438935393861
      ],
      "lightness": 0.6225490196078431,
      "sats": [
        1.0,
        0.9881230116648992,
        0.5681818181818182
      ],
      "vals": [
        0.5603089720736779,
        0.8627450980392157,
        0.9372549019607843
      ],
      "variance": 0.09235954005241839
    }
  ]
}