{
  "group_name": "extratic\\assets\\extratic\\textures\\items\\parts\\metallurgy3\\precious\\silver_sword_blade.png",
  "segment_dicts": [
    {
      "equivalent": false,
      "hues": [
        0.16904761904761903,
        0.16929133858267717,
        0.1834030683403068
      ],
      "lightness": 0.7299719887955182,
      "sats": [
        1.0,
        0.9859154929577465,
        0.5799086757990868
      ],
      "vals": [
        0.5568627450980392,
        0.8588235294117647,
        0.9372549019607843
      ],
      "variance": 0.11150734788959006
    },
    {
      "equivalent": false,
      "hues": [
        0.16904761904761903
      ],
      "lightness": 0.5568627450980392,
      "sats": [
        0.9859154929577465
      ],
      "vals": [
        0.5568627450980392
      ],
      "variance": 0.14617110090556926
    }
  ]
}