{
  "group_name": "binniecore\\assets\\extratrees\\textures\\blocks\\patterns\\barredcorner3.1.png",
  "segment_dicts": [
    {
      "equivalent": true,
      "hues": [
        0.0
      ],
      "lightness": 0.8632750397456279,
      "sats": [
        0.0
      ],
      "vals": [
        0.7064425770308123,
        0.9024390243902438,
        0.9742296918767507
      ],
      "variance": 0.5126228220837656
    },
    {
      "equivalent": true,
      "hues": [
        0.0
      ],
      "lightness": 0.9635854341736694,
      "sats": [
        0.0
      ],
      "vals": [
        0.9215686274509803,
        0.9607843137254902,
        1.0
      ],
      "variance": 0.45925817412171427
    },
    {
      "equivalent": true,
      "hues": [
        0.0
      ],
      "lightness": 0.6666666666666666,
      "sats": [
        0.0
      ],
      "vals": [
        0.6078431372549019,
        0.6862745098039216,
        0.7058823529411765
      ],
      "variance": 0.6638017306633182
    }
  ]
}