{
  "group_name": "binniecore\\assets\\extratrees\\textures\\blocks\\patterns\\creeper2.1.png",
  "segment_dicts": [
    {
      "equivalent": true,
      "hues": [
        0.0
      ],
      "lightness": 0.854631507775524,
      "sats": [
        0.0
      ],
      "vals": [
        0.6869070208728653,
        0.9064856711915535,
        0.9830065359477123
      ],
      "variance": 0.48111219561790175
    },
    {
      "equivalent": true,
      "hues": [
        0.0
      ],
      "lightness": 1.0,
      "sats": [
        0.0
      ],
      "vals": [
        1.0
      ],
      "variance": 0.41117364115012023
    },
    {
      "equivalent": true,
      "hues": [
        0.0
      ],
      "lightness": 0.5882352941176471,
      "sats": [
        0.0
      ],
      "vals": [
        0.5882352941176471
      ],
      "variance": 0.6989951899552044
    }
  ]
}