{
  "group_name": "binniecore\\assets\\extratrees\\textures\\blocks\\patterns\\curvedtsection4.1.png",
  "segment_dicts": [
    {
      "equivalent": true,
      "hues": [
        0.0
      ],
      "lightness": 0.7058823529411765,
      "sats": [
        0.0
      ],
      "vals": [
        0.7058823529411765
      ],
      "variance": 0.6034429997923003
    },
    {
      "equivalent": true,
      "hues": [
        0.0
      ],
      "lightness": 0.8695562435500517,
      "sats": [
        0.0
      ],
      "vals": [
        0.6906318082788669,
        0.9019607843137254,
        0.9792387543252595
      ],
      "variance": 0.48985878454537557
    },
    {
      "equivalent": true,
      "hues": [
        0.0
      ],
      "lightness": 0.6274509803921569,
      "sats": [
        0.0
      ],
      "vals": [
        0.5882352941176471,
        0.6274509803921569,
        0.6470588235294118
      ],
      "variance": 0.6788733747663379
    }
  ]
}