{
  "group_name": "binniecore\\assets\\extratrees\\textures\\blocks\\patterns\\curvedcorner4.1.png",
  "segment_dicts": [
    {
      "equivalent": true,
      "hues": [
        0.0
      ],
      "lightness": 0.8846153846153848,
      "sats": [
        0.0
      ],
      "vals": [
        0.6923076923076923,
        0.8946078431372548,
        0.9863597612958227
      ],
      "variance": 0.40955528542074654
    },
    {
      "equivalent": true,
      "hues": [
        0.0
      ],
      "lightness": 0.6568627450980392,
      "sats": [
        0.0
      ],
      "vals": [
        0.6274509803921569,
        0.6862745098039216
      ],
      "variance": 0.5515595290453913
    }
  ]
}