{
  "group_name": "binniecore\\assets\\extratrees\\textures\\blocks\\patterns\\curvedcorner3.1.png",
  "segment_dicts": [
    {
      "equivalent": true,
      "hues": [
        0.0
      ],
      "lightness": 0.6764705882352942,
      "sats": [
        0.0
      ],
      "vals": [
        0.6666666666666666,
        0.6862745098039216
      ],
      "variance": 0.5399339060109287
    },
    {
      "equivalent": true,
      "hues": [
        0.0
      ],
      "lightness": 0.8298039215686275,
      "sats": [
        0.0
      ],
      "vals": [
        0.6492374727668846,
        0.8879551820728291,
        0.9651416122004357
      ],
      "variance": 0.4401635103349963
    },
    {
      "equivalent": true,
      "hues": [
        0.0
      ],
      "lightness": 0.9506172839506171,
      "sats": [
        0.0
      ],
      "vals": [
        0.9117647058823529,
        0.9607843137254902,
        1.0
      ],
      "variance": 0.38422340217660833
    }
  ]
}