{
  "group_name": "binniecore\\assets\\extratrees\\textures\\blocks\\patterns\\diagonalbend2.0.png",
  "segment_dicts": [
    {
      "equivalent": false,
      "hues": [
        0.0
      ],
      "lightness": 0.9432404540763673,
      "sats": [
        0.0
      ],
      "vals": [
        0.7254901960784313,
        0.9064856711915535,
        0.9722222222222222
      ],
      "variance": 0.46335345500114494
    },
    {
      "equivalent": false,
      "hues": [
        0.0
      ],
      "lightness": 0.8469945355191257,
      "sats": [
        0.0
      ],
      "vals": [
        0.653250773993808,
        0.893048128342246,
        0.9803921568627452
      ],
      "variance": 0.5160053636299576
    },
    {
      "equivalent": false,
      "hues": [
        0.0
      ],
      "lightness": 0.6274509803921569,
      "sats": [
        0.0
      ],
      "vals": [
        0.6274509803921569
      ],
      "variance": 0.6965543714984317
    }
  ]
}