{
  "group_name": "binniecore\\assets\\botany\\textures\\blocks\\ceramic\\diagonalcurvedcorner2.0.png",
  "segment_dicts": [
    {
      "equivalent": false,
      "hues": [
        0.0
      ],
      "lightness": 0.9082858950031625,
      "sats": [
        0.0
      ],
      "vals": [
        0.6666666666666666,
        0.8954248366013071,
        0.9788838612368025
      ],
      "variance": 0.4615844311354046
    },
    {
      "equivalent": false,
      "hues": [
        0.0
      ],
      "lightness": 0.8739495798319327,
      "sats": [
        0.0
      ],
      "vals": [
        0.6176470588235294,
        0.9607843137254902,
        1.0
      ],
      "variance": 0.479719468752387
    },
    {
      "equivalent": false,
      "hues": [
        0.0
      ],
      "lightness": 0.840153452685422,
      "sats": [
        0.0
      ],
      "vals": [
        0.6352941176470588,
        0.8879551820728291,
        0.9815455594002307
      ],
      "variance": 0.4990167294001781
    },
    {
      "equivalent": false,
      "hues": [
        0.0
      ],
      "lightness": 0.8382352941176471,
      "sats": [
        0.0
      ],
      "vals": [
        0.7549019607843137,
        0.8823529411764706,
        0.9607843137254902
      ],
      "variance": 0.5001586441127643
    }
  ]
}