{
  "group_name": "binniecore\\assets\\extratrees\\textures\\blocks\\patterns\\diamond.0.png",
  "segment_dicts": [
    {
      "equivalent": true,
      "hues": [
        0.0
      ],
      "lightness": 0.6862745098039216,
      "sats": [
        0.0
      ],
      "vals": [
        0.6568627450980392,
        0.6862745098039216,
        0.7156862745098039
      ],
      "variance": 0.6516272663939375
    },
    {
      "equivalent": true,
      "hues": [
        0.0
      ],
      "lightness": 0.9006410256410257,
      "sats": [
        0.0
      ],
      "vals": [
        0.6568627450980392,
        0.8923654568210263,
        0.9890560875512996
      ],
      "variance": 0.49652988270335624
    },
    {
      "equivalent": true,
      "hues": [
        0.0
      ],
      "lightness": 0.7712418300653595,
      "sats": [
        0.0
      ],
      "vals": [
        0.6470588235294118,
        0.6666666666666666,
        1.0
      ],
      "variance": 0.5798378217912156
    }
  ]
}