{
  "group_name": "binniecore\\assets\\botany\\textures\\blocks\\ceramic\\emblem1.1.png",
  "segment_dicts": [
    {
      "equivalent": false,
      "hues": [
        0.0
      ],
      "lightness": 0.8033448673587081,
      "sats": [
        0.0
      ],
      "vals": [
        0.6162464985994398,
        0.6980392156862745,
        0.9423298731257208
      ],
      "variance": 0.5315475121208684
    },
    {
      "equivalent": false,
      "hues": [
        0.0
      ],
      "lightness": 0.8438546150167384,
      "sats": [
        0.0
      ],
      "vals": [
        0.7011289364230541,
        0.9039891818796484,
        0.9921568627450981
      ],
      "variance": 0.5060302545256805
    },
    {
      "equivalent": false,
      "hues": [
        0.0
      ],
      "lightness": 0.7647058823529411,
      "sats": [
        0.0
      ],
      "vals": [
        0.6470588235294118,
        0.8823529411764706
      ],
      "variance": 0.5584054935025412
    },
    {
      "equivalent": false,
      "hues": [
        0.0
      ],
      "lightness": 0.8597285067873304,
      "sats": [
        0.0
      ],
      "vals": [
        0.6797385620915033,
        0.8333333333333333,
        0.9712418300653595
      ],
      "variance": 0.4966869915891024
    }
  ]
}