{
  "group_name": "binniecore\\assets\\extratrees\\textures\\blocks\\patterns\\halved2.0.png",
  "segment_dicts": [
    {
      "equivalent": true,
      "hues": [
        0.0
      ],
      "lightness": 0.955100880932083,
      "sats": [
        0.0
      ],
      "vals": [
        0.9084967320261438,
        0.9607843137254902,
        1.0
      ],
      "variance": 0.4780512272864191
    },
    {
      "equivalent": true,
      "hues": [
        0.0
      ],
      "lightness": 0.8750700280112045,
      "sats": [
        0.0
      ],
      "vals": [
        0.7189542483660131,
        0.8970588235294117,
        0.9803921568627451
      ],
      "variance": 0.5217721253116397
    },
    {
      "equivalent": true,
      "hues": [
        0.0
      ],
      "lightness": 0.7777777777777777,
      "sats": [
        0.0
      ],
      "vals": [
        0.6114081996434938,
        0.8954248366013071,
        0.988795518207283
      ],
      "variance": 0.587040619258186
    },
    {
      "equivalent": true,
      "hues": [
        0.0
      ],
      "lightness": 0.6339869281045751,
      "sats": [
        0.0
      ],
      "vals": [
        0.5882352941176471,
        0.6470588235294118,
        0.6666666666666666
      ],
      "variance": 0.7201838524920012
    }
  ]
}