{
  "group_name": "binniecore\\assets\\botany\\textures\\blocks\\ceramic\\lettera.0.png",
  "segment_dicts": [
    {
      "equivalent": false,
      "hues": [
        0.0
      ],
      "lightness": 0.8524509803921569,
      "sats": [
        0.0
      ],
      "vals": [
        0.6847662141779789,
        0.8963585434173669,
        0.9728506787330317
      ],
      "variance": 0.43702597027019696
    },
    {
      "equivalent": false,
      "hues": [
        0.0
      ],
      "lightness": 0.7496229260935143,
      "sats": [
        0.0
      ],
      "vals": [
        0.6274509803921569,
        0.6928104575163399,
        0.9058823529411764
      ],
      "variance": 0.496974150397301
    },
    {
      "equivalent": false,
      "hues": [
        0.0
      ],
      "lightness": 0.7254901960784313,
      "sats": [
        0.0
      ],
      "vals": [
        0.5882352941176471,
        1.0
      ],
      "variance": 0.5135055150674815
    },
    {
      "equivalent": false,
      "hues": [
        0.0
      ],
      "lightness": 0.8151260504201681,
      "sats": [
        0.0
      ],
      "vals": [
        0.6797385620915033,
        0.8901960784313725,
        0.9607843137254902
      ],
      "variance": 0.4570375546476897
    }
  ]
}