{
  "group_name": "binniecore\\assets\\botany\\textures\\blocks\\ceramic\\letterf4.1.png",
  "segment_dicts": [
    {
      "equivalent": false,
      "hues": [
        0.0
      ],
      "lightness": 0.8715878508266051,
      "sats": [
        0.0
      ],
      "vals": [
        0.6953242835595776,
        0.896078431372549,
        0.9716775599128541
      ],
      "variance": 0.42913984953341594
    },
    {
      "equivalent": false,
      "hues": [
        0.0
      ],
      "lightness": 0.8721100380450687,
      "sats": [
        0.0
      ],
      "vals": [
        0.6873638344226579,
        0.900709219858156,
        0.976163014225298
      ],
      "variance": 0.42888289647177924
    },
    {
      "equivalent": false,
      "hues": [
        0.0
      ],
      "lightness": 0.8222222222222222,
      "sats": [
        0.0
      ],
      "vals": [
        0.6862745098039216,
        0.8823529411764706,
        0.9281045751633986
      ],
      "variance": 0.4549050962743168
    }
  ]
}