{
  "group_name": "binniecore\\assets\\extratrees\\textures\\blocks\\patterns\\letterb4.0.png",
  "segment_dicts": [
    {
      "equivalent": true,
      "hues": [
        0.0
      ],
      "lightness": 0.6405228758169934,
      "sats": [
        0.0
      ],
      "vals": [
        0.5980392156862745,
        0.6372549019607843,
        0.6862745098039216
      ],
      "variance": 0.6321300884000968
    },
    {
      "equivalent": true,
      "hues": [
        0.0
      ],
      "lightness": 0.8464849354375897,
      "sats": [
        0.0
      ],
      "vals": [
        0.6554621848739497,
        0.90559186637618,
        0.9854756717501815
      ],
      "variance": 0.4783236714108453
    }
  ]
}