{
  "group_name": "binniecore\\assets\\extratrees\\textures\\blocks\\patterns\\lettera4.1.png",
  "segment_dicts": [
    {
      "equivalent": true,
      "hues": [
        0.0
      ],
      "lightness": 0.8744448055465279,
      "sats": [
        0.0
      ],
      "vals": [
        0.6888642249352572,
        0.9034132171387073,
        0.9862215156332803
      ],
      "variance": 0.46091094449538855
    },
    {
      "equivalent": true,
      "hues": [
        0.0
      ],
      "lightness": 0.6352941176470588,
      "sats": [
        0.0
      ],
      "vals": [
        0.6078431372549019,
        0.6666666666666666,
        0.6862745098039216
      ],
      "variance": 0.6344166741639001
    }
  ]
}