{
  "group_name": "binniecore\\assets\\botany\\textures\\blocks\\ceramic\\multiply.1.png",
  "segment_dicts": [
    {
      "equivalent": false,
      "hues": [
        0.0
      ],
      "lightness": 0.8118191721132897,
      "sats": [
        0.0
      ],
      "vals": [
        0.6470588235294117,
        0.7467320261437909,
        0.9433551198257081
      ],
      "variance": 0.5227664577476954
    },
    {
      "equivalent": false,
      "hues": [
        0.0
      ],
      "lightness": 0.8462332301341589,
      "sats": [
        0.0
      ],
      "vals": [
        0.6764705882352942,
        0.9029927760577915,
        0.9831932773109244
      ],
      "variance": 0.5015069342881389
    },
    {
      "equivalent": false,
      "hues": [
        0.0
      ],
      "lightness": 0.8513931888544891,
      "sats": [
        0.0
      ],
      "vals": [
        0.680672268907563,
        0.9019607843137254,
        0.9754901960784313
      ],
      "variance": 0.49846749832275616
    },
    {
      "equivalent": false,
      "hues": [
        0.0
      ],
      "lightness": 0.8207282913165266,
      "sats": [
        0.0
      ],
      "vals": [
        0.7352941176470589,
        0.9019607843137254,
        1.0
      ],
      "variance": 0.5170917554901953
    }
  ]
}