{
  "group_name": "binniecore\\assets\\botany\\textures\\blocks\\ceramic\\multiply.0.png",
  "segment_dicts": [
    {
      "equivalent": false,
      "hues": [
        0.0
      ],
      "lightness": 0.8959787304752409,
      "sats": [
        0.0
      ],
      "vals": [
        0.6764705882352942,
        0.9117647058823529,
        0.9794584500466853
      ],
      "variance": 0.4961767077226394
    },
    {
      "equivalent": false,
      "hues": [
        0.0
      ],
      "lightness": 0.8511586452762925,
      "sats": [
        0.0
      ],
      "vals": [
        0.6386554621848739,
        0.9019607843137254,
        0.9679144385026739
      ],
      "variance": 0.5223042486191354
    },
    {
      "equivalent": false,
      "hues": [
        0.0
      ],
      "lightness": 0.8518518518518516,
      "sats": [
        0.0
      ],
      "vals": [
        0.6470588235294117,
        0.9068627450980392,
        0.9686274509803922
      ],
      "variance": 0.5218792160987527
    },
    {
      "equivalent": false,
      "hues": [
        0.0
      ],
      "lightness": 0.895424836601307,
      "sats": [
        0.0
      ],
      "vals": [
        0.8823529411764706,
        0.9215686274509803
      ],
      "variance": 0.4964836338068425
    }
  ]
}