{
  "group_name": "binniecore\\assets\\extratrees\\textures\\blocks\\patterns\\ornatebarred.1.png",
  "segment_dicts": [
    {
      "equivalent": true,
      "hues": [
        0.0
      ],
      "lightness": 0.8415329768270945,
      "sats": [
        0.0
      ],
      "vals": [
        0.7050479766374633,
        0.9073083778966131,
        0.9830065359477125
      ],
      "variance": 0.5056282001252851
    },
    {
      "equivalent": true,
      "hues": [
        0.0
      ],
      "lightness": 1.0,
      "sats": [
        0.0
      ],
      "vals": [
        1.0
      ],
      "variance": 0.42550280441915705
    },
    {
      "equivalent": true,
      "hues": [
        0.0
      ],
      "lightness": 0.5882352941176471,
      "sats": [
        0.0
      ],
      "vals": [
        0.5882352941176471
      ],
      "variance": 0.723354767512567
    }
  ]
}