{
  "group_name": "binniecore\\assets\\extratrees\\textures\\blocks\\patterns\\roundedbarredend3.0.png",
  "segment_dicts": [
    {
      "equivalent": true,
      "hues": [
        0.0
      ],
      "lightness": 0.9067431850789096,
      "sats": [
        0.0
      ],
      "vals": [
        0.6892911010558069,
        0.9080882352941176,
        0.981981981981982
      ],
      "variance": 0.4714911608924237
    },
    {
      "equivalent": true,
      "hues": [
        0.0
      ],
      "lightness": 0.611111111111111,
      "sats": [
        0.0
      ],
      "vals": [
        0.5882352941176471,
        0.6078431372549019,
        0.6862745098039216
      ],
      "variance": 0.6995804677595165
    }
  ]
}