{
  "group_name": "binniecore\\assets\\botany\\textures\\blocks\\ceramic\\stripedcorner4.0.png",
  "segment_dicts": [
    {
      "equivalent": false,
      "hues": [
        0.0
      ],
      "lightness": 0.9133126934984519,
      "sats": [
        0.0
      ],
      "vals": [
        0.6862745098039216,
        0.8823529411764706,
        0.9893048128342246
      ],
      "variance": 0.43788032771101426
    },
    {
      "equivalent": false,
      "hues": [
        0.0
      ],
      "lightness": 0.8603921568627451,
      "sats": [
        0.0
      ],
      "vals": [
        0.6862745098039216,
        0.892156862745098,
        0.9803921568627452
      ],
      "variance": 0.4648132346882018
    },
    {
      "equivalent": false,
      "hues": [
        0.0
      ],
      "lightness": 0.8947368421052632,
      "sats": [
        0.0
      ],
      "vals": [
        0.6906318082788672,
        0.894419306184012,
        0.9852137576342013
      ],
      "variance": 0.44697126877075843
    },
    {
      "equivalent": false,
      "hues": [
        0.0
      ],
      "lightness": 0.8846597462514417,
      "sats": [
        0.0
      ],
      "vals": [
        0.6750700280112044,
        0.8963585434173669,
        0.9849170437405732
      ],
      "variance": 0.4520626865032738
    }
  ]
}