{
  "group_name": "binniecore\\assets\\botany\\textures\\blocks\\ceramic\\thickdiagonal2edged.0.png",
  "segment_dicts": [
    {
      "equivalent": false,
      "hues": [
        0.0
      ],
      "lightness": 0.889576883384933,
      "sats": [
        0.0
      ],
      "vals": [
        0.6944444444444444,
        0.8957219251336898,
        0.9855072463768115
      ],
      "variance": 0.2914475438841601
    },
    {
      "equivalent": false,
      "hues": [
        0.0
      ],
      "lightness": 0.9435107376283847,
      "sats": [
        0.0
      ],
      "vals": [
        0.9064856711915535,
        0.9607843137254902,
        1.0
      ],
      "variance": 0.27478754339389394
    },
    {
      "equivalent": false,
      "hues": [
        0.0
      ],
      "lightness": 0.8520499108734403,
      "sats": [
        0.0
      ],
      "vals": [
        0.7254901960784313,
        0.8974358974358974,
        1.0
      ],
      "variance": 0.3042838153611106
    },
    {
      "equivalent": false,
      "hues": [
        0.0
      ],
      "lightness": 0.926470588235294,
      "sats": [
        0.0
      ],
      "vals": [
        0.8823529411764706,
        0.9215686274509803,
        0.9764705882352941
      ],
      "variance": 0.2798415848823682
    }
  ]
}