{
  "group_name": "binniecore\\assets\\extratrees\\textures\\blocks\\patterns\\thinstripedcorner.0.png",
  "segment_dicts": [
    {
      "equivalent": true,
      "hues": [
        0.0
      ],
      "lightness": 0.8319035947712418,
      "sats": [
        0.0
      ],
      "vals": [
        0.6600386633526651,
        0.8987375772226699,
        0.9844771241830065
      ],
      "variance": 0.4567649980870293
    }
  ]
}