{
  "group_name": "binniecore\\assets\\botany\\textures\\blocks\\ceramic\\thinbarredcorner4.0.png",
  "segment_dicts": [
    {
      "equivalent": false,
      "hues": [
        0.0
      ],
      "lightness": 0.7896613190730838,
      "sats": [
        0.0
      ],
      "vals": [
        0.6535947712418301,
        0.8823529411764706,
        0.9705882352941176
      ],
      "variance": 0.4826704974397582
    },
    {
      "equivalent": false,
      "hues": [
        0.0
      ],
      "lightness": 0.8892156862745099,
      "sats": [
        0.0
      ],
      "vals": [
        0.6715686274509804,
        0.8888888888888888,
        0.9764705882352941
      ],
      "variance": 0.42863191413413426
    },
    {
      "equivalent": false,
      "hues": [
        0.0
      ],
      "lightness": 0.8710010319917441,
      "sats": [
        0.0
      ],
      "vals": [
        0.6225490196078431,
        0.8970588235294117,
        0.9831932773109244
      ],
      "variance": 0.43759560285980664
    },
    {
      "equivalent": false,
      "hues": [
        0.0
      ],
      "lightness": 0.8865546218487395,
      "sats": [
        0.0
      ],
      "vals": [
        0.6993464052287582,
        0.7745098039215685,
        0.9738562091503268
      ],
      "variance": 0.42991848702016094
    }
  ]
}