{
  "group_name": "binniecore\\assets\\extratrees\\textures\\blocks\\patterns\\thinbarredcorner3.1.png",
  "segment_dicts": [
    {
      "equivalent": true,
      "hues": [
        0.0
      ],
      "lightness": 0.8656286043829297,
      "sats": [
        0.0
      ],
      "vals": [
        0.6965452847805789,
        0.8973717146433041,
        0.9849812265331666
      ],
      "variance": 0.4634010106354811
    },
    {
      "equivalent": true,
      "hues": [
        0.0
      ],
      "lightness": 0.9719887955182072,
      "sats": [
        0.0
      ],
      "vals": [
        0.8823529411764706,
        0.9215686274509803,
        0.9971305595408895
      ],
      "variance": 0.41269320382666563
    }
  ]
}