{
  "group_name": "binniecore\\assets\\extratrees\\textures\\blocks\\patterns\\thinstripedcorner2.0.png",
  "segment_dicts": [
    {
      "equivalent": true,
      "hues": [
        0.0
      ],
      "lightness": 0.8301674836601306,
      "sats": [
        0.0
      ],
      "vals": [
        0.6736326109391126,
        0.900230680507497,
        0.9787581699346405
      ],
      "variance": 0.4554478291500913
    }
  ]
}