{
  "group_name": "binniecore\\assets\\extratrees\\textures\\blocks\\patterns\\thincurvedtsection.0.png",
  "segment_dicts": [
    {
      "equivalent": true,
      "hues": [
        0.0
      ],
      "lightness": 0.8810099382218641,
      "sats": [
        0.0
      ],
      "vals": [
        0.6897347174163784,
        0.8997821350762527,
        0.9756592292089249
      ],
      "variance": 0.4653881407885877
    },
    {
      "equivalent": true,
      "hues": [
        0.0
      ],
      "lightness": 0.7183600713012478,
      "sats": [
        0.0
      ],
      "vals": [
        0.6339869281045751,
        0.7254901960784315,
        0.8823529411764706
      ],
      "variance": 0.570760532977064
    }
  ]
}