{
  "group_name": "binniecore\\assets\\botany\\textures\\blocks\\ceramic\\thincorner2.1.png",
  "segment_dicts": [
    {
      "equivalent": false,
      "hues": [
        0.0
      ],
      "lightness": 0.909982174688057,
      "sats": [
        0.0
      ],
      "vals": [
        0.690631808278867,
        0.9068627450980392,
        0.978494623655914
      ],
      "variance": 0.4965244111663961
    },
    {
      "equivalent": false,
      "hues": [
        0.0
      ],
      "lightness": 0.8369453044375643,
      "sats": [
        0.0
      ],
      "vals": [
        0.6993464052287581,
        0.9215686274509803,
        0.9775910364145659
      ],
      "variance": 0.539854111210454
    },
    {
      "equivalent": false,
      "hues": [
        0.0
      ],
      "lightness": 0.9144385026737968,
      "sats": [
        0.0
      ],
      "vals": [
        0.6862745098039216,
        0.9006535947712417,
        0.9738562091503268
      ],
      "variance": 0.49410470156032205
    },
    {
      "equivalent": false,
      "hues": [
        0.0
      ],
      "lightness": 0.8137254901960783,
      "sats": [
        0.0
      ],
      "vals": [
        0.6666666666666666,
        0.9215686274509803,
        1.0
      ],
      "variance": 0.5552589526844365
    }
  ]
}