{
  "group_name": "binniecore\\assets\\extratrees\\textures\\blocks\\patterns\\tsection.0.png",
  "segment_dicts": [
    {
      "equivalent": true,
      "hues": [
        0.0
      ],
      "lightness": 0.9156734589260542,
      "sats": [
        0.0
      ],
      "vals": [
        0.6937441643323996,
        0.8999599839935974,
        0.9811008740845737
      ],
      "variance": 0.48880452757065823
    },
    {
      "equivalent": true,
      "hues": [
        0.0
      ],
      "lightness": 0.7563025210084033,
      "sats": [
        0.0
      ],
      "vals": [
        0.6813725490196079,
        0.7254901960784313,
        0.9215686274509803
      ],
      "variance": 0.5918072729713502
    }
  ]
}