{
  "group_name": "extratic\\assets\\extratic\\textures\\items\\longbow\\generic\\sapphire_bow_bottom.png",
  "segment_dicts": [
    {
      "equivalent": false,
      "hues": [
        0.6666666666666666
      ],
      "lightness": 0.2748235294117647,
      "sats": [
        1.0,
        0.9741379310344828
      ],
      "vals": [
        0.1647058823529412,
        0.2784313725490196,
        0.4549019607843137
      ],
      "variance": 0.7862276254227534
    }
  ]
}