{
  "group_name": "extratic\\assets\\extratic\\textures\\items\\longbow\\fun_stuff\\pokefennium_bow_grip.png",
  "segment_dicts": [
    {
      "equivalent": false,
      "hues": [
        0.456439393939394,
        0.4567901234567901
      ],
      "lightness": 0.4647058823529411,
      "sats": [
        0.6,
        0.5986394557823129
      ],
      "vals": [
        0.35294117647058826,
        0.5764705882352941
      ],
      "variance": 0.24354613046386545
    }
  ]
}