{
  "group_name": "extratic\\assets\\extratic\\textures\\items\\longbow\\generic\\amethyst_bow_top_1.png",
  "segment_dicts": [
    {
      "equivalent": false,
      "hues": [
        0.45498783454987834,
        0.4558991981672394,
        0.4567901234567901
      ],
      "lightness": 0.6044624746450304,
      "sats": [
        0.6,
        0.597535934291581,
        0.5591836734693878
      ],
      "vals": [
        0.35294117647058826,
        0.6366013071895424,
        0.9607843137254902
      ],
      "variance": 0.21642029998684453
    }
  ]
}