{
  "group_name": "extratic\\assets\\extratic\\textures\\items\\battleaxe\\oodmod\\kroostyl_battleaxe_backhead.png",
  "segment_dicts": [
    {
      "equivalent": false,
      "hues": [
        0.7474937343358397,
        0.7505216484089723,
        0.7570921985815603
      ],
      "lightness": 0.5928830791575889,
      "sats": [
        1.0,
        0.967448902346707,
        0.40343347639484983
      ],
      "vals": [
        0.4172549019607843,
        0.7400560224089636,
        0.9137254901960784
      ],
      "variance": 0.23981006485731002
    }
  ]
}