{
  "group_name": "extratic\\assets\\extratic\\textures\\items\\battleaxe\\oodmod\\kroostyl_battleaxe_backhead.png",
  "segment_dicts": [
    {
      "equivalent": false,
      "hues": [
        0.0
      ],
      "lightness": 0.3962236746550472,
      "sats": [
        0.5989417989417989,
        0.597609561752988,
        0.35922330097087374
      ],
      "vals": [
        0.19686274509803925,
        0.5294117647058824,
        0.807843137254902
      ],
      "variance": 0.511653398924049
    }
  ]
}