{
  "group_name": "chisel\\assets\\chisel\\textures\\blocks\\glasspanedyed\\lime-quad-fancy-top.png",
  "segment_dicts": [
    {
      "equivalent": false,
      "hues": [
        0.4906526456351193,
        0.4934895833333333,
        0.4943483275663207
      ],
      "lightness": 0.7707692807504077,
      "sats": [
        0.825889164598842,
        0.5245901639344261,
        0.3924497555676263
      ],
      "vals": [
        0.5926470588235294,
        0.9568627450980393,
        0.9626143790849673
      ],
      "variance": 0.12776520824491966
    }
  ]
}