{
  "group_name": "chisel\\assets\\chisel\\textures\\blocks\\glasspanedyed\\blue-panel-fancy-side.png",
  "segment_dicts": [
    {
      "equivalent": false,
      "hues": [
        0.4909922143762448,
        0.49310536202185795,
        0.49391768038660216
      ],
      "lightness": 0.8578231171939381,
      "sats": [
        0.7949050086355784,
        0.7020530496028773,
        0.4155529395471224
      ],
      "vals": [
        0.6263691683569983,
        0.9413175342079275,
        0.9598537720172815
      ],
      "variance": 0.15778646624494763
    }
  ]
}