{
  "group_name": "chisel\\assets\\chisel\\textures\\blocks\\glassdyed\\blue-transparent.png",
  "segment_dicts": [
    {
      "equivalent": false,
      "hues": [
        0.6111111111111011,
        0.6111111111111112,
        0.6666666666666666
      ],
      "lightness": 0.27372164297244794,
      "sats": [
        0.008823529411764675,
        0.003285870755750371,
        2.1127378453687679e-16
      ],
      "vals": [
        0.22222222222222224,
        0.2627450980392157,
        0.3768833849329205
      ],
      "variance": 0.1254471295812321
    }
  ]
}