{
  "group_name": "chisel\\assets\\chisel\\textures\\blocks\\glasspanedyed\\blue-quad-side.png",
  "segment_dicts": [
    {
      "equivalent": false,
      "hues": [
        0.5802310654685495,
        0.5882838283828383,
        0.6064836725035495
      ],
      "lightness": 0.8595200741830948,
      "sats": [
        0.8949597628123676,
        0.8278688524590165,
        0.48370071406395515
      ],
      "vals": [
        0.6172549019607845,
        0.9568627450980391,
        0.9716440422322776
      ],
      "variance": 0.1700031760723621
    }
  ]
}