{
  "group_name": "chisel\\assets\\chisel\\textures\\blocks\\glasspanedyed\\blue-panel-fancy-side.png",
  "segment_dicts": [
    {
      "equivalent": false,
      "hues": [
        0.5816843900031409,
        0.5882524491423538,
        0.6047352321932228
      ],
      "lightness": 0.8714630278785606,
      "sats": [
        0.8845667299177739,
        0.8255844806745481,
        0.5097084048027445
      ],
      "vals": [
        0.6413793103448278,
        0.9569473832698547,
        0.9687603855101363
      ],
      "variance": 0.15448323638772826
    }
  ]
}