{
  "group_name": "chisel\\assets\\chisel\\textures\\blocks\\glassdyed\\blue-transparent.png",
  "segment_dicts": [
    {
      "equivalent": false,
      "hues": [
        0.6111111111111112,
        0.0
      ],
      "lightness": 0.6490988918436253,
      "sats": [
        0.004149377593360981,
        0.0019723865877710844,
        0.0
      ],
      "vals": [
        0.4725490196078431,
        0.6278637770897832,
        0.6588235294117647
      ],
      "variance": 0.04945205295237563
    }
  ]
}