{
  "group_name": "chisel\\assets\\chisel\\textures\\blocks\\glassdyed\\blue-bubble.png",
  "segment_dicts": [
    {
      "equivalent": false,
      "hues": [
        0.22014593344011382,
        0.22415780978135547,
        0.2328643578643578
      ],
      "lightness": 0.5498131298700738,
      "sats": [
        0.6890380313199101,
        0.6000830251339724,
        0.2648472850678731
      ],
      "vals": [
        0.28426073131955476,
        0.5678345655201972,
        0.7703703703703703
      ],
      "variance": 0.241770031017626
    }
  ]
}