{
  "group_name": "chisel\\assets\\chisel\\textures\\blocks\\glasspanedyed\\lime-quad-fancy-top.png",
  "segment_dicts": [
    {
      "equivalent": false,
      "hues": [
        0.8697220942729925,
        0.8755020080321285,
        0.9028909584788514
      ],
      "lightness": 0.6369498123093187,
      "sats": [
        0.9913444893248702,
        0.7904761904761904,
        0.6543098251959012
      ],
      "vals": [
        0.42475490196078436,
        0.8235294117647058,
        0.8674509803921568
      ],
      "variance": 0.22133708670014773
    }
  ]
}