{
  "group_name": "chisel\\assets\\chisel\\textures\\blocks\\glasspanedyed\\blue-quad-fancy-side.png",
  "segment_dicts": [
    {
      "equivalent": false,
      "hues": [
        0.06533291653641764,
        0.0883901992214335,
        0.10487297712684197
      ],
      "lightness": 0.7823606189955776,
      "sats": [
        0.9925535215637606,
        0.976520572450805,
        0.6965803891932745
      ],
      "vals": [
        0.5745098039215688,
        0.8768627450980391,
        0.9434937611408201
      ],
      "variance": 0.21254135046953243
    }
  ]
}