{
  "group_name": "chisel\\assets\\chisel\\textures\\blocks\\glasspanedyed\\blue-quad-fancy-side.png",
  "segment_dicts": [
    {
      "equivalent": false,
      "hues": [
        0.7697184612078228,
        0.7845030325535339,
        0.7964396284829722
      ],
      "lightness": 0.5165600756673575,
      "sats": [
        0.984761904761905,
        0.9624731951393855,
        0.6167064439140812
      ],
      "vals": [
        0.2807486631016045,
        0.5486274509803921,
        0.7468805704099818
      ],
      "variance": 0.37774467483831115
    }
  ]
}