{
  "group_name": "chisel\\assets\\chisel\\textures\\blocks\\glasspanedyed\\lime-quad-fancy-top.png",
  "segment_dicts": [
    {
      "equivalent": false,
      "hues": [
        0.7680751173708921,
        0.7916666666666666,
        0.7971554028255059
      ],
      "lightness": 0.4995165229821403,
      "sats": [
        0.9861111111111112,
        0.7441860465116279,
        0.6035257518147252
      ],
      "vals": [
        0.26470588235294124,
        0.6745098039215687,
        0.7563398692810458
      ],
      "variance": 0.36870401309417583
    }
  ]
}