{
  "group_name": "chisel\\assets\\chisel\\textures\\blocks\\glasspanedyed\\magenta-transparent-top.png",
  "segment_dicts": [
    {
      "equivalent": false,
      "hues": [
        0.7790697674418605,
        0.7878120411160059,
        0.7940251572327045
      ],
      "lightness": 0.5675579322638148,
      "sats": [
        0.735042735042735,
        0.6412429378531073,
        0.5921787709497207
      ],
      "vals": [
        0.4588235294117647,
        0.5949579831932773,
        0.7019607843137254
      ],
      "variance": 0.1569235393765917
    }
  ]
}