{
  "group_name": "chisel\\assets\\chisel\\textures\\blocks\\glassdyed\\blue-transparent.png",
  "segment_dicts": [
    {
      "equivalent": false,
      "hues": [
        0.13193562049978821,
        0.1375843745511992,
        0.13802083333333337
      ],
      "lightness": 0.9294455578864176,
      "sats": [
        0.7901234567901234,
        0.7334575955265611,
        0.5874462161478106
      ],
      "vals": [
        0.7013071895424837,
        0.8154798761609907,
        0.9529411764705881
      ],
      "variance": 0.05617822264614121
    }
  ]
}