{
  "group_name": "extratic\\assets\\extratic\\textures\\items\\pickaxe\\natura\\netherquartz_pickaxe_head_broken.png",
  "segment_dicts": [
    {
      "equivalent": false,
      "hues": [
        0.2790697674418605,
        0.29191321499013806,
        0.2962962962962963
      ],
      "lightness": 0.5949399114484503,
      "sats": [
        1.0,
        0.792626728110599
      ],
      "vals": [
        0.5294117647058824,
        0.6627450980392157,
        0.8509803921568627
      ],
      "variance": 0.22991160283314654
    }
  ]
}