{
  "group_name": "redstonearsenal\\assets\\redstonearsenal\\textures\\items\\tool\\FluxWrench.png",
  "segment_dicts": [
    {
      "equivalent": false,
      "hues": [
        0.0
      ],
      "lightness": 0.2428467683369644,
      "sats": [
        0.46385542168674704,
        0.14443084455324373,
        0.0
      ],
      "vals": [
        0.17799564270152507,
        0.29299719887955183,
        0.6509803921568628
      ],
      "variance": 1.628672066961483
    },
    {
      "equivalent": false,
      "hues": [
        0.142453591606134,
        0.14248704663212433,
        0.1425796425796426
      ],
      "lightness": 0.9073906485671192,
      "sats": [
        0.9061032863849765,
        0.8910463861920173,
        0.5950069348127601
      ],
      "vals": [
        0.8352941176470589,
        0.9088235294117647,
        0.9424836601307189
      ],
      "variance": 0.4358847523575993
    }
  ]
}