{
  "group_name": "thermalfoundation\\assets\\thermalfoundation\\textures\\items\\tool\\platinum\\PlatinumSickle.png",
  "segment_dicts": [
    {
      "equivalent": false,
      "hues": [
        0.13774104683195595,
        0.14166666666666675,
        0.14248601119104715
      ],
      "lightness": 0.8387254901960784,
      "sats": [
        0.6142131979695431,
        0.3381995133819951,
        0.06913580246913578
      ],
      "vals": [
        0.7725490196078432,
        0.9670588235294117,
        0.9926470588235294
      ],
      "variance": 0.27000280474992217
    },
    {
      "equivalent": false,
      "hues": [
        0.0,
        0.1377410468319559
      ],
      "lightness": 0.931764705882353,
      "sats": [
        0.6142131979695432,
        0.0
      ],
      "vals": [
        0.7725490196078432,
        1.0
      ],
      "variance": 0.24304229741536024
    },
    {
      "equivalent": false,
      "hues": [
        0.0
      ],
      "lightness": 0.3615686274509804,
      "sats": [
        1.0,
        0.0
      ],
      "vals": [
        0.13986928104575164,
        0.38823529411764707,
        1.0
      ],
      "variance": 0.6263215820595401
    }
  ]
}