{
  "group_name": "tinker\\assets\\tinker\\textures\\blocks\\glass\\soul_clear\\glass_2_v.png",
  "segment_dicts": [
    {
      "equivalent": true,
      "hues": [
        0.0628654970760234,
        0.06468531468531465,
        0.06568946796959828
      ],
      "lightness": 0.4589460784313726,
      "sats": [
        0.4474975466143278,
        0.34945930563460453,
        0.2951496388028896
      ],
      "vals": [
        0.33300653594771246,
        0.49215686274509807,
        0.6333333333333333
      ],
      "variance": 0.7213484402482161
    }
  ]
}