{
  "group_name": "tinker\\assets\\tinker\\textures\\blocks\\glass\\clear\\glass_3_d.png",
  "segment_dicts": [
    {
      "equivalent": false,
      "hues": [
        0.06345885634588562,
        0.06428571428571433,
        0.06550580431177448
      ],
      "lightness": 0.4169117647058823,
      "sats": [
        0.5384615384615384,
        0.37291280148422995,
        0.30958549222797926
      ],
      "vals": [
        0.2549019607843137,
        0.42274509803921567,
        0.6054901960784314
      ],
      "variance": 0.35032640608164
    }
  ]
}