{
  "group_name": "extratic\\assets\\extratic\\textures\\items\\frypan\\metallurgy3\\precious\\brass_frypan_head_broken.png",
  "segment_dicts": [
    {
      "equivalent": false,
      "hues": [
        0.9849009900990099,
        0.0,
        0.004629629629629613
      ],
      "lightness": 0.33496732026143794,
      "sats": [
        1.0,
        0.8470588235294119,
        0.5
      ],
      "vals": [
        0.25972356155576987,
        0.40000000000000013,
        0.5882352941176471
      ],
      "variance": 1.005506962185676
    }
  ]
}