{
  "group_name": "extratic\\assets\\extratic\\textures\\items\\frypan\\metallurgy3\\precious\\brass_frypan_head.png",
  "segment_dicts": [
    {
      "equivalent": false,
      "hues": [
        0.38265306122448967,
        0.38395638629283485,
        0.4387534607333378
      ],
      "lightness": 0.7629233511586453,
      "sats": [
        0.9727272727272727,
        0.9539422829167741,
        0.8672566371681415
      ],
      "vals": [
        0.4431372549019607,
        0.8627450980392157,
        0.8822961068485365
      ],
      "variance": 0.23269917290813874
    }
  ]
}