{
  "group_name": "extratic\\assets\\extratic\\textures\\items\\crossbow\\generic\\sapphire_crossbow_bow_1.png",
  "segment_dicts": [
    {
      "equivalent": false,
      "hues": [
        0.9999999999999998,
        0.1005089058524175,
        0.17469879518072293
      ],
      "lightness": 0.4901960784313726,
      "sats": [
        0.584507042253521,
        0.21231766612641834,
        0.08823529411764706
      ],
      "vals": [
        0.3456582633053222,
        0.5333333333333333,
        0.5568627450980392
      ],
      "variance": 0.2175466814128637
    }
  ]
}