{
  "group_name": "extratic\\assets\\extratic\\textures\\items\\crossbow\\aoa\\crystalitestone_crossbow_body.png",
  "segment_dicts": [
    {
      "equivalent": false,
      "hues": [
        0.0,
        0.23814984709480128,
        0.2413145539906104
      ],
      "lightness": 0.6344685242518059,
      "sats": [
        0.19147788565264295,
        0.18250313938886548,
        0.01960784313725511
      ],
      "vals": [
        0.2,
        0.44612511671335203,
        0.9088235294117648
      ],
      "variance": 0.24989242873063053
    }
  ]
}