{
  "group_name": "extratic\\assets\\extratic\\textures\\items\\crossbow\\ae\\certus_quartz_crossbow_bow_3.png",
  "segment_dicts": [
    {
      "equivalent": false,
      "hues": [
        0.27777777777777773
      ],
      "lightness": 0.19607843137254902,
      "sats": [
        0.6
      ],
      "vals": [
        0.19607843137254902
      ],
      "variance": 1.0778545743273706
    },
    {
      "equivalent": false,
      "hues": [
        0.27777777777777785,
        0.28571428571428564,
        0.29656862745098045
      ],
      "lightness": 0.46899055918663757,
      "sats": [
        0.5468750000000004,
        0.4864864864864864,
        0.4197530864197531
      ],
      "vals": [
        0.25098039215686285,
        0.43529411764705883,
        0.6352941176470589
      ],
      "variance": 0.45063600970639534
    }
  ]
}