{
  "group_name": "extratic\\assets\\extratic\\textures\\items\\lumberaxe\\ae\\certus_quartz_lumberaxe_shield.png",
  "segment_dicts": [
    {
      "equivalent": false,
      "hues": [
        0.7943262411347517,
        0.7982456140350878
      ],
      "lightness": 0.5650980392156864,
      "sats": [
        0.31404958677685946,
        0.30519480519480513
      ],
      "vals": [
        0.4745098039215686,
        0.6039215686274509
      ],
      "variance": 0.24062280359124366
    },
    {
      "equivalent": false,
      "hues": [
        0.7944444444444444
      ],
      "lightness": 0.37254901960784315,
      "sats": [
        0.31578947368421056
      ],
      "vals": [
        0.37254901960784315
      ],
      "variance": 0.3649867999736654
    }
  ]
}