{
  "group_name": "extratic\\assets\\extratic\\textures\\items\\lumberaxe\\metallurgy3\\precious\\brass_lumberaxe_binding.png",
  "segment_dicts": [
    {
      "equivalent": false,
      "hues": [
        0.42824074074074076,
        0.42924528301886794,
        0.4294871794871795
      ],
      "lightness": 0.6688057040998219,
      "sats": [
        0.6235294117647059,
        0.6206896551724138,
        0.2305986696230598
      ],
      "vals": [
        0.4549019607843137,
        0.6666666666666666,
        0.884313725490196
      ],
      "variance": 0.11555747233209641
    }
  ]
}