{
  "group_name": "extratic\\assets\\extratic\\textures\\items\\lumberaxe\\generic\\amethyst_lumberaxe_handle.png",
  "segment_dicts": [
    {
      "equivalent": false,
      "hues": [
        0.8005050505050505,
        0.8010204081632653,
        0.8023079833522512
      ],
      "lightness": 0.7050344462109168,
      "sats": [
        0.5945945945945945,
        0.5185185185185185,
        0.23619302949061666
      ],
      "vals": [
        0.43529411764705883,
        0.7411764705882353,
        0.8604382929642446
      ],
      "variance": 0.17735448657073094
    }
  ]
}