{
  "group_name": "extratic\\assets\\extratic\\textures\\items\\lumberaxe\\oodmod\\kroostyl_lumberaxe_head_broken.png",
  "segment_dicts": [
    {
      "equivalent": false,
      "hues": [
        0.8010204081632653,
        0.8010998307952623,
        0.8021582733812949
      ],
      "lightness": 0.4931144550843593,
      "sats": [
        0.5949864089398972,
        0.5185185185185185,
        0.2074626865671642
      ],
      "vals": [
        0.39346405228758163,
        0.7411764705882353,
        0.8758169934640523
      ],
      "variance": 0.4168891941702573
    }
  ]
}