{
  "group_name": "extratic\\assets\\extratic\\textures\\items\\lumberaxe\\metallurgy3\\precious\\brass_lumberaxe_binding.png",
  "segment_dicts": [
    {
      "equivalent": false,
      "hues": [
        0.09962756052141526,
        0.09984639016897083,
        0.10069444444444442
      ],
      "lightness": 0.8916221033868093,
      "sats": [
        1.0,
        0.8509803921568628,
        0.3764705882352941
      ],
      "vals": [
        0.7019607843137254,
        1.0
      ],
      "variance": 0.04145556957310822
    }
  ]
}