{
  "group_name": "extratic\\assets\\extratic\\textures\\items\\lumberaxe\\ae\\certus_quartz_lumberaxe_shield.png",
  "segment_dicts": [
    {
      "equivalent": false,
      "hues": [
        0.09962756052141526,
        0.10055096418732783
      ],
      "lightness": 0.8749019607843138,
      "sats": [
        1.0
      ],
      "vals": [
        0.7019607843137254,
        0.9490196078431372
      ],
      "variance": 0.11898731510132889
    },
    {
      "equivalent": false,
      "hues": [
        0.08796296296296297
      ],
      "lightness": 0.42745098039215684,
      "sats": [
        0.9908256880733946
      ],
      "vals": [
        0.42745098039215684
      ],
      "variance": 0.24354192659730714
    }
  ]
}