{
  "group_name": "extratic\\assets\\extratic\\textures\\items\\lumberaxe\\oodmod\\kroostyl_lumberaxe_head_broken.png",
  "segment_dicts": [
    {
      "equivalent": false,
      "hues": [
        0.27032019704433496,
        0.27054749771331504,
        0.2714285714285714
      ],
      "lightness": 0.5630642954856361,
      "sats": [
        0.9894394800974817,
        0.9476225854383359,
        0.27450980392156865
      ],
      "vals": [
        0.371342383107089,
        0.8120663650075415,
        1.0
      ],
      "variance": 0.3445587191279264
    }
  ]
}