{
  "group_name": "extratic\\assets\\extratic\\textures\\items\\pickmattock\\aoa\\jade_pickmattock_head.png",
  "segment_dicts": [
    {
      "equivalent": false,
      "hues": [
        0.0,
        0.23958333333333318,
        0.2415169660678642
      ],
      "lightness": 0.35764705882352943,
      "sats": [
        0.1868008948545861,
        0.1797752808988764,
        0.019607843137254694
      ],
      "vals": [
        0.19999999999999998,
        0.34901960784313724,
        0.8764705882352941
      ],
      "variance": 0.5222667858814064
    }
  ]
}