{
  "group_name": "tinker\\assets\\tinker\\textures\\blocks\\glass\\stained\\gray\\glass_2_dl.png",
  "segment_dicts": [
    {
      "equivalent": false,
      "hues": [
        0.6170212765957447,
        0.6185185185185186
      ],
      "lightness": 0.9884422441909404,
      "sats": [
        0.3571428571428572,
        0.1843137254901961
      ],
      "vals": [
        0.9882352941176471,
        1.0
      ],
      "variance": 0.06554395380309368
    },
    {
      "equivalent": false,
      "hues": [
        0.6179775280898876,
        0.6185185185185186
      ],
      "lightness": 0.8712280733464068,
      "sats": [
        0.48369565217391297,
        0.3571428571428572
      ],
      "vals": [
        0.7215686274509803,
        0.9882352941176471
      ],
      "variance": 0.07436217308910989
    },
    {
      "equivalent": false,
      "hues": [
        0.6170212765957447,
        0.6185185185185186
      ],
      "lightness": 0.9935633651585941,
      "sats": [
        0.3571428571428572,
        0.1843137254901961
      ],
      "vals": [
        0.9882352941176471,
        1.0
      ],
      "variance": 0.06520612077915727
    },
    {
      "equivalent": false,
      "hues": [
        0.6170212765957447,
        0.6179775280898876,
        0.6185185185185186
      ],
      "lightness": 0.9353850010968693,
      "sats": [
        0.483695652173913,
        0.3571428571428572,
        0.1843137254901961
      ],
      "vals": [
        0.7215686274509804,
        0.9882352941176471,
        1.0
      ],
      "variance": 0.0692617614290438
    }
  ]
}