{
  "group_name": "extratic\\assets\\extratic\\textures\\items\\pickaxe\\tcon\\glue_pickaxe_accessory.png",
  "segment_dicts": [
    {
      "equivalent": false,
      "hues": [
        0.0
      ],
      "lightness": 0.17058823529411765,
      "sats": [
        0.0
      ],
      "vals": [
        0.06588235294117648,
        0.24313725490196078,
        0.5490196078431373
      ],
      "variance": 0.862539308352895
    }
  ]
}