{
  "group_name": "extratic\\assets\\extratic\\textures\\items\\throwingknife\\aoa\\jade_knife_blade.png",
  "segment_dicts": [
    {
      "equivalent": false,
      "hues": [
        0.0
      ],
      "lightness": 0.18766140602582498,
      "sats": [
        0.0
      ],
      "vals": [
        0.047058823529411764,
        0.2235294117647059,
        0.44705882352941173
      ],
      "variance": 1.402229831205696
    }
  ]
}