{
  "group_name": "extratic\\assets\\extratic\\textures\\items\\throwingknife\\ae\\certus_quartz_knife_handle.png",
  "segment_dicts": [
    {
      "equivalent": false,
      "hues": [
        0.0
      ],
      "lightness": 0.18823529411764706,
      "sats": [
        0.0
      ],
      "vals": [
        0.18823529411764706
      ],
      "variance": 1.0211197328070918
    },
    {
      "equivalent": false,
      "hues": [
        0.0
      ],
      "lightness": 0.047058823529411764,
      "sats": [
        0.0
      ],
      "vals": [
        0.047058823529411764
      ],
      "variance": 4.084478931228367
    }
  ]
}