{
  "group_name": "forestry\\assets\\forestry\\textures\\items\\liquids\\can.bottle.png",
  "segment_dicts": [
    {
      "equivalent": false,
      "hues": [
        0.1411411411411411,
        0.1412213740458015,
        0.14137645107794364
      ],
      "lightness": 0.8009287925696593,
      "sats": [
        0.5441176470588236,
        0.5417789757412399,
        0.5413223140495868
      ],
      "vals": [
        0.6326797385620915,
        0.8,
        0.9699346405228757
      ],
      "variance": 0.2312965736201627
    }
  ]
}