{
  "group_name": "extratic\\assets\\extratic\\textures\\items\\longbow\\metallurgy3\\nether\\ceruclase_bow_top_2.png",
  "segment_dicts": [
    {
      "equivalent": false,
      "hues": [
        0.0,
        0.051632498101746416,
        0.09920634920634923
      ],
      "lightness": 0.5678160919540229,
      "sats": [
        1.0
      ],
      "vals": [
        0.4156862745098039,
        0.5738562091503268,
        0.8235294117647058
      ],
      "variance": 0.32776040578796095
    }
  ]
}