{
  "group_name": "extratic\\assets\\extratic\\textures\\items\\longbow\\metallurgy3\\nether\\ceruclase_bow_top_2.png",
  "segment_dicts": [
    {
      "equivalent": false,
      "hues": [
        0.15151515151515157,
        0.15555555555555559,
        0.15753424657534268
      ],
      "lightness": 0.691683569979716,
      "sats": [
        0.12222222222222227,
        0.12046204620462046,
        0.05882352941176472
      ],
      "vals": [
        0.3529411764705882,
        0.792156862745098,
        1.0
      ],
      "variance": 0.338309554967258
    }
  ]
}