{
  "group_name": "tinker\\assets\\tinker\\textures\\items\\shortbow\\diamond_bow_effect_3.png",
  "segment_dicts": [
    {
      "equivalent": true,
      "hues": [
        0.46938775510204084,
        0.4710144927536231,
        0.47118644067796606
      ],
      "lightness": 0.49656862745098035,
      "sats": [
        0.7829787234042553,
        0.7824933687002653,
        0.7777777777777779
      ],
      "vals": [
        0.24705882352941178,
        0.7392156862745098,
        0.9215686274509804
      ],
      "variance": 0.2826523042335031
    }
  ]
}