{
  "group_name": "tinker\\assets\\tinker\\textures\\items\\shortbow\\_bowstring_1.png",
  "segment_dicts": [
    {
      "equivalent": false,
      "hues": [
        0.9840182648401826,
        0.9882478632478633,
        0.0
      ],
      "lightness": 0.7699346405228757,
      "sats": [
        0.7664670658682634,
        0.7393364928909952,
        0.6919431279620853
      ],
      "vals": [
        0.6549019607843137,
        0.8274509803921568
      ],
      "variance": 0.22074082992046296
    },
    {
      "equivalent": false,
      "hues": [
        0.9884259259259259,
        0.01580459770114943,
        0.015873015873015872
      ],
      "lightness": 0.5006535947712418,
      "sats": [
        0.8470588235294118,
        0.8129032258064516,
        0.8111888111888111
      ],
      "vals": [
        0.3333333333333333,
        0.5607843137254902,
        0.6078431372549019
      ],
      "variance": 0.3394682736896937
    },
    {
      "equivalent": false,
      "hues": [
        0.9013888888888889,
        0.9054726368159204,
        0.9453125
      ],
      "lightness": 0.8549019607843137,
      "sats": [
        0.6118721461187214,
        0.5953488372093023,
        0.5454545454545455
      ],
      "vals": [
        0.8431372549019608,
        0.8588235294117647,
        0.8627450980392157
      ],
      "variance": 0.1988017566103252
    },
    {
      "equivalent": false,
      "hues": [
        0.9138418079096046,
        0.9166666666666666,
        0.9277777777777777
      ],
      "lightness": 0.8637254901960785,
      "sats": [
        0.543778801843318,
        0.25806451612903225,
        0.13043478260869568
      ],
      "vals": [
        0.8509803921568627,
        0.9019607843137255
      ],
      "variance": 0.19677086465857385
    }
  ]
}