{
  "group_name": "extratic\\assets\\extratic\\textures\\items\\longbow\\metallurgy3\\nether\\ceruclase_bow_top_2.png",
  "segment_dicts": [
    {
      "equivalent": false,
      "hues": [
        0.0
      ],
      "lightness": 0.23488843813387422,
      "sats": [
        0.0
      ],
      "vals": [
        0.09556243550051596,
        0.4176470588235295,
        0.8274509803921568
      ],
      "variance": 0.4521918537114423
    }
  ]
}