{
  "group_name": "tinker\\assets\\tinker\\textures\\items\\shortbow\\_bowstring_1.png",
  "segment_dicts": [
    {
      "equivalent": false,
      "hues": [
        0.6111111111111112,
        0.6143162393162394,
        0.6263020833333334
      ],
      "lightness": 0.7699346405228757,
      "sats": [
        0.7664670658682634,
        0.7393364928909952,
        0.6966824644549763
      ],
      "vals": [
        0.6549019607843137,
        0.8274509803921568
      ],
      "variance": 0.22064007452038997
    },
    {
      "equivalent": false,
      "hues": [
        0.6173708920187794,
        0.6422413793103449,
        0.644
      ],
      "lightness": 0.49803921568627446,
      "sats": [
        0.8452380952380952,
        0.8116883116883117,
        0.8111888111888111
      ],
      "vals": [
        0.32941176470588235,
        0.5607843137254902,
        0.6039215686274509
      ],
      "variance": 0.3410944984055373
    },
    {
      "equivalent": false,
      "hues": [
        0.5275482093663912,
        0.5335820895522388,
        0.5736434108527132
      ],
      "lightness": 0.8549019607843137,
      "sats": [
        0.6118721461187214,
        0.6,
        0.55
      ],
      "vals": [
        0.8431372549019608,
        0.8588235294117647,
        0.8627450980392157
      ],
      "variance": 0.1987110151261616
    },
    {
      "equivalent": false,
      "hues": [
        0.5409604519774011,
        0.5446428571428571,
        0.5555555555555555
      ],
      "lightness": 0.8637254901960785,
      "sats": [
        0.543778801843318,
        0.25806451612903225,
        0.13043478260869568
      ],
      "vals": [
        0.8509803921568627,
        0.9019607843137255
      ],
      "variance": 0.19668105015892498
    }
  ]
}