{
  "group_name": "tinker\\assets\\tinker\\textures\\items\\crossbow\\reinforced_crossbow_effect.png",
  "segment_dicts": [
    {
      "equivalent": true,
      "hues": [
        0.7095238095238096,
        0.7247191011235955,
        0.728835978835979
      ],
      "lightness": 0.457329598506069,
      "sats": [
        0.5410334346504558,
        0.5316455696202532,
        0.46052631578947384
      ],
      "vals": [
        0.29803921568627456,
        0.6450980392156862,
        0.9294117647058824
      ],
      "variance": 0.30746533321386277
    }
  ]
}