{
  "group_name": "extratic\\assets\\extratic\\textures\\items\\longbow\\metallurgy3\\nether\\ceruclase_bow_top_2.png",
  "segment_dicts": [
    {
      "equivalent": false,
      "hues": [
        0.0
      ],
      "lightness": 0.3653820148749155,
      "sats": [
        0.0
      ],
      "vals": [
        0.09019607843137256,
        0.3176470588235294,
        0.6607843137254901
      ],
      "variance": 0.3882979803695484
    }
  ]
}