{
  "group_name": "extratic\\assets\\extratic\\textures\\items\\bolt\\generic\\sapphire_bolt_head.png",
  "segment_dicts": [
    {
      "equivalent": false,
      "hues": [
        0.0,
        0.2411764705882352,
        0.24269005847953218
      ],
      "lightness": 0.7721132897603485,
      "sats": [
        0.18780889621087304,
        0.16765285996055235,
        0.019607843137254836
      ],
      "vals": [
        0.19999999999999996,
        0.7934640522875817,
        0.9941176470588236
      ],
      "variance": 0.07633836541373577
    }
  ]
}