{
  "group_name": "log_birch",
  "segment_dicts": [
    {
      "colorize": true,
      "hues": [
        0.07471264367816088,
        0.08080808080808083,
        0.08333333333333337,
        0.09629629629629627,
        0.10204081632653067,
        0.10416666666666669,
        0.1111111111111111,
        0.11231884057971014,
        0.11333333333333334,
        0.11728395061728397,
        0.12121212121212116
      ],
      "id": 0,
      "lightness": 0.7609221813725491,
      "sats": [
        0.2677165354330709,
        0.25190839694656475,
        0.25,
        0.2237442922374429,
        0.2211538461538462,
        0.21804511278195496,
        0.21645021645021642,
        0.21028037383177575,
        0.14864864864864863,
        0.12857142857142853,
        0.12385321100917426
      ],
      "vals": [
        0.4980392156862745,
        0.5137254901960784,
        0.5215686274509804,
        0.6274509803921569,
        0.8156862745098039,
        0.8235294117647058,
        0.8392156862745098,
        0.8549019607843137,
        0.8588235294117647,
        0.8705882352941177,
        0.9058823529411765
      ],
      "variance": 0.17365658001769455
    }
  ]
}