{
  "group_name": "log_oak_top",
  "segment_dicts": [
    {
      "colorize": true,
      "hues": [
        0.058052434456928814,
        0.06395348837209303,
        0.06782945736434104,
        0.06928838951310856,
        0.07170542635658911,
        0.07936507936507942,
        0.07936507936507942,
        0.0794573643410853,
        0.08058608058608063,
        0.08064516129032262,
        0.08070175438596494
      ],
      "id": 0,
      "lightness": 0.8463785514205682,
      "sats": [
        0.49222797927461137,
        0.4793814432989691,
        0.4619289340101523,
        0.42786069651741293,
        0.4027149321266968,
        0.3991031390134529,
        0.3944954128440366,
        0.39024390243902446,
        0.37719298245614036,
        0.36595744680851056,
        0.35744680851063826
      ],
      "vals": [
        0.7568627450980392,
        0.7607843137254902,
        0.7725490196078432,
        0.788235294117647,
        0.803921568627451,
        0.8549019607843137,
        0.8666666666666667,
        0.8745098039215686,
        0.8941176470588236,
        0.9215686274509803,
        0.9215686274509803
      ],
      "variance": 0.1858812482086429
    },
    {
      "colorize": true,
      "hues": [
        0.08333333333333331,
        0.08333333333333331,
        0.08333333333333331,
        0.08333333333333331,
        0.08333333333333331,
        0.08854166666666674,
        0.0888888888888889,
        0.0888888888888889,
        0.0888888888888889,
        0.0888888888888889
      ],
      "id": 1,
      "lightness": 0.4954248366013072,
      "sats": [
        0.2521008403361345,
        0.2521008403361345,
        0.2521008403361345,
        0.2521008403361345,
        0.2510504201680672,
        0.24999999999999994,
        0.24999999999999994,
        0.24999999999999994,
        0.24999999999999994,
        0.24999999999999994
      ],
      "vals": [
        0.4666666666666667,
        0.4666666666666667,
        0.4666666666666667,
        0.4666666666666667,
        0.4745098039215686,
        0.5333333333333333,
        0.5333333333333333,
        0.5333333333333333,
        0.5333333333333333,
        0.5333333333333333
      ],
      "variance": 0.31755755862858803
    }
  ]
}