{
  "group_name": "agricraft\\assets\\agricraft\\textures\\items\\seedPetinia.png",
  "segment_dicts": [
    {
      "equivalent": false,
      "hues": [
        0.12820512820512822
      ],
      "lightness": 0.8745098039215686,
      "sats": [
        0.34977578475336324
      ],
      "vals": [
        0.8745098039215686
      ],
      "variance": 0.2885243058602193
    },
    {
      "equivalent": false,
      "hues": [
        0.12885154061624648,
        0.12985938792390408,
        0.13014981273408238
      ],
      "lightness": 0.7762001352265044,
      "sats": [
        0.6839080459770115,
        0.6189151599443672,
        0.3640469738030712
      ],
      "vals": [
        0.6823529411764706,
        0.8056022408963586,
        0.868235294117647
      ],
      "variance": 0.32506736689861293
    }
  ]
}