{
  "group_name": "natura\\assets\\natura\\textures\\items\\darkwood_bowl.png",
  "segment_dicts": [
    {
      "equivalent": false,
      "hues": [
        0.0,
        0.015024132025533246,
        0.019706078824315316
      ],
      "lightness": 0.36412294647588767,
      "sats": [
        1.0,
        0.883980181668043,
        0.8515358361774744
      ],
      "vals": [
        0.1219607843137255,
        0.41295822676896843,
        0.6565826330532213
      ],
      "variance": 0.9254529582202287
    }
  ]
}