{
  "group_name": "thermalfoundation\\assets\\thermalfoundation\\textures\\items\\tool\\bronze\\BronzeBow.png",
  "segment_dicts": [
    {
      "equivalent": false,
      "hues": [
        0.01950354609929078,
        0.01967592592592593,
        0.10919540229884898
      ],
      "lightness": 0.38981900452488694,
      "sats": [
        0.8545454545454546,
        0.8520710059171598,
        0.1094339622641523
      ],
      "vals": [
        0.06495098039215697,
        0.43137254901960786,
        0.6627450980392158
      ],
      "variance": 0.9050363421096573
    },
    {
      "equivalent": false,
      "hues": [
        0.0,
        0.015151515151515138
      ],
      "lightness": 0.3642701525054466,
      "sats": [
        0.9041095890410958,
        0.0
      ],
      "vals": [
        0.28627450980392155,
        0.4196078431372549,
        0.5882352941176471
      ],
      "variance": 0.9685129663066658
    }
  ]
}