{
  "group_name": "natura\\assets\\natura\\textures\\items\\fusewood_hatchet.png",
  "segment_dicts": [
    {
      "equivalent": false,
      "hues": [
        0.01887464387464388,
        0.01923076923076894,
        0.019531250000000017
      ],
      "lightness": 0.2548319327731092,
      "sats": [
        0.8524590163934426,
        0.8510638297872342,
        0.09122807017543869
      ],
      "vals": [
        0.06209150326797386,
        0.21529411764705883,
        0.49150326797385624
      ],
      "variance": 0.633304688985053
    }
  ]
}