{
  "group_name": "natura\\assets\\natura\\textures\\items\\flint_and_blaze.png",
  "segment_dicts": [
    {
      "equivalent": true,
      "hues": [
        0.0582739509105305,
        0.10622362869198311,
        0.13855421686746988
      ],
      "lightness": 0.6940196078431373,
      "sats": [
        1.0,
        0.9887359198998749,
        0.8489378442171518
      ],
      "vals": [
        0.5896358543417367,
        0.8952380952380953,
        0.9968627450980392
      ],
      "variance": 0.4964720090870021
    },
    {
      "equivalent": true,
      "hues": [
        0.0
      ],
      "lightness": 0.21464052287581697,
      "sats": [
        0.0
      ],
      "vals": [
        0.1177530471648119,
        0.4980392156862745,
        0.8274509803921568
      ],
      "variance": 1.6052947711602719
    }
  ]
}