{
  "group_name": "natura\\assets\\natura\\textures\\items\\fusewood_stick.png",
  "segment_dicts": [
    {
      "equivalent": true,
      "hues": [
        0.46249999999999997,
        0.48214285714285715,
        0.48556797020484166
      ],
      "lightness": 0.3324854266030737,
      "sats": [
        0.7547169811320756,
        0.6746987951807228,
        0.5117941386704788
      ],
      "vals": [
        0.207843137254902,
        0.3254901960784314,
        0.4987522281639929
      ],
      "variance": 0.3782881603976569
    }
  ]
}