{
  "group_name": "natura\\assets\\natura\\textures\\items\\darkwood_pickaxe.png",
  "segment_dicts": [
    {
      "equivalent": false,
      "hues": [
        0.3857758620689656,
        0.38927576601671304,
        0.39102564102564097
      ],
      "lightness": 0.20174962292609355,
      "sats": [
        0.39726027397260316,
        0.3900054318305269,
        0.38805970149253727
      ],
      "vals": [
        0.10652074783401735,
        0.2627450980392157,
        0.42468281430219146
      ],
      "variance": 0.6300142200500598
    }
  ]
}