{
  "group_name": "natura\\assets\\natura\\textures\\items\\fusewood_stick.png",
  "segment_dicts": [
    {
      "equivalent": false,
      "hues": [
        0.7892156862745098,
        0.8088235294117648,
        0.8133333333333334
      ],
      "lightness": 0.282670906200318,
      "sats": [
        0.6666666666666666,
        0.5782312925170068,
        0.4504504504504505
      ],
      "vals": [
        0.2,
        0.28823529411764703,
        0.43529411764705883
      ],
      "variance": 0.3701973717781989
    }
  ]
}