{
  "group_name": "natura\\assets\\natura\\textures\\items\\seedbag_potato.png",
  "segment_dicts": [
    {
      "equivalent": false,
      "hues": [
        0.09114783499871897,
        0.11065943992773264,
        0.14393939393939173
      ],
      "lightness": 0.6172192513368984,
      "sats": [
        0.895697074010327,
        0.3172828890799656,
        0.01583873290136808
      ],
      "vals": [
        0.5561932089909134,
        0.7120098039215687,
        0.9078431372549021
      ],
      "variance": 0.5189967222904287
    }
  ]
}