{
  "group_name": "natura\\assets\\natura\\textures\\items\\seedbag_potato.png",
  "segment_dicts": [
    {
      "equivalent": false,
      "hues": [
        0.13461219066600233,
        0.14393939393939284,
        0.3451327433628319
      ],
      "lightness": 0.6193226381461676,
      "sats": [
        1.0,
        0.32575880538873564,
        0.013639181649101249
      ],
      "vals": [
        0.5369063180827887,
        0.8862745098039215,
        0.9036414565826332
      ],
      "variance": 0.5224347678158484
    }
  ]
}