{
  "group_name": "natura\\assets\\natura\\textures\\items\\seedbag_potato.png",
  "segment_dicts": [
    {
      "equivalent": false,
      "hues": [
        0.9863542254846603,
        0.11065943992773264,
        0.14393939393939328
      ],
      "lightness": 0.5895187165775402,
      "sats": [
        0.7497883149872987,
        0.3172828890799656,
        0.017295597484276667
      ],
      "vals": [
        0.5448673587081891,
        0.5561932089909134,
        0.906951871657754
      ],
      "variance": 0.5215788954901075
    }
  ]
}