{
  "group_name": "natura\\assets\\natura\\textures\\items\\seedbag_potato.png",
  "segment_dicts": [
    {
      "equivalent": false,
      "hues": [
        0.11076197957580529,
        0.11368477103301383,
        0.1666666666666674
      ],
      "lightness": 0.6008199643493761,
      "sats": [
        0.3037360504609412,
        0.2841517857142859,
        0.026029216467463506
      ],
      "vals": [
        0.5019607843137255,
        0.6735294117647058,
        0.9227941176470589
      ],
      "variance": 0.5242690261755754
    }
  ]
}