{
  "group_name": "extratic\\assets\\extratic\\textures\\items\\arrow\\metallurgy3\\nether\\amordrine_arrow_head.png",
  "segment_dicts": [
    {
      "equivalent": false,
      "hues": [
        0.7748917748917749,
        0.7765700483091788,
        0.7766143106457243
      ],
      "lightness": 0.4179271708683473,
      "sats": [
        1.0,
        0.9928057553956835
      ],
      "vals": [
        0.30196078431372547,
        0.5450980392156862,
        0.7490196078431373
      ],
      "variance": 0.17169217572972797
    }
  ]
}