{
  "group_name": "extratic\\assets\\extratic\\textures\\items\\arrow\\metallurgy3\\fantasy\\mithril_arrow_shaft.png",
  "segment_dicts": [
    {
      "equivalent": false,
      "hues": [
        0.10000000000000026,
        0.10256410256410255,
        0.12830687830687829
      ],
      "lightness": 0.9857052498418721,
      "sats": [
        1.0,
        0.15600000000000003,
        0.06000000000000002
      ],
      "vals": [
        0.9803921568627451,
        0.9882352941176471
      ],
      "variance": 0.0015415951448471135
    }
  ]
}