{
  "group_name": "extratic\\assets\\extratic\\textures\\items\\mattock\\natura\\netherquartz_mattock_head_broken.png",
  "segment_dicts": [
    {
      "equivalent": false,
      "hues": [
        0.019230769230769218,
        0.019900497512437814,
        0.02
      ],
      "lightness": 0.4918767507002801,
      "sats": [
        1.0,
        0.931899641577061
      ],
      "vals": [
        0.26274509803921575,
        0.5882352941176471,
        0.8205882352941176
      ],
      "variance": 0.2684307380640359
    }
  ]
}