{
  "group_name": "extratic\\assets\\extratic\\textures\\items\\mattock\\metallurgy3\\precious\\brass_mattock_head.png",
  "segment_dicts": [
    {
      "equivalent": false,
      "hues": [
        0.1019736842105264,
        0.11111111111111087,
        0.11728395061728396
      ],
      "lightness": 0.5120098039215686,
      "sats": [
        0.29347826086956524,
        0.29166666666666674,
        0.21545003543586128
      ],
      "vals": [
        0.2823529411764706,
        0.3607843137254902,
        0.7904761904761906
      ],
      "variance": 0.18832535193488148
    }
  ]
}