{
  "group_name": "extratic\\assets\\extratic\\textures\\items\\hammer\\oodmod\\kroostyl_hammer_front.png",
  "segment_dicts": [
    {
      "equivalent": false,
      "hues": [
        0.0
      ],
      "lightness": 0.10882352941176471,
      "sats": [
        0.0
      ],
      "vals": [
        0.047058823529411764,
        0.13856209150326798,
        0.21862745098039216
      ],
      "variance": 2.204681741548213
    }
  ]
}