{
  "group_name": "forestry\\assets\\forestry\\textures\\items\\treealyzer.png",
  "segment_dicts": [
    {
      "equivalent": false,
      "hues": [
        0.5952380952380952,
        0.0
      ],
      "lightness": 0.055392156862745096,
      "sats": [
        1.0,
        0.18584070796460175,
        0.0
      ],
      "vals": [
        0.0,
        1.3877787807814457e-17,
        0.8862745098039215
      ],
      "variance": 6.8509308380651515
    },
    {
      "equivalent": false,
      "hues": [
        0.5952380952380952,
        0.06781609195402298,
        0.09876543209876543
      ],
      "lightness": 0.8795343137254903,
      "sats": [
        0.9798387096774193,
        0.9731543624161073,
        0.18584070796460164
      ],
      "vals": [
        0.5843137254901961,
        0.8862745098039214,
        0.9725490196078431
      ],
      "variance": 0.43146450310790696
    },
    {
      "equivalent": false,
      "hues": [
        0.6741573033707864,
        0.6750841750841751,
        0.6752873563218391
      ],
      "lightness": 0.6864450127877237,
      "sats": [
        0.6480446927374302,
        0.6470588235294118,
        0.4972067039106144
      ],
      "vals": [
        0.6,
        0.7019607843137254
      ],
      "variance": 0.5528306398451108
    },
    {
      "equivalent": false,
      "hues": [
        0.09876543209876543,
        0.10714285714285714,
        0.5952380952380952
      ],
      "lightness": 0.7941176470588236,
      "sats": [
        0.9798387096774193,
        0.9545454545454546,
        0.18584070796460175
      ],
      "vals": [
        0.34509803921568627,
        0.8862745098039215,
        0.9725490196078431
      ],
      "variance": 0.4778735708033099
    }
  ]
}