{
  "group_name": "enderio\\assets\\enderio\\textures\\items\\old\\ingotLead.png",
  "segment_dicts": [
    {
      "equivalent": false,
      "hues": [
        0.5499647426211342,
        0.5507976490344247,
        0.5517241379310341
      ],
      "lightness": 0.8816399286987523,
      "sats": [
        0.43125244363352017,
        0.25299157402818095,
        0.0588832487309646
      ],
      "vals": [
        0.8132485426603073,
        0.8791160908807968,
        0.9656862745098039
      ],
      "variance": 0.5019435572121279
    }
  ]
}