{
  "group_name": "enderio\\assets\\enderio\\textures\\items\\old\\ingotLead.png",
  "segment_dicts": [
    {
      "equivalent": false,
      "hues": [
        0.12195505264812179,
        0.12239945984723806,
        0.12278368794326229
      ],
      "lightness": 0.606268568033274,
      "sats": [
        0.7613065326633165,
        0.7562470081378649,
        0.4191750278706801
      ],
      "vals": [
        0.2952835188129308,
        0.6501711795829442,
        0.8794117647058826
      ],
      "variance": 0.5560296339163449
    }
  ]
}