{
  "group_name": "ic2\\assets\\ic2\\textures\\items\\cell\\itemCellBiogas.png",
  "segment_dicts": [
    {
      "equivalent": false,
      "hues": [
        0.8337081459270365,
        0.0
      ],
      "lightness": 0.7060109289617487,
      "sats": [
        0.8358395989974938,
        0.0
      ],
      "vals": [
        0.6258823529411764,
        0.6718266253869969,
        0.8675716440422323
      ],
      "variance": 0.5321675588054742
    },
    {
      "equivalent": false,
      "hues": [
        0.8333333333333334,
        0.0
      ],
      "lightness": 0.7245098039215687,
      "sats": [
        0.8373493975903615,
        0.8324607329842932,
        0.0
      ],
      "vals": [
        0.6509803921568628,
        0.7294117647058823,
        0.7490196078431373
      ],
      "variance": 0.5185797494000948
    },
    {
      "equivalent": false,
      "hues": [
        0.8333333333333334,
        0.0,
        0.3333333333333333
      ],
      "lightness": 0.8207697893972403,
      "sats": [
        0.8348245010323467,
        1.2416968038570828e-16,
        0.0
      ],
      "vals": [
        0.7650623885918003,
        0.8140056022408964,
        0.8941176470588237
      ],
      "variance": 0.45776065031764696
    }
  ]
}