{
  "group_name": "forestry\\assets\\forestry\\textures\\items\\carton.png",
  "segment_dicts": [
    {
      "equivalent": false,
      "hues": [
        0.02380952380952382,
        0.11355311355311369,
        0.12236842105263153
      ],
      "lightness": 0.8106951871657754,
      "sats": [
        0.7520661157024787,
        0.34878384580082594,
        7.923620642358782e-16
      ],
      "vals": [
        0.23725490196078425,
        0.8138188608776844,
        0.9808093450146018
      ],
      "variance": 0.4544317917684093
    },
    {
      "equivalent": false,
      "hues": [
        0.0
      ],
      "lightness": 0.7373237014103886,
      "sats": [
        0.0
      ],
      "vals": [
        0.6913021618903972,
        0.8274509803921568,
        1.0
      ],
      "variance": 0.49965254850354734
    },
    {
      "equivalent": false,
      "hues": [
        0.0
      ],
      "lightness": 0.7877124183006535,
      "sats": [
        0.0
      ],
      "vals": [
        0.6882352941176471,
        0.8274509803921568,
        1.0
      ],
      "variance": 0.46769056564645456
    }
  ]
}