{
  "group_name": "forestry\\assets\\forestry\\textures\\items\\pipette.1.png",
  "segment_dicts": [
    {
      "equivalent": true,
      "hues": [
        0.03763440860215056,
        0.03768115942028986,
        0.03815261044176708
      ],
      "lightness": 0.3700392156862745,
      "sats": [
        0.8736842105263158,
        0.8732394366197184,
        0.8712121212121212
      ],
      "vals": [
        0.2784313725490196,
        0.37254901960784315,
        0.5176470588235295
      ],
      "variance": 0.6346549855164546
    },
    {
      "equivalent": true,
      "hues": [
        0.5500123183050012,
        0.5526315789473685,
        0.6545454545454547
      ],
      "lightness": 0.7800186741363213,
      "sats": [
        0.6626506024096386,
        0.43602964872703825,
        0.07786885245901647
      ],
      "vals": [
        0.6509803921568628,
        0.8112418300653594,
        0.9568627450980393
      ],
      "variance": 0.30107898805362354
    }
  ]
}