{
  "group_name": "extratic\\assets\\extratic\\textures\\items\\frypan\\metallurgy3\\precious\\brass_frypan_head_broken.png",
  "segment_dicts": [
    {
      "equivalent": false,
      "hues": [
        0.13774597495527732,
        0.14069264069264079,
        0.14108369179684557
      ],
      "lightness": 0.6547058823529411,
      "sats": [
        0.6675230466979,
        0.35483870967741926,
        0.19402985074626833
      ],
      "vals": [
        0.42539376406300217,
        0.8509803921568627,
        0.9160572337042925
      ],
      "variance": 0.3626678688431442
    }
  ]
}