{
  "group_name": "extratic\\assets\\extratic\\textures\\items\\frypan\\metallurgy3\\precious\\brass_frypan_head_broken.png",
  "segment_dicts": [
    {
      "equivalent": false,
      "hues": [
        0.23737373737373738,
        0.2383127350886621,
        0.23862191711161973
      ],
      "lightness": 0.5896732026143792,
      "sats": [
        0.7181169207022959,
        0.6470588235294118,
        0.31314940881404496
      ],
      "vals": [
        0.3332047573127613,
        0.8000000000000002,
        0.8874403815580285
      ],
      "variance": 0.46352583158951044
    }
  ]
}