{
  "group_name": "extratic\\assets\\extratic\\textures\\items\\frypan\\metallurgy3\\nether\\kalendrite_frypan_handle.png",
  "segment_dicts": [
    {
      "equivalent": false,
      "hues": [
        0.5122222222222222,
        0.5132743362831859,
        0.5133928571428571
      ],
      "lightness": 0.8560404807084123,
      "sats": [
        0.9433962264150941,
        0.4538152610441767,
        0.1772151898734177
      ],
      "vals": [
        0.6235294117647058,
        0.9764705882352941,
        0.9913725490196078
      ],
      "variance": 0.08905633416170362
    }
  ]
}