{
  "group_name": "extratic\\assets\\extratic\\textures\\items\\axe\\natura\\ghostwood_axe_handle.png",
  "segment_dicts": [
    {
      "equivalent": false,
      "hues": [
        0.7491909385113269,
        0.76187648456057,
        0.7787878787878788
      ],
      "lightness": 0.6260935143288084,
      "sats": [
        0.762962962962963,
        0.7142857142857143,
        0.5366475462077757
      ],
      "vals": [
        0.5294117647058824,
        0.6039215686274509,
        0.7691176470588235
      ],
      "variance": 0.06661513819023744
    }
  ]
}