{
  "group_name": "extratic\\assets\\extratic\\textures\\items\\scythe\\metallurgy3\\precious\\brass_scythe_binding.png",
  "segment_dicts": [
    {
      "equivalent": false,
      "hues": [
        0.9927536231884058,
        0.017316017316017323,
        0.02777777777777818
      ],
      "lightness": 0.4082352941176471,
      "sats": [
        0.9871794871794872,
        0.8846153846153846,
        0.05106382978723422
      ],
      "vals": [
        0.3058823529411765,
        0.30718954248366015,
        0.8156862745098039
      ],
      "variance": 0.18294964051628898
    }
  ]
}