{
  "group_name": "extratic\\assets\\extratic\\textures\\items\\scythe\\metallurgy3\\precious\\brass_scythe_binding.png",
  "segment_dicts": [
    {
      "equivalent": false,
      "hues": [
        0.0968992248062015,
        0.11234567901234567,
        0.11728395061728396
      ],
      "lightness": 0.5823529411764707,
      "sats": [
        0.29347826086956524,
        0.21827411167512697,
        0.213946117274168
      ],
      "vals": [
        0.3607843137254902,
        0.7725490196078432,
        0.8248366013071896
      ],
      "variance": 0.0775254451334972
    }
  ]
}