{
  "group_name": "extratic\\assets\\extratic\\textures\\items\\scythe\\metallurgy3\\nether\\kalendrite_scythe_accessory.png",
  "segment_dicts": [
    {
      "equivalent": false,
      "hues": [
        0.0968992248062015,
        0.10542168674698793,
        0.11728395061728393
      ],
      "lightness": 0.6443307757885763,
      "sats": [
        0.2934782608695651,
        0.21827411167512697,
        0.19951923076923075
      ],
      "vals": [
        0.3607843137254902,
        0.7725490196078432,
        0.8156862745098039
      ],
      "variance": 0.09684088835508678
    }
  ]
}