{
  "group_name": "thermalexpansion\\assets\\thermalexpansion\\textures\\items\\capacitor\\CapacitorHardened.png",
  "segment_dicts": [
    {
      "equivalent": false,
      "hues": [
        0.15870967741935485,
        0.16216216216216217,
        0.16461267605633803
      ],
      "lightness": 0.8417797888386123,
      "sats": [
        0.5415793151642208,
        0.46540880503144644,
        0.3948557525199861
      ],
      "vals": [
        0.7014705882352941,
        0.8313725490196078,
        0.9401960784313725
      ],
      "variance": 0.3418845951783822
    },
    {
      "equivalent": false,
      "hues": [
        0.08648648648648648,
        0.08725761772853187,
        0.08974358974358976
      ],
      "lightness": 0.8352941176470587,
      "sats": [
        0.9185750636132315,
        0.8980582524271844,
        0.861561119293078
      ],
      "vals": [
        0.7705882352941176,
        0.807843137254902,
        0.8875816993464052
      ],
      "variance": 0.34453917040277193
    },
    {
      "equivalent": false,
      "hues": [
        0.0
      ],
      "lightness": 0.10837789661319072,
      "sats": [
        0.0
      ],
      "vals": [
        0.08795518207282912,
        0.134640522875817,
        0.17254901960784313
      ],
      "variance": 2.6554449876766273
    },
    {
      "equivalent": false,
      "hues": [
        0.0
      ],
      "lightness": 0.2989106753812636,
      "sats": [
        0.9722557297949336,
        0.7564625850340136,
        0.0
      ],
      "vals": [
        0.12915032679738564,
        0.40637254901960784,
        0.7205882352941176
      ],
      "variance": 0.9628011511109531
    }
  ]
}