{
  "group_name": "extratic\\assets\\extratic\\textures\\items\\cutlass\\metallurgy3\\nether\\ceruclase_cutlass_blade.png",
  "segment_dicts": [
    {
      "equivalent": false,
      "hues": [
        0.0
      ],
      "lightness": 0.23095238095238094,
      "sats": [
        0.0
      ],
      "vals": [
        0.05490196078431367,
        0.24313725490196078,
        0.5490196078431372
      ],
      "variance": 1.0686755413430906
    }
  ]
}