{
  "group_name": "extratic\\assets\\extratic\\textures\\items\\cutlass\\metallurgy3\\nether\\ceruclase_cutlass_blade.png",
  "segment_dicts": [
    {
      "equivalent": false,
      "hues": [
        0.0
      ],
      "lightness": 0.46260504201680674,
      "sats": [
        0.6,
        0.5952380952380956,
        0.3592233009708738
      ],
      "vals": [
        0.16470588235294126,
        0.7058823529411765,
        0.8078431372549019
      ],
      "variance": 0.5680297607275333
    }
  ]
}