{
  "group_name": "extratic\\assets\\extratic\\textures\\items\\bolt\\generic\\sapphire_bolt_shaft.png",
  "segment_dicts": [
    {
      "equivalent": false,
      "hues": [
        0.45416666666666666,
        0.45501658374792703,
        0.4560677698975571
      ],
      "lightness": 0.5912655971479501,
      "sats": [
        0.5978798586572437,
        0.5970149253731343,
        0.5610607117934403
      ],
      "vals": [
        0.2627450980392157,
        0.616557734204793,
        0.9366013071895425
      ],
      "variance": 0.21452477713284268
    }
  ]
}