{
  "group_name": "extratic\\assets\\extratic\\textures\\items\\cleaver\\metallurgy3\\precious\\brass_cleaver_head.png",
  "segment_dicts": [
    {
      "equivalent": false,
      "hues": [
        0.7582417582417582,
        0.7588652482269503,
        0.7588996763754046
      ],
      "lightness": 0.5268184693232132,
      "sats": [
        0.734375,
        0.7202797202797203,
        0.41647597254004576
      ],
      "vals": [
        0.2509803921568628,
        0.5607843137254902,
        0.8568627450980392
      ],
      "variance": 0.4524080780931908
    }
  ]
}