{
  "group_name": "minefactoryreloaded\\assets\\minefactoryreloaded\\textures\\items\\item.mfr.safarinet.singleuse.mid.png",
  "segment_dicts": [
    {
      "equivalent": false,
      "hues": [
        0.5416666666666666,
        0.5426356589147286,
        0.5431372549019607
      ],
      "lightness": 0.4117647058823529,
      "sats": [
        0.8380952380952381,
        0.819047619047619,
        0.8095238095238095
      ],
      "vals": [
        0.4117647058823529
      ],
      "variance": 0.25931731175193234
    },
    {
      "equivalent": false,
      "hues": [
        0.540246212121212,
        0.5415627597672485,
        0.5490196078431372
      ],
      "lightness": 0.5485294117647059,
      "sats": [
        0.8523002421307506,
        0.8354166666666667,
        0.7522123893805309
      ],
      "vals": [
        0.44313725490196076,
        0.5398692810457516,
        0.6274509803921569
      ],
      "variance": 0.19466178898268377
    }
  ]
}