{
  "group_name": "thermalfoundation\\assets\\thermalfoundation\\textures\\items\\armor\\tin\\TinBoots.png",
  "segment_dicts": [
    {
      "equivalent": false,
      "hues": [
        0.1530448717948718,
        0.3445861854387056,
        0.3452380952380951
      ],
      "lightness": 0.2950153555398063,
      "sats": [
        1.0,
        0.9333333333333322,
        0.8262210796915167
      ],
      "vals": [
        0.05882352941176475,
        0.5260311020960108,
        0.8156862745098039
      ],
      "variance": 1.25498125005005
    },
    {
      "equivalent": false,
      "hues": [
        0.34492753623188405
      ],
      "lightness": 0.9254901960784314,
      "sats": [
        0.9745762711864406
      ],
      "vals": [
        0.9254901960784314
      ],
      "variance": 0.4000460958399281
    }
  ]
}