{
  "group_name": "alchemicalwizardry\\assets\\alchemicalwizardry\\textures\\items\\OutputRoutingFocusGlobal.png",
  "segment_dicts": [
    {
      "equivalent": false,
      "hues": [
        0.0,
        0.05864197530864199
      ],
      "lightness": 0.14117647058823526,
      "sats": [
        1.0,
        0.0
      ],
      "vals": [
        0.0,
        2.7755575615628914e-17,
        0.6352941176470588
      ],
      "variance": 2.811295011282432
    },
    {
      "equivalent": false,
      "hues": [
        0.470508658008658,
        0.4705882352941176,
        0.4707040866568193
      ],
      "lightness": 0.5277777777777778,
      "sats": [
        1.0
      ],
      "vals": [
        0.2666666666666667,
        0.5309803921568628,
        0.8052287581699347
      ],
      "variance": 0.7519996562687371
    },
    {
      "equivalent": false,
      "hues": [
        0.0,
        0.05864197530864198
      ],
      "lightness": 0.28235294117647053,
      "sats": [
        1.0,
        0.0
      ],
      "vals": [
        0.0,
        0.6352941176470588,
        0.6352941176470589
      ],
      "variance": 1.405647505641216
    }
  ]
}