{
  "group_name": "extratic\\assets\\extratic\\textures\\items\\rapier\\metallurgy3\\nether\\kalendrite_rapier_handle.png",
  "segment_dicts": [
    {
      "equivalent": false,
      "hues": [
        0.8386666666666667,
        0.8467933491686461,
        0.8752620545073375
      ],
      "lightness": 0.7589267285861713,
      "sats": [
        1.0,
        0.5681818181818182
      ],
      "vals": [
        0.6235294117647059,
        0.8254901960784313,
        0.8627450980392157
      ],
      "variance": 0.07597978321870912
    }
  ]
}