{
  "group_name": "extratic\\assets\\extratic\\textures\\items\\trident\\metallurgy3\\precious\\brass_trident_head.png",
  "segment_dicts": [
    {
      "equivalent": false,
      "hues": [
        0.5880503144654089,
        0.5911458333333334,
        0.5919540229885056
      ],
      "lightness": 0.3458169934640523,
      "sats": [
        0.5289256198347108,
        0.508771929824561,
        0.25480769230769224
      ],
      "vals": [
        0.2235294117647058,
        0.4745098039215686,
        0.8156862745098039
      ],
      "variance": 0.6196228987844009
    }
  ]
}