{
  "group_name": "extratic\\assets\\extratic\\textures\\items\\trident\\generic\\sapphire_trident_accessory.png",
  "segment_dicts": [
    {
      "equivalent": false,
      "hues": [
        0.041198501872659166,
        0.044217687074829926,
        0.05015673981191221
      ],
      "lightness": 0.45026737967914443,
      "sats": [
        0.7478991596638654,
        0.7424242424242425,
        0.698030634573304
      ],
      "vals": [
        0.25882352941176473,
        0.4666666666666667,
        0.896078431372549
      ],
      "variance": 0.22313001526042528
    }
  ]
}