{
  "group_name": "extratic\\assets\\extratic\\textures\\items\\trident\\generic\\sapphire_trident_accessory.png",
  "segment_dicts": [
    {
      "equivalent": false,
      "hues": [
        0.2610441767068274,
        0.26111111111111107,
        0.2626262626262626
      ],
      "lightness": 0.4274509803921569,
      "sats": [
        0.5555555555555556,
        0.5409836065573771,
        0.18820861678004544
      ],
      "vals": [
        0.21176470588235297,
        0.47843137254901963,
        0.8647058823529412
      ],
      "variance": 0.19214436654448405
    }
  ]
}