{
  "group_name": "extratic\\assets\\extratic\\textures\\items\\trident\\generic\\sapphire_trident_accessory.png",
  "segment_dicts": [
    {
      "equivalent": false,
      "hues": [
        0.04861111111111114,
        0.04957264957264956,
        0.049586776859504134
      ],
      "lightness": 0.7611408199643493,
      "sats": [
        1.0,
        0.7647058823529411,
        0.2823529411764706
      ],
      "vals": [
        0.4745098039215686,
        1.0
      ],
      "variance": 0.07186505578951541
    }
  ]
}