{
  "group_name": "extratic\\assets\\extratic\\textures\\items\\trident\\metallurgy3\\precious\\brass_trident_head.png",
  "segment_dicts": [
    {
      "equivalent": false,
      "hues": [
        0.04957264957264956,
        0.049679487179487225,
        0.04999999999999991
      ],
      "lightness": 0.45196078431372544,
      "sats": [
        0.9999999999999999,
        0.7647058823529411,
        0.40784313725490196
      ],
      "vals": [
        0.2352941176470589,
        1.0
      ],
      "variance": 0.49017168089437024
    }
  ]
}