{
  "group_name": "appliedenergistics2\\assets\\appliedenergistics2\\textures\\blocks\\MEDense_Gray.png",
  "segment_dicts": [
    {
      "equivalent": false,
      "hues": [
        0.5,
        0.577120315581854,
        0.0
      ],
      "lightness": 0.5317853457172342,
      "sats": [
        0.9591373439273553,
        0.01694915254237294,
        0.0
      ],
      "vals": [
        0.4627450980392157,
        0.5019607843137255,
        0.8637254901960785
      ],
      "variance": 0.4849102678364732
    },
    {
      "equivalent": false,
      "hues": [
        0.5782643957826439,
        0.586444151661543,
        0.6666666666666666
      ],
      "lightness": 0.7260594560404807,
      "sats": [
        1.0,
        0.9194630872483222,
        0.6939957330082291
      ],
      "vals": [
        2.220446049250313e-16,
        0.8764705882352941,
        0.919047619047619
      ],
      "variance": 0.35516123683523565
    }
  ]
}