{
  "group_name": "extratic\\assets\\extratic\\textures\\items\\javelin\\aoa\\limonite_javelin_handle.png",
  "segment_dicts": [
    {
      "equivalent": false,
      "hues": [
        0.0
      ],
      "lightness": 0.25559400230680507,
      "sats": [
        0.0
      ],
      "vals": [
        0.10980392156862748,
        0.1568627450980392,
        0.5490196078431373
      ],
      "variance": 0.5461046230587213
    }
  ]
}