{
  "group_name": "extratic\\assets\\extratic\\textures\\items\\javelin\\ae\\certus_quartz_javelin_head.png",
  "segment_dicts": [
    {
      "equivalent": false,
      "hues": [
        0.2713178294573643
      ],
      "lightness": 0.22745098039215686,
      "sats": [
        0.7413793103448276
      ],
      "vals": [
        0.22745098039215686
      ],
      "variance": 0.8554137188623012
    },
    {
      "equivalent": false,
      "hues": [
        0.2706855791962175,
        0.2733333333333334,
        0.27340823970037453
      ],
      "lightness": 0.518954248366013,
      "sats": [
        0.7355371900826446,
        0.7352941176470589,
        0.6778846153846154
      ],
      "vals": [
        0.26666666666666666,
        0.4745098039215686,
        0.8156862745098039
      ],
      "variance": 0.3749168440353663
    }
  ]
}