{
  "group_name": "extratic\\assets\\extratic\\textures\\items\\javelin\\ae\\certus_quartz_javelin_head.png",
  "segment_dicts": [
    {
      "equivalent": false,
      "hues": [
        0.0
      ],
      "lightness": 0.16470588235294115,
      "sats": [
        0.5952380952380952
      ],
      "vals": [
        0.16470588235294117
      ],
      "variance": 0.7689119278051868
    },
    {
      "equivalent": false,
      "hues": [
        0.0
      ],
      "lightness": 0.518954248366013,
      "sats": [
        0.6081081081081082,
        0.5982905982905983,
        0.35922330097087374
      ],
      "vals": [
        0.29019607843137263,
        0.4588235294117647,
        0.807843137254902
      ],
      "variance": 0.24403753879963108
    }
  ]
}