{
  "group_name": "extratic\\assets\\extratic\\textures\\items\\scythe\\metallurgy3\\nether\\kalendrite_scythe_head_broken.png",
  "segment_dicts": [
    {
      "equivalent": false,
      "hues": [
        0.5064102564102564,
        0.5087719298245613,
        0.5104166666666666
      ],
      "lightness": 0.6797385620915032,
      "sats": [
        0.27368421052631603,
        0.09359605911330045,
        0.046715328467153365
      ],
      "vals": [
        0.37254901960784315,
        0.796078431372549,
        0.8954248366013072
      ],
      "variance": 0.16973246655051621
    }
  ]
}