{
  "group_name": "extratic\\assets\\extratic\\textures\\items\\scythe\\natura\\netherquartz_scythe_head.png",
  "segment_dicts": [
    {
      "equivalent": false,
      "hues": [
        0.5729166666666666,
        0.5752089136490252,
        0.5759803921568628
      ],
      "lightness": 0.41556743909685084,
      "sats": [
        0.33026678932842685,
        0.3047619047619048,
        0.19101123595505615
      ],
      "vals": [
        0.25074971164936566,
        0.4117647058823529,
        0.6980392156862745
      ],
      "variance": 0.5018020099389605
    }
  ]
}