{
  "group_name": "extratic\\assets\\extratic\\textures\\items\\scythe\\metallurgy3\\precious\\brass_scythe_binding.png",
  "segment_dicts": [
    {
      "equivalent": false,
      "hues": [
        0.04294720252167061,
        0.04973821989528795,
        0.05078124999999998
      ],
      "lightness": 0.4937254901960785,
      "sats": [
        0.8565022421524664,
        0.744718309859155,
        0.547008547008547
      ],
      "vals": [
        0.31820728291316525,
        0.8745098039215686,
        0.9176470588235294
      ],
      "variance": 0.22802781426204205
    }
  ]
}