{
  "group_name": "extratic\\assets\\extratic\\textures\\items\\scythe\\metallurgy3\\nether\\kalendrite_scythe_accessory.png",
  "segment_dicts": [
    {
      "equivalent": false,
      "hues": [
        0.07894736842105265,
        0.07924558847336895,
        0.08006535947712418
      ],
      "lightness": 0.6978687127024723,
      "sats": [
        0.8793103448275862,
        0.8452380952380952,
        0.3909465020576132
      ],
      "vals": [
        0.4549019607843138,
        0.7960784313725491,
        0.9529411764705882
      ],
      "variance": 0.14979087856835624
    }
  ]
}