{
  "group_name": "extratic\\assets\\extratic\\textures\\items\\scythe\\metallurgy3\\nether\\kalendrite_scythe_accessory.png",
  "segment_dicts": [
    {
      "equivalent": false,
      "hues": [
        0.0489583333333334,
        0.04957264957264956,
        0.049586776859504134
      ],
      "lightness": 0.8172208013640239,
      "sats": [
        1.0,
        0.7647058823529411,
        0.3137254901960784
      ],
      "vals": [
        0.47450980392156855,
        1.0
      ],
      "variance": 0.11188093160756656
    }
  ]
}