{
  "group_name": "extratic\\assets\\extratic\\textures\\items\\scythe\\metallurgy3\\nether\\kalendrite_scythe_accessory.png",
  "segment_dicts": [
    {
      "equivalent": false,
      "hues": [
        0.8333333333333334
      ],
      "lightness": 0.45745950554134696,
      "sats": [
        0.20547945205479448,
        0.1965811965811965,
        0.1484375
      ],
      "vals": [
        0.28627450980392155,
        0.4588235294117647,
        0.6274509803921569
      ],
      "variance": 0.35250500679450375
    }
  ]
}