{
  "group_name": "extratic\\assets\\extratic\\textures\\items\\scythe\\metallurgy3\\precious\\brass_scythe_binding.png",
  "segment_dicts": [
    {
      "equivalent": false,
      "hues": [
        0.8333333333333334
      ],
      "lightness": 0.43411764705882355,
      "sats": [
        0.20547945205479448,
        0.18848167539267016,
        0.11111111111111117
      ],
      "vals": [
        0.28627450980392155,
        0.4993464052287582,
        0.7058823529411765
      ],
      "variance": 0.2637743849000393
    }
  ]
}