{
  "group_name": "extratic\\assets\\extratic\\textures\\items\\battleaxe\\metallurgy3\\precious\\brass_battleaxe_fronthead.png",
  "segment_dicts": [
    {
      "equivalent": false,
      "hues": [
        0.7533333333333333,
        0.7534246575342466,
        0.7534791252485089
      ],
      "lightness": 0.9005083514887435,
      "sats": [
        0.3443396226415095,
        0.2659968270756214,
        0.16997167138810204
      ],
      "vals": [
        0.8313725490196079,
        0.9269607843137255,
        0.988795518207283
      ],
      "variance": 0.03654187360117488
    }
  ]
}