{
  "group_name": "extratic\\assets\\extratic\\textures\\items\\bolt\\generic\\sapphire_bolt_head.png",
  "segment_dicts": [
    {
      "equivalent": false,
      "hues": [
        0.7524366471734892,
        0.7534246575342466,
        0.7549019607843137
      ],
      "lightness": 0.9568627450980391,
      "sats": [
        0.3443396226415095,
        0.23139377537212458,
        0.1343873517786561
      ],
      "vals": [
        0.8313725490196079,
        0.9660130718954248,
        0.9921568627450981
      ],
      "variance": 0.028079895797391508
    }
  ]
}