{
  "group_name": "forestry\\assets\\forestry\\textures\\items\\fruits\\plum.png",
  "segment_dicts": [
    {
      "equivalent": true,
      "hues": [
        0.0205992509363296,
        0.2471264367816092,
        0.24950099800399203
      ],
      "lightness": 0.7674836601307189,
      "sats": [
        0.6948555320648343,
        0.4687719298245614,
        0.4158878504672897
      ],
      "vals": [
        0.5594771241830065,
        0.6955882352941176,
        0.8597285067873303
      ],
      "variance": 0.339412549069355
    },
    {
      "equivalent": true,
      "hues": [
        0.7986870897155359,
        0.880429705744979,
        0.8992616033755273
      ],
      "lightness": 0.34086687306501545,
      "sats": [
        0.6257425742574259,
        0.49388696655132636,
        0.20167696381288625
      ],
      "vals": [
        0.2200435729847494,
        0.37777777777777777,
        0.5924183006535948
      ],
      "variance": 0.7642091562366647
    }
  ]
}