{
  "group_name": "extratic\\assets\\extratic\\textures\\items\\excavator\\erebus\\jade_excavator_binding.png",
  "segment_dicts": [
    {
      "equivalent": false,
      "hues": [
        0.682033096926714,
        0.6862318840579711,
        0.6934865900383143
      ],
      "lightness": 0.732843137254902,
      "sats": [
        1.0,
        0.9929577464788732
      ],
      "vals": [
        0.5568627450980392,
        0.796078431372549,
        0.9019607843137255
      ],
      "variance": 0.049957179430232264
    }
  ]
}