{
  "group_name": "extratic\\assets\\extratic\\textures\\items\\excavator\\metallurgy3\\precious\\platinum_excavator_grip.png",
  "segment_dicts": [
    {
      "equivalent": false,
      "hues": [
        0.8386666666666667,
        0.8499170812603648,
        0.8752620545073375
      ],
      "lightness": 0.738235294117647,
      "sats": [
        1.0,
        0.5681818181818182
      ],
      "vals": [
        0.6235294117647059,
        0.788235294117647,
        0.8627450980392157
      ],
      "variance": 0.055919888735793996
    }
  ]
}