{
  "group_name": "extratic\\assets\\extratic\\textures\\items\\cleaver\\natura\\netherquartz_cleaver_guard.png",
  "segment_dicts": [
    {
      "equivalent": false,
      "hues": [
        0.06802721088435375,
        0.07347670250896056,
        0.08176100628930816
      ],
      "lightness": 0.39821746880570413,
      "sats": [
        0.6950354609929078,
        0.5095890410958904,
        0.4308943089430894
      ],
      "vals": [
        0.35784313725490197,
        0.4823529411764706,
        0.5529411764705883
      ],
      "variance": 0.30860919381156304
    }
  ]
}