{
  "group_name": "extratic\\assets\\extratic\\textures\\items\\cutlass\\metallurgy3\\precious\\platinum_cutlass_guard.png",
  "segment_dicts": [
    {
      "equivalent": false,
      "hues": [
        0.5436507936507936
      ],
      "lightness": 0.2784313725490196,
      "sats": [
        0.591549295774648
      ],
      "vals": [
        0.2784313725490196
      ],
      "variance": 0.4226376691359211
    },
    {
      "equivalent": false,
      "hues": [
        0.5436507936507936
      ],
      "lightness": 0.2784313725490196,
      "sats": [
        0.591549295774648
      ],
      "vals": [
        0.2784313725490196
      ],
      "variance": 0.4226376691359211
    },
    {
      "equivalent": false,
      "hues": [
        0.5436507936507936
      ],
      "lightness": 0.2784313725490196,
      "sats": [
        0.591549295774648
      ],
      "vals": [
        0.2784313725490196
      ],
      "variance": 0.4226376691359211
    }
  ]
}