{
  "group_name": "extratic\\assets\\extratic\\textures\\items\\cutlass\\natura\\netherquartz_cutlass_handle.png",
  "segment_dicts": [
    {
      "equivalent": false,
      "hues": [
        0.42517006802721086,
        0.42824074074074076,
        0.42924528301886794
      ],
      "lightness": 0.3595776772247361,
      "sats": [
        0.6235294117647059,
        0.6206896551724138,
        0.620253164556962
      ],
      "vals": [
        0.30980392156862746,
        0.4549019607843137,
        0.6666666666666666
      ],
      "variance": 0.3962953467461783
    }
  ]
}