{
  "group_name": "extratic\\assets\\extratic\\textures\\items\\cutlass\\metallurgy3\\precious\\platinum_cutlass_guard.png",
  "segment_dicts": [
    {
      "equivalent": false,
      "hues": [
        0.42517006802721086
      ],
      "lightness": 0.30980392156862746,
      "sats": [
        0.620253164556962
      ],
      "vals": [
        0.30980392156862746
      ],
      "variance": 0.3633241822731474
    },
    {
      "equivalent": false,
      "hues": [
        0.42517006802721086
      ],
      "lightness": 0.30980392156862746,
      "sats": [
        0.620253164556962
      ],
      "vals": [
        0.30980392156862746
      ],
      "variance": 0.3633241822731474
    },
    {
      "equivalent": false,
      "hues": [
        0.42517006802721086
      ],
      "lightness": 0.30980392156862746,
      "sats": [
        0.620253164556962
      ],
      "vals": [
        0.30980392156862746
      ],
      "variance": 0.3633241822731474
    }
  ]
}