{
  "group_name": "extratic\\assets\\extratic\\textures\\items\\cutlass\\metallurgy3\\nether\\ceruclase_cutlass_blade.png",
  "segment_dicts": [
    {
      "equivalent": false,
      "hues": [
        0.061728395061728114,
        0.0654761904761902,
        0.06666666666666665
      ],
      "lightness": 0.4219187675070028,
      "sats": [
        0.5510204081632648,
        0.2836879432624114,
        0.14893617021276603
      ],
      "vals": [
        0.19215686274509813,
        0.5529411764705883,
        0.7372549019607844
      ],
      "variance": 0.6252035377115556
    }
  ]
}