{
  "group_name": "tinker\\assets\\tinker\\textures\\items\\fishingrod\\pigiron_fishingrod_flail.png",
  "segment_dicts": [
    {
      "equivalent": false,
      "hues": [
        0.15151515151515135,
        0.1565656565656566
      ],
      "lightness": 0.5281045751633986,
      "sats": [
        0.14732142857142855,
        0.12222222222222225
      ],
      "vals": [
        0.35294117647058826,
        0.8784313725490196
      ],
      "variance": 0.2905015885588517
    },
    {
      "equivalent": false,
      "hues": [
        0.15555555555555559,
        0.15833333333333335
      ],
      "lightness": 0.8326797385620914,
      "sats": [
        0.10471204188481682,
        0.05882352941176472
      ],
      "vals": [
        0.7490196078431373,
        1.0
      ],
      "variance": 0.18424276574219167
    }
  ]
}