{
  "group_name": "tinker\\assets\\tinker\\textures\\items\\fishingrod\\pigiron_fishingrod_flail.png",
  "segment_dicts": [
    {
      "equivalent": false,
      "hues": [
        0.5922939068100358,
        0.6372549019607843
      ],
      "lightness": 0.48235294117647054,
      "sats": [
        0.8416289592760181,
        0.6891891891891891
      ],
      "vals": [
        0.2901960784313726,
        0.8666666666666667
      ],
      "variance": 0.28598310227435014
    },
    {
      "equivalent": false,
      "hues": [
        0.5766666666666667,
        0.6034858387799563
      ],
      "lightness": 0.7176470588235293,
      "sats": [
        0.9870967741935485,
        0.6276150627615062
      ],
      "vals": [
        0.6078431372549019,
        0.9372549019607843
      ],
      "variance": 0.19221815070898945
    }
  ]
}