{
  "group_name": "tinker\\assets\\tinker\\textures\\items\\fishingrod\\slime_fishingrod_bobber.png",
  "segment_dicts": [
    {
      "equivalent": false,
      "hues": [
        0.0
      ],
      "lightness": 0.04593837535014005,
      "sats": [
        0.0
      ],
      "vals": [
        0.027450980392156862,
        0.1568627450980392
      ],
      "variance": 0.2305800669370959
    }
  ]
}