{
  "group_name": "tinker\\assets\\tinker\\textures\\items\\fishingrod\\pigiron_fishingrod_flail.png",
  "segment_dicts": [
    {
      "equivalent": false,
      "hues": [
        0.756880733944954,
        0.8865248226950355
      ],
      "lightness": 0.338562091503268,
      "sats": [
        1.0,
        0.6606060606060606
      ],
      "vals": [
        0.1843137254901961,
        0.6470588235294118
      ],
      "variance": 0.28871019199751863
    },
    {
      "equivalent": false,
      "hues": [
        0.7415730337078652,
        0.8232323232323232
      ],
      "lightness": 0.4640522875816993,
      "sats": [
        0.825,
        0.45641025641025634
      ],
      "vals": [
        0.3137254901960784,
        0.7647058823529411
      ],
      "variance": 0.21063644993621786
    }
  ]
}