{
  "group_name": "tinker\\assets\\tinker\\textures\\items\\fishingrod\\pigiron_fishingrod_flail.png",
  "segment_dicts": [
    {
      "equivalent": false,
      "hues": [
        0.6666666666666666,
        0.0
      ],
      "lightness": 0.8287581699346404,
      "sats": [
        0.12500000000000003,
        0.08866995073891623,
        0.0
      ],
      "vals": [
        0.6901960784313725,
        0.796078431372549,
        1.0
      ],
      "variance": 0.20243153107502712
    },
    {
      "equivalent": false,
      "hues": [
        0.6666666666666666
      ],
      "lightness": 0.7411764705882351,
      "sats": [
        0.12500000000000003,
        0.08866995073891623,
        0.048458149779735636
      ],
      "vals": [
        0.6901960784313725,
        0.796078431372549,
        0.8901960784313725
      ],
      "variance": 0.22635201181934253
    }
  ]
}