{
  "group_name": "extratic\\assets\\extratic\\textures\\items\\battleaxe\\metallurgy3\\nether\\kalendrite_battleaxe_handle.png",
  "segment_dicts": [
    {
      "equivalent": false,
      "hues": [
        0.15151515151515138,
        0.15555555555555559,
        0.15758547008547014
      ],
      "lightness": 0.6708683473389356,
      "sats": [
        0.12222222222222238,
        0.11931166347992364,
        0.05882352941176472
      ],
      "vals": [
        0.3529411764705883,
        0.7888386123680242,
        1.0
      ],
      "variance": 0.33594463979671285
    }
  ]
}