{
  "group_name": "extratic\\assets\\extratic\\textures\\items\\battleaxe\\oodmod\\kroostyl_battleaxe_back.png",
  "segment_dicts": [
    {
      "equivalent": false,
      "hues": [
        0.15151515151515155,
        0.1565656565656566,
        0.15740740740740744
      ],
      "lightness": 0.6021786492374728,
      "sats": [
        0.14732142857142855,
        0.12222222222222211,
        0.10843373493975898
      ],
      "vals": [
        0.3529411764705882,
        0.6509803921568628,
        0.8784313725490196
      ],
      "variance": 0.1940994837524595
    }
  ]
}