{
  "group_name": "extratic\\assets\\extratic\\textures\\items\\battleaxe\\oodmod\\kroostyl_battleaxe_backhead.png",
  "segment_dicts": [
    {
      "equivalent": false,
      "hues": [
        0.15151515151515133,
        0.15555555555555559,
        0.15706214689265546
      ],
      "lightness": 0.6567901234567901,
      "sats": [
        0.1361329026303646,
        0.12222222222222195,
        0.05882352941176472
      ],
      "vals": [
        0.3529411764705882,
        0.8498039215686275,
        1.0
      ],
      "variance": 0.33691558178126146
    }
  ]
}