{
  "group_name": "extratic\\assets\\extratic\\textures\\items\\battleaxe\\metallurgy3\\nether\\kalendrite_battleaxe_handle.png",
  "segment_dicts": [
    {
      "equivalent": false,
      "hues": [
        0.7048066875653083,
        0.7058823529411765,
        0.7068230277185501
      ],
      "lightness": 0.2864145658263305,
      "sats": [
        0.4671314741035857,
        0.46031746031746024,
        0.3908045977011495
      ],
      "vals": [
        0.20722394220846235,
        0.388235294117647,
        0.6823529411764706
      ],
      "variance": 0.3534415941846038
    }
  ]
}