{
  "group_name": "tinker\\assets\\tinker\\textures\\items\\food\\jerky_mutton.png",
  "segment_dicts": [
    {
      "equivalent": true,
      "hues": [
        0.0,
        0.011574074074074106,
        0.012195121951219504
      ],
      "lightness": 0.1527415143603133,
      "sats": [
        0.972972972972973,
        0.9534883720930233,
        0.0
      ],
      "vals": [
        0.0,
        0.14509803921568626,
        0.16862745098039217
      ],
      "variance": 0.7723412098887209
    },
    {
      "equivalent": true,
      "hues": [
        0.01446654611211575,
        0.017341040462427775,
        0.017887746358183392
      ],
      "lightness": 0.21988547631441957,
      "sats": [
        0.9744493392070485,
        0.9078717201166182,
        0.8927137119908205
      ],
      "vals": [
        0.13487819370172313,
        0.20380273321449793,
        0.29086357947434294
      ],
      "variance": 0.5365000361942673
    },
    {
      "equivalent": true,
      "hues": [
        0.0
      ],
      "lightness": 0.0,
      "sats": [
        0.0
      ],
      "vals": [
        0.0
      ],
      "variance": Infinity
    },
    {
      "equivalent": true,
      "hues": [
        0.0,
        0.0059523809523809494,
        0.01075268817204302
      ],
      "lightness": 0.11478599221789884,
      "sats": [
        1.0,
        0.0
      ],
      "vals": [
        0.0,
        0.10980392156862745,
        0.12156862745098039
      ],
      "variance": 1.0277261512653868
    }
  ]
}