{
  "group_name": "tinker\\assets\\tinker\\textures\\items\\food\\mutton_cooked.png",
  "segment_dicts": [
    {
      "equivalent": false,
      "hues": [
        0.020412141464773048,
        0.022705771050141894,
        0.02621654501216547
      ],
      "lightness": 0.8575910364145658,
      "sats": [
        0.49718744329522774,
        0.49263313852992013,
        0.3987174651075065
      ],
      "vals": [
        0.6971537001897532,
        0.9162141779788838,
        0.9450980392156862
      ],
      "variance": 0.4986430844769026
    }
  ]
}