{
  "group_name": "extratic\\assets\\extratic\\textures\\items\\axe\\oodmod\\kroostyl_axe_head.png",
  "segment_dicts": [
    {
      "equivalent": false,
      "hues": [
        0.06060606060606063,
        0.06111111111111117,
        0.07486979166666635
      ],
      "lightness": 0.5749257278669044,
      "sats": [
        0.3225806451612899,
        0.16058394160583936,
        0.09136331192005716
      ],
      "vals": [
        0.3647058823529411,
        0.5372549019607843,
        0.8452488687782806
      ],
      "variance": 0.28544697684057335
    }
  ]
}