{
  "group_name": "extratic\\assets\\extratic\\textures\\items\\axe\\natura\\ghostwood_axe_handle.png",
  "segment_dicts": [
    {
      "equivalent": false,
      "hues": [
        0.06060606060606063,
        0.07400497512437816,
        0.09523809523809552
      ],
      "lightness": 0.736500754147813,
      "sats": [
        0.16058394160583936,
        0.11586683960224821,
        0.02916666666666668
      ],
      "vals": [
        0.5372549019607843,
        0.8245989304812834,
        0.9411764705882353
      ],
      "variance": 0.1292153641497261
    }
  ]
}