{
  "group_name": "bucket",
  "segment_dicts": [
    {
      "colorize": false,
      "id": 0
    },
    {
      "colorize": true,
      "hues": [
        0.16666666666666663,
        0.16666666666666663,
        0.16666666666666663,
        0.16666666666666663,
        0.16666666666666663,
        0.16666666666666663,
        0.16666666666666663,
        0.16666666666666663,
        0.16666666666666663,
        0.16666666666666663,
        0.16666666666666663,
        0.16666666666666663
      ],
      "id": 1,
      "lightness": 0.8561707035755477,
      "sats": [
        0.023041474654377798,
        0.023041474654377798,
        0.023041474654377798,
        0.023041474654377798,
        0.023041474654377798,
        0.023041474654377798,
        0.02283105022831042,
        0.02283105022831042,
        0.013636363636363715,
        0.013636363636363715,
        0.013574660633484243,
        0.013513513513513592
      ],
      "vals": [
        0.8509803921568627,
        0.8509803921568627,
        0.8509803921568627,
        0.8509803921568627,
        0.8509803921568627,
        0.8509803921568627,
        0.8588235294117647,
        0.8588235294117647,
        0.8627450980392157,
        0.8627450980392157,
        0.8666666666666667,
        0.8705882352941177
      ],
      "variance": 0.43169907032813387
    }
  ]
}