{
  "group_name": "nugget",
  "segment_dicts": [
    {
      "colorize": true,
      "hues": [
        0.0,
        0.0,
        0.0,
        0.0,
        0.0,
        0.0,
        0.0,
        0.0,
        0.0,
        0.0,
        0.0,
        0.0
      ],
      "id": 0,
      "lightness": 0.3784313725490196,
      "sats": [
        0.0,
        0.0,
        0.0,
        0.0,
        0.0,
        0.0,
        0.0,
        0.0,
        0.0,
        0.0,
        0.0,
        0.0
      ],
      "vals": [
        0.21176470588235294,
        0.21176470588235294,
        0.21176470588235294,
        0.27450980392156865,
        0.27450980392156865,
        0.3333333333333333,
        0.3333333333333333,
        0.37254901960784315,
        0.47843137254901963,
        0.7058823529411765,
        0.7686274509803922,
        0.7686274509803922
      ],
      "variance": 0.5917108542698332
    }
  ]
}