{
  "group_name": "dust",
  "segment_dicts": [
    {
      "colorize": true,
      "hues": [
        0.11522633744855965,
        0.11679790026246717,
        0.12121212121212122,
        0.12129144851657941,
        0.12152777777777779,
        0.12377450980392152,
        0.12430939226519339,
        0.12662337662337658,
        0.12808641975308638,
        0.12808641975308638,
        0.1296296296296296
      ],
      "id": 0,
      "lightness": 0.6822638146167558,
      "sats": [
        0.8191489361702128,
        0.7999999999999999,
        0.793859649122807,
        0.7816091954022988,
        0.7764705882352941,
        0.7764705882352941,
        0.7764705882352941,
        0.7714285714285715,
        0.7696969696969697,
        0.7659574468085106,
        0.7609561752988049
      ],
      "vals": [
        0.44313725490196076,
        0.5294117647058824,
        0.5490196078431373,
        0.6470588235294118,
        0.6823529411764706,
        0.7372549019607844,
        0.7372549019607844,
        0.8941176470588236,
        0.984313725490196,
        1.0,
        1.0
      ],
      "variance": 0.406185989944984
    }
  ]
}