{
  "group_name": "nugget",
  "segment_dicts": [
    {
      "colorize": true,
      "hues": [
        0.5625,
        0.5625,
        0.5686274509803922,
        0.5694444444444445,
        0.5694444444444446,
        0.5694444444444446,
        0.5694444444444446,
        0.5694444444444446,
        0.5763888888888888,
        0.5833333333333334,
        0.5833333333333334,
        0.5833333333333334
      ],
      "id": 0,
      "lightness": 0.5670126874279124,
      "sats": [
        0.09411764705882353,
        0.09289617486338796,
        0.08955223880597014,
        0.08955223880597014,
        0.08391608391608402,
        0.08163265306122448,
        0.08163265306122448,
        0.08163265306122448,
        0.08163265306122448,
        0.08163265306122448,
        0.08,
        0.08
      ],
      "vals": [
        0.3843137254901961,
        0.3843137254901961,
        0.3843137254901961,
        0.39215686274509803,
        0.39215686274509803,
        0.5254901960784314,
        0.5254901960784314,
        0.5607843137254902,
        0.7176470588235294,
        1.0,
        1.0,
        1.0
      ],
      "variance": 0.3696806731363463
    }
  ]
}