{
  "group_name": "dust",
  "segment_dicts": [
    {
      "colorize": true,
      "hues": [
        0.5217391304347827,
        0.5238095238095237,
        0.5256410256410257,
        0.5263157894736841,
        0.5263157894736841,
        0.5277777777777777,
        0.5294117647058822,
        0.5308641975308642,
        0.5312499999999999,
        0.5333333333333332,
        0.5333333333333333
      ],
      "id": 0,
      "lightness": 0.6143939393939395,
      "sats": [
        0.12,
        0.11718750000000003,
        0.11570247933884292,
        0.11309523809523803,
        0.11309523809523803,
        0.11255411255411252,
        0.11219512195121953,
        0.1111111111111111,
        0.11020408163265313,
        0.11013215859030837,
        0.1096774193548387
      ],
      "vals": [
        0.39215686274509803,
        0.4745098039215686,
        0.5019607843137255,
        0.5647058823529412,
        0.6078431372549019,
        0.6588235294117647,
        0.6588235294117647,
        0.803921568627451,
        0.8901960784313725,
        0.9058823529411765,
        0.9607843137254902
      ],
      "variance": 0.4560384104472203
    }
  ]
}