{
  "group_name": "dust",
  "segment_dicts": [
    {
      "colorize": true,
      "hues": [
        0.09489633173843698,
        0.09503546099290783,
        0.09523809523809523,
        0.09595959595959597,
        0.09600000000000003,
        0.09610215053763443,
        0.0961968680089485,
        0.0964360587002096,
        0.09649122807017546,
        0.09649122807017546,
        0.09708737864077671
      ],
      "id": 0,
      "lightness": 0.6282085561497327,
      "sats": [
        1.0,
        1.0,
        1.0,
        1.0,
        1.0,
        1.0,
        1.0,
        1.0,
        1.0,
        1.0,
        1.0
      ],
      "vals": [
        0.403921568627451,
        0.49019607843137253,
        0.5176470588235295,
        0.5843137254901961,
        0.6235294117647059,
        0.6705882352941176,
        0.6705882352941176,
        0.8196078431372549,
        0.9058823529411765,
        0.9215686274509803,
        0.9725490196078431
      ],
      "variance": 0.43663678938567835
    }
  ]
}