{
  "group_name": "extratic\\assets\\extratic\\textures\\items\\longsword\\natura\\darkwood_longsword_blade.png",
  "segment_dicts": [
    {
      "equivalent": false,
      "hues": [
        0.968421052631579,
        0.9696969696969697,
        0.9698412698412698
      ],
      "lightness": 0.6344896933132227,
      "sats": [
        0.624113475177305,
        0.5147058823529412,
        0.4418604651162791
      ],
      "vals": [
        0.5529411764705883,
        0.8,
        0.8431372549019608
      ],
      "variance": 0.22038429757526437
    }
  ]
}