{
  "group_name": "water_flow",
  "segment_dicts": [
    {
      "colorize": true,
      "hues": [
        0.0,
        0.0,
        0.0,
        0.0,
        0.0,
        0.0,
        0.0,
        0.0,
        0.0,
        0.0,
        0.0
      ],
      "id": 0,
      "lightness": 0.5602312138863984,
      "sats": [
        0.0,
        0.0,
        0.0,
        0.0,
        0.0,
        0.0,
        0.0,
        0.0,
        0.0,
        0.0,
        0.0
      ],
      "vals": [
        0.4627450980392157,
        0.4745098039215686,
        0.5019607843137255,
        0.5333333333333333,
        0.5647058823529412,
        0.6039215686274509,
        0.611764705882353,
        0.6509803921568628,
        0.7254901960784313,
        0.7725490196078432,
        0.8313725490196079
      ],
      "variance": 0.14963625963366037
    }
  ]
}