{
  "group_name": "extratic\\assets\\extratic\\textures\\items\\excavator\\metallurgy3\\precious\\platinum_excavator_grip.png",
  "segment_dicts": [
    {
      "equivalent": false,
      "hues": [
        0.8005050505050505,
        0.8010204081632653,
        0.8018018018018017
      ],
      "lightness": 0.653921568627451,
      "sats": [
        0.5945945945945945,
        0.5185185185185185,
        0.16086956521739135
      ],
      "vals": [
        0.43529411764705883,
        0.7411764705882353,
        0.9019607843137255
      ],
      "variance": 0.1290783040968221
    }
  ]
}