{
  "group_name": "extratic\\assets\\extratic\\textures\\items\\excavator\\erebus\\jade_excavator_binding.png",
  "segment_dicts": [
    {
      "equivalent": false,
      "hues": [
        0.0
      ],
      "lightness": 0.6681372549019609,
      "sats": [
        1.0,
        0.9411764705882353
      ],
      "vals": [
        0.4235294117647058,
        0.6915032679738562,
        1.0
      ],
      "variance": 0.1469755044273244
    }
  ]
}