{
  "group_name": "extratic\\assets\\extratic\\textures\\items\\excavator\\generic\\amethyst_excavator_handle.png",
  "segment_dicts": [
    {
      "equivalent": false,
      "hues": [
        0.06547619047619054,
        0.06742424242424239,
        0.07246376811594211
      ],
      "lightness": 0.4118872549019608,
      "sats": [
        0.4107142857142856,
        0.3204661325564458,
        0.14893617021276603
      ],
      "vals": [
        0.21960784313725487,
        0.41417797888386126,
        0.7372549019607844
      ],
      "variance": 0.5019932907132798
    }
  ]
}