{
  "group_name": "extratic\\assets\\extratic\\textures\\items\\excavator\\erebus\\jade_excavator_binding.png",
  "segment_dicts": [
    {
      "equivalent": false,
      "hues": [
        0.054131054131054145,
        0.05447380621233194,
        0.054644808743169404
      ],
      "lightness": 0.8524509803921568,
      "sats": [
        1.0,
        0.7176470588235294,
        0.45882352941176474
      ],
      "vals": [
        0.7049019607843137,
        1.0
      ],
      "variance": 0.0669489250523304
    }
  ]
}