{
  "group_name": "extratic\\assets\\extratic\\textures\\items\\lumberaxe\\metallurgy3\\precious\\brass_lumberaxe_binding.png",
  "segment_dicts": [
    {
      "equivalent": false,
      "hues": [
        0.1460905349794239,
        0.1461699581089168,
        0.14625850340136054
      ],
      "lightness": 0.7215686274509805,
      "sats": [
        1.0,
        0.9928698752228164,
        0.3176470588235294
      ],
      "vals": [
        0.3843137254901961,
        0.88,
        1.0
      ],
      "variance": 0.10955015040395027
    }
  ]
}