{
  "group_name": "extratic\\assets\\extratic\\textures\\items\\lumberaxe\\generic\\amethyst_lumberaxe_handle.png",
  "segment_dicts": [
    {
      "equivalent": false,
      "hues": [
        0.5727048675292669,
        0.574074074074074,
        0.5772357723577235
      ],
      "lightness": 0.5019607843137255,
      "sats": [
        0.3134414831981459,
        0.25308641975308643,
        0.1391752577319587
      ],
      "vals": [
        0.33843137254901956,
        0.6352941176470588,
        0.7607843137254902
      ],
      "variance": 0.37704439861761213
    }
  ]
}