{
  "group_name": "extratic\\assets\\extratic\\textures\\items\\lumberaxe\\metallurgy3\\precious\\brass_lumberaxe_binding.png",
  "segment_dicts": [
    {
      "equivalent": false,
      "hues": [
        0.31746031746031744,
        0.3186274509803921,
        0.3205128205128205
      ],
      "lightness": 0.4909090909090909,
      "sats": [
        0.3376623376623376,
        0.33429811866859627,
        0.17989417989418
      ],
      "vals": [
        0.30196078431372547,
        0.5419607843137255,
        0.7411764705882353
      ],
      "variance": 0.22122304577769017
    }
  ]
}