{
  "group_name": "extratic\\assets\\extratic\\textures\\items\\rapier\\metallurgy3\\nether\\kalendrite_rapier_handle.png",
  "segment_dicts": [
    {
      "equivalent": false,
      "hues": [
        0.0
      ],
      "lightness": 0.7023735810113518,
      "sats": [
        0.0
      ],
      "vals": [
        0.591553544494721,
        0.8588235294117647,
        0.984313725490196
      ],
      "variance": 0.27017303603179543
    }
  ]
}