{
  "group_name": "extratic\\assets\\extratic\\textures\\items\\rapier\\metallurgy3\\nether\\kalendrite_rapier_handle.png",
  "segment_dicts": [
    {
      "equivalent": false,
      "hues": [
        0.8333333333333334,
        0.8666666666666667,
        0.8700305810397553
      ],
      "lightness": 0.881733746130031,
      "sats": [
        0.4718614718614718,
        0.16393442622950818,
        0.011857707509881492
      ],
      "vals": [
        0.8361990950226244,
        0.9568627450980393,
        0.9921568627450981
      ],
      "variance": 0.2629824400187539
    }
  ]
}