{
  "group_name": "extratic\\assets\\extratic\\textures\\items\\rapier\\thermal\\lumium_rapier_blade_broken.png",
  "segment_dicts": [
    {
      "equivalent": false,
      "hues": [
        0.0,
        0.048484848484848485
      ],
      "lightness": 0.3830065359477124,
      "sats": [
        1.0
      ],
      "vals": [
        0.25098039215686274,
        0.6470588235294118
      ],
      "variance": 0.2628408587206332
    }
  ]
}