{
  "group_name": "extratic\\assets\\extratic\\textures\\items\\rapier\\thermal\\lumium_rapier_blade_broken.png",
  "segment_dicts": [
    {
      "equivalent": false,
      "hues": [
        0.07446808510638298,
        0.07765151515151515,
        0.07765151515151518
      ],
      "lightness": 0.49673202614379086,
      "sats": [
        1.0,
        0.9215686274509804
      ],
      "vals": [
        0.34509803921568627,
        0.8
      ],
      "variance": 0.25706168411793096
    }
  ]
}