{
  "group_name": "extratic\\assets\\extratic\\textures\\items\\rapier\\thermal\\lumium_rapier_blade_broken.png",
  "segment_dicts": [
    {
      "equivalent": false,
      "hues": [
        0.6666666666666666,
        0.0
      ],
      "lightness": 0.5673202614379085,
      "sats": [
        0.19230769230769218,
        0.05806451612903232,
        0.0
      ],
      "vals": [
        0.40784313725490196,
        0.8104575163398693,
        1.0
      ],
      "variance": 0.2548706318250801
    }
  ]
}