{
  "group_name": "extratic\\assets\\extratic\\textures\\items\\rapier\\natura\\netherquartz_rapier_accessory.png",
  "segment_dicts": [
    {
      "equivalent": false,
      "hues": [
        0.0
      ],
      "lightness": 0.2296078431372549,
      "sats": [
        0.0
      ],
      "vals": [
        0.09019607843137253,
        0.5098039215686274,
        0.780392156862745
      ],
      "variance": 0.3810570180787983
    }
  ]
}