{
  "group_name": "extratic\\assets\\extratic\\textures\\items\\battlesign\\natura\\netherquartz_battlesign_handle.png",
  "segment_dicts": [
    {
      "equivalent": false,
      "hues": [
        0.08596491228070176,
        0.09923664122137404,
        0.10991820040899797
      ],
      "lightness": 0.6601307189542485,
      "sats": [
        0.7987804878048781,
        0.7364341085271319,
        0.5769911504424778
      ],
      "vals": [
        0.5058823529411764,
        0.6431372549019608,
        0.8862745098039215
      ],
      "variance": 0.10257945089398363
    }
  ]
}