{
  "group_name": "extratic\\assets\\extratic\\textures\\items\\axe\\natura\\ghostwood_axe_handle.png",
  "segment_dicts": [
    {
      "equivalent": false,
      "hues": [
        0.06486486486486485,
        0.06756756756756756,
        0.07051282051282054
      ],
      "lightness": 0.2656108597285068,
      "sats": [
        0.4642857142857143,
        0.46249999999999997,
        0.46192259675405745
      ],
      "vals": [
        0.2196078431372549,
        0.28556149732620323,
        0.3137254901960784
      ],
      "variance": 0.0819103771410835
    }
  ]
}