{
  "group_name": "extratic\\assets\\extratic\\textures\\items\\axe\\oodmod\\kroostyl_axe_head.png",
  "segment_dicts": [
    {
      "equivalent": false,
      "hues": [
        0.06445461479786423,
        0.07051282051282054,
        0.07407407407407403
      ],
      "lightness": 0.21330956625074274,
      "sats": [
        0.47368421052631576,
        0.4642857142857143,
        0.4537902388369678
      ],
      "vals": [
        0.14901960784313725,
        0.2196078431372549,
        0.29049773755656105
      ],
      "variance": 0.2087782029590712
    }
  ]
}