{
  "group_name": "extratic\\assets\\extratic\\textures\\items\\crossbow\\generic\\sapphire_crossbow_bow_1.png",
  "segment_dicts": [
    {
      "equivalent": false,
      "hues": [
        0.0184254606365159,
        0.01977401129943503,
        0.019993105825577378
      ],
      "lightness": 0.7976470588235295,
      "sats": [
        1.0,
        0.903061224489796,
        0.7803921568627451
      ],
      "vals": [
        0.5417366946778711,
        0.7686274509803922,
        0.9999999999999999
      ],
      "variance": 0.109637205106026
    }
  ]
}