{
  "group_name": "extratic\\assets\\extratic\\textures\\items\\crossbow\\generic\\sapphire_crossbow_bow_1.png",
  "segment_dicts": [
    {
      "equivalent": false,
      "hues": [
        0.32375478927203066,
        0.3430735930735931,
        0.34375
      ],
      "lightness": 0.5940392156862746,
      "sats": [
        0.686478454680535,
        0.649746192893401,
        0.6083916083916084
      ],
      "vals": [
        0.37703081232493,
        0.5607843137254902,
        0.7725490196078432
      ],
      "variance": 0.12514031485398158
    }
  ]
}