{
  "group_name": "extratic\\assets\\extratic\\textures\\items\\crossbow\\ae\\certus_quartz_crossbow_bow_2.png",
  "segment_dicts": [
    {
      "equivalent": false,
      "hues": [
        0.11111111111111112
      ],
      "lightness": 0.23529411764705882,
      "sats": [
        1.0
      ],
      "vals": [
        0.23529411764705882
      ],
      "variance": 0.5555975851479006
    },
    {
      "equivalent": false,
      "hues": [
        0.11041666666666665,
        0.11065573770491804,
        0.1111111111111111
      ],
      "lightness": 0.722549019607843,
      "sats": [
        1.0,
        0.9568627450980393
      ],
      "vals": [
        0.31372549019607837,
        0.6823529411764706,
        1.0
      ],
      "variance": 0.18092730045521868
    }
  ]
}