{
  "group_name": "extratic\\assets\\extratic\\textures\\items\\crossbow\\ae\\certus_quartz_crossbow_bow_2.png",
  "segment_dicts": [
    {
      "equivalent": false,
      "hues": [
        0.11111111111111109
      ],
      "lightness": 0.2823529411764706,
      "sats": [
        0.29166666666666663
      ],
      "vals": [
        0.2823529411764706
      ],
      "variance": 0.3309956275674198
    },
    {
      "equivalent": false,
      "hues": [
        0.0968992248062015,
        0.11728395061728393,
        0.11904761904761885
      ],
      "lightness": 0.6957516339869281,
      "sats": [
        0.2934782608695651,
        0.23004694835680758,
        0.21827411167512697
      ],
      "vals": [
        0.3607843137254902,
        0.7725490196078432,
        0.835294117647059
      ],
      "variance": 0.13432607901279975
    }
  ]
}