{
  "group_name": "extratic\\assets\\extratic\\textures\\items\\bolt\\generic\\sapphire_bolt_head.png",
  "segment_dicts": [
    {
      "equivalent": false,
      "hues": [
        0.0
      ],
      "lightness": 0.6823529411764706,
      "sats": [
        0.0
      ],
      "vals": [
        0.1568627450980392,
        0.7189542483660131,
        0.8352941176470587
      ],
      "variance": 0.053919704685384685
    }
  ]
}