{
  "group_name": "planks_oak",
  "segment_dicts": [
    {
      "colorize": true,
      "hues": [
        0.13652482269503546,
        0.13652482269503546,
        0.13652482269503546,
        0.13652482269503546,
        0.13652482269503546,
        0.13652482269503546,
        0.14080459770114945,
        0.14080459770114945,
        0.1483739837398374,
        0.1483739837398374,
        0.1483739837398374
      ],
      "id": 0,
      "lightness": 0.6082720588235294,
      "sats": [
        0.5256410256410257,
        0.5256410256410257,
        0.5256410256410257,
        0.5251396648044693,
        0.5242718446601942,
        0.5242718446601942,
        0.5132743362831858,
        0.5132743362831858,
        0.5026737967914439,
        0.5026737967914439,
        0.5026737967914439
      ],
      "vals": [
        0.403921568627451,
        0.403921568627451,
        0.44313725490196076,
        0.44313725490196076,
        0.611764705882353,
        0.611764705882353,
        0.611764705882353,
        0.7019607843137254,
        0.7333333333333333,
        0.7333333333333333,
        0.7333333333333333
      ],
      "variance": 0.20498949444455783
    }
  ]
}