{
  "group_name": "planks_oak",
  "segment_dicts": [
    {
      "colorize": true,
      "hues": [
        0.06932153392330381,
        0.0693333333333333,
        0.0693333333333333,
        0.06944444444444448,
        0.06954436450839324,
        0.06954436450839324,
        0.06955380577427822,
        0.06955380577427822,
        0.06955380577427822,
        0.06957928802589003,
        0.06957928802589003
      ],
      "id": 0,
      "lightness": 0.7291207107843137,
      "sats": [
        0.7152777777777778,
        0.7152777777777778,
        0.7151898734177214,
        0.7128205128205128,
        0.7094972067039106,
        0.7094972067039106,
        0.7055837563451777,
        0.6567164179104477,
        0.6287128712871287,
        0.6157635467980295,
        0.6127450980392157
      ],
      "vals": [
        0.5647058823529412,
        0.5647058823529412,
        0.6196078431372549,
        0.7019607843137254,
        0.7019607843137254,
        0.7647058823529411,
        0.7725490196078432,
        0.788235294117647,
        0.792156862745098,
        0.796078431372549,
        0.8
      ],
      "variance": 0.11467568681770286
    }
  ]
}