{
  "cluster_map": "[0, 0, 0, 0, 0, 0, 0, 0, 0, 0, 0, 0, 0, 0, 0, 0, 0, 0, 0, 0, 0, 0, 0, 0, 0, 0, 0, 0, 0, 0, 0, 0, 0, 0, 0, 0, 0, 0, 0, 0, 0, 0, 0, 0, 0, 0, 0, 0, 0, 0, 0, 1, 1, 1, 1, 1, 1, 1, 1, 1, 1, 0, 0, 0, 0, 0, 0, 1, 1, 1, 1, 1, 1, 1, 1, 1, 1, 0, 0, 0, 0, 0, 0, 1, 1, 1, 1, 2, 2, 1, 1, 1, 1, 0, 0, 0, 0, 0, 0, 1, 1, 1, 1, 2, 2, 1, 1, 1, 1, 0, 0, 0, 0, 0, 0, 1, 1, 1, 1, 2, 2, 1, 1, 1, 1, 0, 0, 0, 0, 0, 0, 1, 1, 1, 1, 1, 1, 1, 1, 1, 0, 0, 0, 0, 0, 0, 0, 1, 1, 1, 1, 1, 1, 1, 1, 0, 0, 0, 0, 0, 0, 0, 0, 1, 1, 1, 1, 1, 1, 1, 0, 0, 0, 0, 0, 0, 0, 0, 0, 1, 1, 1, 1, 1, 1, 0, 0, 0, 0, 0, 0, 0, 0, 0, 0, 1, 1, 1, 1, 1, 0, 0, 0, 0, 0, 0, 0, 0, 0, 0, 0, 0, 0, 0, 0, 0, 0, 0, 0, 0, 0, 0, 0, 0, 0, 0, 0, 0, 0, 0, 0, 0, 0, 0, 0, 0, 0, 0, 0, 0, 0, 0, 0, 0, 0, 0, 0, 0, 0, 0, 0, 0, 0, 0, 0, 0]",
  "group_name": "forestry\\assets\\forestry\\textures\\items\\misc\\access.viewable.png",
  "segment_dicts": [
    {
      "hues": [
        0.3574773192859233,
        0.39300309598784655,
        0.39877755721642344,
        0.5209195636650783
      ],
      "lightness": 0.8896845694799659,
      "sats": [
        0.8435672515,
        0.67,
        0.6597222223,
        0.6516203704500001
      ],
      "vals": [
        0.2790697674418605,
        0.2857142857142857,
        0.3030303030303031,
        1.0
      ],
      "variance": 0.30163741019596685
    },
    {
      "hues": [
        0.35217912489306213,
        0.3833767134970369,
        0.3834520354955522,
        0.3849874308931402,
        0.3866683234859581,
        0.38865967228083914,
        0.3919801294487005,
        0.3930030959878466,
        0.39380368459607684,
        0.39877755721642355,
        0.4033893282730669,
        0.420770519257965,
        0.42531707101188104,
        0.4258019525844174,
        0.42580195259919495,
        0.4275190260909436,
        0.43733076260087045,
        0.4382529419887449,
        0.4425687828934756,
        0.44608044155878573,
        0.45289290222890005,
        0.4541340638276275,
        0.45650612589739187,
        0.46077643908881,
        0.46296016008185314,
        0.463504205865189,
        0.4698335552978068,
        0.4700345454326605,
        0.47786537295478837,
        0.4826464152408503,
        0.48308636431671914,
        0.48994469582704875
      ],
      "lightness": 0.4131546289401837,
      "sats": [
        0.8811184400110295,
        0.8764148147573334,
        0.8754578755076923,
        0.8736033330576576,
        0.8709011340557693,
        0.8700115339882354,
        0.8688,
        0.8643273471304348,
        0.8635676493214286,
        0.861591695482353,
        0.8606237816903508,
        0.8548716498504855,
        0.8543184183419354,
        0.8542375283309523,
        0.8507149188946237,
        0.8366032501413794,
        0.8347550089197182,
        0.8320713899255814,
        0.7392592592266666,
        0.6911157024318181,
        0.6885813148352941,
        0.6686390531384616,
        0.6632653062571429,
        0.6597222223,
        0.6549999999999999,
        0.6528599604307693,
        0.6516203704500001,
        0.65,
        0.6143250687272728,
        0.6096938777071429,
        0.5987654321388888,
        0.5963541665375001
      ],
      "vals": [
        0.25806451612903225,
        0.2745098039215686,
        0.275,
        0.2769230769230768,
        0.2790697674418605,
        0.2857142857142857,
        0.28571428571428575,
        0.289855072463768,
        0.29545454545454547,
        0.30952380952380953,
        0.31481481481481477,
        0.3181818181818182,
        0.31884057971014484,
        0.3409090909090909,
        0.5966386554621849,
        0.5979381443298969,
        0.6231884057971014,
        0.6912751677852349,
        0.6942148760330578,
        0.7076923076923076,
        0.7083333333333334,
        0.7322834645669292,
        0.732394366197183,
        0.7368421052631579,
        0.7380952380952381,
        0.7391304347826088,
        0.7602739726027397,
        0.7621951219512195,
        0.7647058823529412,
        0.7731958762886597,
        0.7972027972027971,
        0.8143712574850299
      ],
      "variance": 0.5217998619762831
    },
    {
      "hues": [
        0.6666666666666666
      ],
      "lightness": 0.5712418300653594,
      "sats": [
        1.0
      ],
      "vals": [
        0.4627450980392157,
        0.5254901960784314,
        0.5686274509803921,
        0.6470588235294118,
        0.7607843137254902
      ],
      "variance": 0.15392863431866888
    }
  ]
}