{
  "cluster_map": "[0, 0, 0, 0, 0, 0, 0, 0, 0, 0, 0, 0, 0, 0, 0, 0, 0, 0, 0, 0, 1, 1, 1, 1, 1, 1, 1, 1, 0, 0, 0, 0, 0, 0, 0, 0, 1, 1, 1, 1, 1, 1, 1, 1, 0, 0, 0, 0, 0, 0, 0, 0, 0, 0, 0, 0, 0, 0, 0, 0, 0, 0, 0, 0, 0, 0, 0, 0, 0, 0, 0, 0, 0, 0, 0, 0, 0, 0, 0, 0, 0, 0, 0, 0, 1, 2, 2, 2, 2, 2, 2, 1, 0, 0, 0, 0, 0, 0, 0, 0, 1, 2, 0, 0, 0, 0, 2, 1, 0, 0, 0, 0, 0, 0, 0, 0, 0, 2, 0, 0, 0, 0, 2, 0, 0, 0, 0, 0, 0, 0, 0, 0, 0, 2, 0, 0, 0, 0, 2, 0, 0, 0, 0, 0, 0, 0, 0, 0, 1, 2, 0, 0, 0, 0, 2, 0, 0, 0, 0, 0, 0, 0, 0, 0, 1, 2, 2, 2, 2, 2, 2, 0, 0, 0, 0, 0, 0, 0, 0, 0, 0, 0, 0, 0, 0, 0, 0, 0, 0, 0, 0, 0, 0, 0, 0, 0, 0, 0, 0, 0, 0, 0, 0, 0, 0, 0, 0, 0, 0, 0, 0, 0, 1, 1, 1, 1, 1, 1, 1, 1, 0, 0, 0, 0, 0, 0, 0, 0, 1, 1, 1, 1, 1, 1, 1, 1, 0, 0, 0, 0, 0, 0, 0, 0, 0, 0, 0, 0, 0, 0, 0, 0, 0, 0, 0, 0]",
  "group_name": "stevescarts\\assets\\stevescarts\\textures\\blocks\\advanced_detector_rail.png",
  "segment_dicts": [
    {
      "hues": [
        0.41545215101256,
        0.42156300513866674,
        0.4751991988535793,
        0.5008238774669512,
        0.5870037758503135,
        0.6188648181655174,
        0.6340266666666666,
        0.6402705173990304,
        0.6432916666666667,
        0.650570214198544,
        0.6549791666666667,
        0.6666666666666666
      ],
      "lightness": 0.5207282913165265,
      "sats": [
        1.0,
        0.9906716417611939,
        0.8023255813953488,
        0.7908163266142857,
        0.7908163266142856,
        0.7818287038,
        0.74444444447
      ],
      "vals": [
        0.40784313725490196,
        0.4347826086956521,
        0.46153846153846156,
        0.49019607843137253,
        0.5058823529411764,
        0.5121951219512195,
        0.5254901960784314,
        0.5450980392156862,
        0.5607843137254902,
        0.6431372549019608,
        0.6588235294117647,
        0.6980392156862745,
        0.7843137254901961
      ],
      "variance": 0.5097335189791713
    },
    {
      "hues": [
        0.4110646203440405,
        0.4126798459652661,
        0.41545215101256,
        0.4197973869659773,
        0.42156300513866674,
        0.4339062001866431,
        0.4468545934313107,
        0.45008953634211707,
        0.4651329384221929,
        0.4751991988535793,
        0.4898593780959833,
        0.49262647703677537,
        0.5157651410074878,
        0.5289542426110182,
        0.5438791438473953
      ],
      "lightness": 0.4297213622291022,
      "sats": [
        0.8517441860465117,
        0.8445121951219513,
        0.8298647243306452,
        0.8283607680944445,
        0.8166864843103449,
        0.8092031425555555,
        0.8064148324170731,
        0.8001314923692308,
        0.7908163266142857,
        0.7907407407616667,
        0.7818287038,
        0.7734375001,
        0.770316804509091,
        0.7650935373928571,
        0.74444444447
      ],
      "vals": [
        0.4307692307692307,
        0.4347826086956521,
        0.4444444444444444,
        0.46153846153846156,
        0.4782608695652174,
        0.5121951219512195,
        0.513157894736842,
        0.5294117647058824,
        0.5309734513274336,
        0.5688073394495412,
        0.5774647887323944,
        0.58,
        0.5934065934065934,
        0.6431372549019608,
        0.6745098039215687
      ],
      "variance": 0.376453857803702
    },
    {
      "hues": [
        0.24596294828681228,
        0.2605385591334297,
        0.26447362483383535,
        0.26875873513836473,
        0.3036589635952381,
        0.30877329191666664
      ],
      "lightness": 0.31196078431372554,
      "sats": [
        0.807843137254902,
        0.6784313725490196,
        0.6509803921568628,
        0.6235294117647059,
        0.4666666666666667,
        0.4509803921568627
      ],
      "vals": [
        1.0
      ],
      "variance": 0.29266915990020936
    }
  ]
}