{
  "cluster_map": "[0, 0, 1, 1, 1, 1, 0, 0, 0, 0, 1, 1, 1, 1, 0, 0, 0, 0, 1, 1, 1, 1, 0, 0, 0, 1, 1, 1, 1, 1, 0, 0, 0, 0, 1, 1, 1, 1, 0, 0, 0, 1, 1, 1, 1, 1, 0, 0, 0, 0, 1, 1, 1, 1, 0, 0, 0, 1, 1, 1, 1, 1, 0, 0, 0, 0, 1, 1, 1, 1, 1, 1, 1, 1, 1, 1, 1, 1, 0, 0, 0, 0, 1, 1, 1, 1, 1, 1, 1, 1, 1, 1, 1, 1, 0, 0, 0, 0, 1, 1, 1, 1, 1, 1, 1, 1, 1, 1, 1, 1, 0, 0, 0, 0, 1, 1, 1, 1, 1, 1, 1, 1, 1, 1, 1, 1, 0, 0, 0, 0, 1, 1, 1, 1, 1, 1, 1, 1, 1, 1, 1, 1, 0, 0, 0, 0, 1, 1, 1, 1, 1, 1, 1, 1, 1, 1, 1, 1, 0, 0, 0, 0, 1, 1, 1, 1, 1, 1, 1, 1, 1, 1, 1, 1, 0, 0, 0, 0, 1, 1, 1, 1, 1, 1, 1, 1, 1, 1, 1, 1, 0, 0, 0, 0, 0, 1, 1, 1, 1, 1, 1, 1, 1, 1, 1, 0, 0, 0, 0, 0, 0, 0, 1, 1, 1, 1, 1, 1, 1, 1, 0, 0, 0, 0, 0, 0, 0, 0, 0, 1, 1, 1, 1, 1, 1, 0, 0, 0, 0, 0, 0, 0, 0, 0, 0, 0, 1, 1, 1, 1, 0, 0, 0, 0, 0, 0]",
  "group_name": "portalgun\\assets\\portalgun\\textures\\blocks\\afpBottom.png",
  "segment_dicts": [
    {
      "hues": [
        0.013616071427124732,
        0.4843137254901961,
        0.4856209150326798,
        0.48692810457516345,
        0.941146534946084
      ],
      "lightness": 0.5315233785822022,
      "sats": [
        0.8911564625788144,
        0.752941176490353,
        0.5
      ],
      "vals": [
        0.5555555556,
        0.5833333333,
        1.0
      ],
      "variance": 0.27578609985800207
    },
    {
      "hues": [
        0.9333203480018949,
        0.9353732942066819,
        0.9360008314335859,
        0.941146534946084,
        0.985446463778558,
        0.9911764705891856,
        0.013616071427124732,
        0.013616071427124768,
        0.014584578600485102
      ],
      "lightness": 0.17780244173140955,
      "sats": [
        0.9129032258134194,
        0.8976545842158999,
        0.8911564625788144,
        0.8579545454456675,
        0.7847919655793736,
        0.752941176490353,
        0.7529411764903529,
        0.7428571428777143,
        0.739938080506306
      ],
      "vals": [
        0.5277777778,
        0.5333333333,
        0.5555555556,
        0.5666666667,
        0.5833333333
      ],
      "variance": 0.5374014244990656
    }
  ]
}