{
  "cluster_map": "[0, 0, 0, 0, 0, 0, 0, 0, 0, 0, 0, 0, 0, 0, 0, 0, 0, 0, 0, 0, 0, 0, 0, 0, 0, 0, 0, 0, 0, 0, 0, 0, 0, 0, 1, 1, 1, 1, 0, 0, 0, 0, 0, 0, 0, 0, 0, 0, 0, 1, 1, 1, 1, 1, 1, 0, 0, 0, 0, 0, 0, 0, 0, 0, 0, 1, 1, 1, 1, 1, 1, 0, 0, 0, 0, 0, 0, 0, 0, 0, 0, 1, 1, 1, 1, 1, 1, 0, 0, 0, 0, 0, 0, 0, 0, 0, 0, 0, 1, 1, 1, 1, 0, 0, 0, 0, 0, 0, 0, 0, 0, 0, 0, 0, 0, 0, 0, 0, 0, 0, 0, 0, 0, 0, 0, 0, 0, 0, 0, 0, 0, 0, 0, 0, 0, 0, 0, 0, 0, 0, 0, 0, 0, 0, 0, 0, 0, 0, 0, 0, 0, 0, 0, 0, 0, 0, 0, 0, 0, 0, 0, 0, 0, 0, 0, 0, 0, 0, 0, 0, 1, 1, 1, 1, 0, 0, 0, 0, 0, 0, 0, 0, 0, 0, 0, 1, 1, 1, 1, 1, 1, 0, 0, 0, 0, 0, 0, 0, 0, 0, 0, 1, 1, 1, 1, 1, 1, 0, 0, 0, 0, 0, 0, 0, 0, 0, 0, 1, 1, 1, 1, 1, 1, 0, 0, 0, 0, 0, 0, 0, 0, 0, 0, 0, 1, 1, 1, 1, 0, 0, 0, 0, 0, 0, 0, 0, 0, 0, 0, 0, 0, 0, 0, 0, 0, 0]",
  "group_name": "natura\\assets\\natura\\textures\\blocks\\apple_leaves_fruit_fancy.png",
  "segment_dicts": [
    {
      "hues": [
        0.4147834859967002,
        0.6666666666666666
      ],
      "lightness": 0.5359477124183007,
      "sats": [
        1.0,
        0.9311587753839623
      ],
      "vals": [
        0.29411764705882354,
        0.3058823529411765,
        0.31176470588235294,
        0.3215686274509804,
        0.32549019607843144,
        0.3294117647058824,
        0.33725490196078434,
        0.3411764705882353,
        0.34509803921568627,
        0.34901960784313724,
        0.35424836601307186,
        0.3607843137254902,
        0.37254901960784315,
        0.3843137254901961,
        0.39215686274509803,
        0.396078431372549,
        0.4,
        0.4980392156862745,
        0.5176470588235295,
        0.5274509803921569,
        0.5411764705882353,
        0.5450980392156862,
        0.5529411764705883,
        0.5607843137254902,
        0.5686274509803921,
        0.5725490196078431,
        0.5764705882352941,
        0.5811764705882353,
        0.592156862745098,
        0.6,
        0.6045751633986928,
        0.6196078431372549,
        0.6235294117647059,
        0.6362745098039215,
        0.6450980392156863,
        0.6529411764705882,
        0.661437908496732,
        0.6666666666666666,
        0.6705882352941176,
        0.6745098039215687,
        0.6784313725490196,
        0.6862745098039216,
        0.692156862745098,
        0.6980392156862745,
        0.7019607843137254,
        0.7058823529411765,
        0.711764705882353,
        0.7215686274509804,
        0.7333333333333333,
        0.8907563025210085
      ],
      "variance": 0.5313932117999665
    },
    {
      "hues": [
        0.8102699769285714,
        0.8136231884033333,
        0.8166168449136904,
        0.8291851063043117,
        0.8298136645958333,
        0.8299181253591961,
        0.8344676713852196,
        0.9116892989360129,
        0.9635338192901275,
        0.969639628982568,
        0.048623086045578356,
        0.06180605754504759,
        0.09045108329845004,
        0.09566529087746473,
        0.10478902723401189,
        0.10910287736412427,
        0.1265160840879853,
        0.1296900489360445,
        0.13543394683930585
      ],
      "lightness": 0.8088973287308587,
      "sats": [
        0.5490196078431373,
        0.5046439628316116,
        0.40515532056187203,
        0.38736127472254944,
        0.3808646350136145,
        0.365606529668934,
        0.34131247877309256,
        0.2989059080786377,
        0.29250108500217004,
        0.21004601648481436,
        0.17742793320157085,
        0.1098039215686275,
        0.10289083847426227,
        0.0980392156862745,
        0.09716821670937192,
        0.09711075442427002,
        0.09323952692773542,
        0.09287692096731202,
        0.08235294117647063
      ],
      "vals": [
        0.9878957169,
        0.9879227053,
        0.9880952381,
        0.9884259259,
        0.9887820513,
        0.9888357257,
        0.9888888889,
        0.9895833333,
        0.9942528736,
        0.9952380952,
        0.9956427015,
        0.996078431372549,
        0.9963963964,
        1.0
      ],
      "variance": 0.4155698120455015
    }
  ]
}