{
  "cluster_map": "[0, 0, 0, 0, 0, 0, 0, 0, 0, 0, 0, 0, 0, 0, 0, 0, 0, 0, 0, 0, 0, 0, 0, 0, 0, 2, 0, 0, 0, 0, 0, 0, 0, 0, 0, 0, 0, 2, 2, 2, 2, 2, 0, 0, 0, 0, 0, 0, 0, 0, 0, 0, 2, 2, 2, 2, 2, 2, 0, 1, 0, 0, 0, 0, 0, 0, 0, 0, 2, 2, 2, 2, 2, 2, 0, 0, 0, 0, 0, 0, 0, 0, 0, 0, 2, 2, 2, 2, 2, 2, 0, 0, 0, 0, 0, 0, 0, 0, 0, 0, 0, 2, 2, 2, 2, 2, 0, 0, 0, 0, 0, 0, 0, 0, 0, 0, 0, 0, 2, 2, 2, 0, 0, 0, 0, 0, 0, 0, 0, 0, 0, 0, 0, 0, 0, 0, 0, 0, 0, 0, 0, 0, 0, 0, 0, 0, 0, 0, 0, 0, 0, 0, 0, 0, 0, 0, 0, 0, 0, 0, 0, 0, 0, 0, 0, 0, 0, 0, 0, 0, 0, 0, 0, 0, 0, 0, 0, 0, 0, 0, 0, 0, 0, 0, 0, 0, 0, 0, 0, 0, 0, 0, 0, 0, 0, 0, 0, 0, 0, 0, 0, 0, 0, 0, 0, 0, 0, 0, 0, 0, 0, 0, 0, 0, 0, 0, 0, 0, 0, 0, 0, 0, 0, 0, 0, 0, 0, 0, 0, 0, 0, 0, 0, 0, 0, 0, 0, 0, 0, 0, 0, 0, 0, 0, 0, 0, 0, 0, 0, 0, 0, 0, 0, 0, 0, 0]",
  "group_name": "harvestcraft\\assets\\harvestcraft\\textures\\blocks\\apricot_1.png",
  "segment_dicts": [
    {
      "hues": [
        0.292432355023224,
        0.2949416978047387,
        0.30922876471024024,
        0.31260237209036373,
        0.3661286897611617,
        0.3733955714461376,
        0.37628865978292714,
        0.403035213991851
      ],
      "lightness": 0.28454208218914107,
      "sats": [
        0.8707885520956044,
        0.7645136485294118,
        0.7112418300653595,
        0.6791575889615106,
        0.6173308032890575,
        0.5610532408166666,
        0.5528,
        0.5504643962848297
      ],
      "vals": [
        0.5636363636363637,
        0.574468085106383,
        0.5757575757575758,
        0.5813953488372093,
        0.5853658536585367,
        0.6382978723404256,
        0.68,
        0.8504672897196262
      ],
      "variance": 0.18887902373407545
    },
    {
      "hues": [
        0.22907488986160063
      ],
      "lightness": 0.10980392156862745,
      "sats": [
        0.8901960784313725
      ],
      "vals": [
        1.0
      ],
      "variance": 0.06237781024480981
    },
    {
      "hues": [
        0.403035213991851,
        0.4343806710360592,
        0.5310476543516205,
        0.5502992226435569,
        0.5571145477399462,
        0.5628351826492608,
        0.5748269726120162,
        0.5754010137415864,
        0.576353913442881,
        0.5771801919666925,
        0.5867464548130202,
        0.5917936800735998,
        0.5925731293477671,
        0.5937048885085002,
        0.5942578816431858,
        0.5969309383925102,
        0.5983872785188371,
        0.6008450089626277,
        0.6025488811699108,
        0.6101760100261636,
        0.6112506016294144,
        0.6138981173822514,
        0.6154059912036725,
        0.6172883368451836,
        0.6237128069224459,
        0.6242573227137435,
        0.6309700699861603,
        0.6346400193317118
      ],
      "lightness": 0.8792343465985999,
      "sats": [
        0.9046266233928572,
        0.9044387075,
        0.9039931008504184,
        0.9038098830726141,
        0.9037046845254237,
        0.9036923486673554,
        0.903596127259336,
        0.903590994720339,
        0.9034597239618645,
        0.9033613445714286,
        0.9032470644935897,
        0.9032347958392857,
        0.9028954802754237,
        0.9027498996489361,
        0.9026200438012552,
        0.9024612219487179,
        0.9018862613062499,
        0.9016732080489362,
        0.9016460234957627,
        0.9015344296888412,
        0.900620867551282,
        0.9005900014415584,
        0.9004683841038961,
        0.8997817899805195,
        0.8982452418495575,
        0.8950739036435897,
        0.8908997561839623,
        0.8707885520956044
      ],
      "vals": [
        0.8313725490196079,
        0.841726618705036,
        0.8504672897196262,
        0.8862745098039215,
        0.9058823529411765,
        0.9137254901960784,
        0.9176470588235294,
        0.9215686274509803,
        0.9254901960784314,
        0.9294117647058824,
        0.9333333333333333,
        0.9372549019607843,
        0.9411764705882353,
        0.9450980392156862,
        0.9490196078431372
      ],
      "variance": 0.3354063508472667
    }
  ]
}