{
  "cluster_map": "[1, 1, 1, 1, 1, 1, 1, 0, 0, 0, 1, 1, 1, 1, 1, 1, 1, 1, 1, 1, 1, 1, 1, 0, 0, 0, 1, 1, 1, 1, 1, 1, 1, 1, 1, 1, 1, 1, 1, 0, 0, 0, 1, 1, 1, 1, 1, 1, 1, 1, 1, 1, 1, 1, 2, 2, 2, 2, 1, 1, 1, 1, 1, 1, 1, 1, 1, 1, 0, 0, 0, 0, 0, 0, 0, 0, 1, 1, 1, 1, 1, 1, 1, 1, 0, 0, 0, 0, 0, 0, 0, 0, 1, 1, 1, 1, 1, 1, 1, 3, 0, 0, 0, 0, 0, 0, 0, 0, 1, 1, 1, 1, 1, 1, 1, 3, 0, 0, 0, 0, 0, 0, 0, 0, 1, 1, 1, 1, 1, 1, 1, 3, 0, 0, 0, 0, 0, 0, 0, 0, 1, 1, 1, 1, 1, 1, 1, 3, 0, 0, 0, 0, 0, 0, 0, 0, 1, 1, 1, 1, 1, 1, 1, 1, 0, 0, 0, 0, 0, 0, 0, 0, 1, 1, 1, 1, 1, 1, 1, 1, 0, 0, 0, 0, 0, 0, 0, 0, 1, 1, 1, 1, 1, 1, 1, 1, 0, 0, 0, 0, 0, 0, 0, 0, 1, 1, 1, 1, 1, 1, 1, 1, 0, 0, 0, 0, 0, 0, 0, 0, 1, 1, 1, 1, 1, 1, 1, 1, 0, 0, 0, 0, 0, 0, 0, 0, 1, 1, 1, 1, 1, 1, 1, 1, 0, 0, 0, 0, 0, 0, 0, 0, 1, 1, 1, 1]",
  "group_name": "binniecore\\assets\\extratrees\\textures\\blocks\\patterns\\barredend4.1.png",
  "segment_dicts": [
    {
      "hues": [
        0.6666666666666666
      ],
      "lightness": 1.0,
      "sats": [
        1.0
      ],
      "vals": [
        1.0
      ],
      "variance": 0.1841746130332232
    },
    {
      "hues": [
        0.6666666666666666
      ],
      "lightness": 0.8889345948169478,
      "sats": [
        1.0
      ],
      "vals": [
        0.5882352941176471,
        0.6078431372549019,
        0.6274509803921569,
        0.6470588235294118,
        0.6862745098039216,
        0.7058823529411765,
        0.7254901960784313,
        0.7450980392156863,
        0.7647058823529411,
        0.7843137254901961,
        0.8823529411764706,
        0.9215686274509803,
        0.9607843137254902,
        1.0
      ],
      "variance": 0.5050855845291945
    },
    {
      "hues": [
        0.6666666666666666
      ],
      "lightness": 0.6225490196078431,
      "sats": [
        1.0
      ],
      "vals": [
        0.6078431372549019,
        0.6274509803921569,
        0.6470588235294118
      ],
      "variance": 0.12406254731510447
    },
    {
      "hues": [
        0.6666666666666666
      ],
      "lightness": 0.6862745098039216,
      "sats": [
        1.0
      ],
      "vals": [
        0.6862745098039216
      ],
      "variance": 0.12401959270615268
    }
  ]
}