{
  "cluster_map": "[0, 4, 4, 4, 0, 0, 0, 0, 0, 0, 0, 0, 5, 5, 2, 2, 0, 4, 4, 8, 0, 0, 0, 0, 0, 0, 0, 0, 2, 5, 9, 9, 8, 8, 8, 8, 0, 0, 0, 0, 0, 0, 0, 0, 8, 8, 9, 9, 8, 5, 8, 2, 0, 0, 0, 0, 0, 0, 0, 0, 8, 8, 8, 8, 5, 5, 5, 2, 0, 0, 0, 0, 0, 0, 0, 0, 8, 2, 2, 3, 8, 8, 8, 10, 0, 0, 0, 0, 0, 0, 0, 0, 8, 8, 9, 3, 2, 8, 8, 8, 0, 0, 0, 0, 0, 0, 0, 0, 8, 2, 9, 9, 2, 8, 8, 0, 0, 0, 0, 0, 0, 0, 0, 0, 2, 0, 0, 2, 0, 0, 0, 0, 0, 0, 0, 0, 0, 0, 0, 0, 2, 2, 4, 4, 2, 2, 0, 0, 0, 0, 0, 0, 0, 0, 0, 0, 7, 7, 4, 4, 3, 3, 2, 2, 0, 0, 0, 0, 0, 0, 0, 0, 3, 3, 3, 3, 2, 2, 2, 8, 0, 0, 0, 0, 0, 0, 0, 0, 2, 3, 2, 2, 8, 8, 11, 8, 11, 5, 5, 5, 5, 5, 1, 1, 2, 2, 2, 6, 8, 8, 11, 11, 11, 2, 5, 5, 2, 2, 2, 2, 2, 2, 2, 6, 8, 11, 11, 7, 7, 2, 3, 3, 2, 2, 2, 3, 3, 3, 2, 6, 0, 0, 11, 7, 2, 3, 3, 2, 2, 2, 2, 3, 3, 2, 2, 2]",
  "group_name": "binniecore\\assets\\botany\\textures\\blocks\\ceramic\\barredend2.1.png",
  "segment_dicts": [
    {
      "hues": [
        0.7971435245411119,
        0.8090385284213452,
        0.8109131995274228,
        0.8165866812911995,
        0.8166906946571825,
        0.8193687480265078,
        0.821009881569419,
        0.8216626988234482,
        0.8240027198609267,
        0.8264995786571063,
        0.8269892681407968,
        0.8270145703237994,
        0.8275674942425213
      ],
      "lightness": 0.9806938159879337,
      "sats": [
        0.9878573355978476,
        0.9695205245543337,
        0.9632799999999999,
        0.9582028880984773,
        0.9578623835018838,
        0.9558295540438397,
        0.9437830687830687,
        0.9402427783592933,
        0.9254901960784314,
        0.9249023498046995,
        0.9176470588235294
      ],
      "vals": [
        0.9490196078431372,
        0.9647058823529412,
        0.9686274509803922,
        0.9803921568627451,
        0.984313725490196,
        0.9882352941176471,
        0.9921568627450981,
        0.996078431372549,
        1.0
      ],
      "variance": 0.2195778677393004
    },
    {
      "hues": [
        0.6623124558887143,
        0.6659226320734347
      ],
      "lightness": 0.9431372549019608,
      "sats": [
        1.0
      ],
      "vals": [
        0.9372549019607843,
        0.9490196078431372
      ],
      "variance": 0.08804412957107435
    },
    {
      "hues": [
        0.656547779664873,
        0.657755520072257,
        0.6590086205129237,
        0.6607876877663492,
        0.6610023601277245,
        0.6612699269323766,
        0.6623551787080085,
        0.6654264035678824,
        0.665903595710045,
        0.666666666659927,
        0.6673757800204392,
        0.6674658043375706,
        0.6679297504974663,
        0.6684991891613379,
        0.669006919,
        0.6694484174069517,
        0.6704822760533924,
        0.6743656901938334,
        0.6757674398491492,
        0.6758884716205568,
        0.6766189068069401,
        0.6776956638686693,
        0.6785248175167279,
        0.6795786954828064,
        0.6800780478250346,
        0.6801398204776921,
        0.6803000037053614,
        0.6867664302063603,
        0.6883721313424768,
        0.6888511157601115,
        0.6898754130906563,
        0.6926824829515584,
        0.6930589561499519,
        0.695031200990306,
        0.6956895743268722,
        0.6959434547989183,
        0.6962943598420351,
        0.697559005749142,
        0.6986258121305838,
        0.6992870323181032,
        0.701879149837171,
        0.7028965704668532,
        0.7029999999943334,
        0.7034899960407209,
        0.7103815196104852,
        0.7384794342956033,
        0.7410587496565841,
        0.764613260549674
      ],
      "lightness": 0.979330065359477,
      "sats": [
        1.0,
        0.9955357924406086,
        0.9918399999999999,
        0.9909202585055813,
        0.9878083763674699,
        0.9824383188994681,
        0.9803921568627451,
        0.9800809261197644,
        0.978047898624335,
        0.9762849525699051,
        0.9723324446648892,
        0.97144,
        0.9695205245543337,
        0.9660141607663474,
        0.9657258064858871,
        0.963860544217687,
        0.9628171478937009,
        0.962685353798127,
        0.9611339735185186,
        0.9601618522395287,
        0.9561780374634816,
        0.9558295540438397,
        0.955476897192108,
        0.9551200000000001,
        0.9535214348169292,
        0.9518140589569161,
        0.9506459573232691,
        0.9498434657181727,
        0.9477985638699924,
        0.9450980392156862,
        0.9437830687830687,
        0.94288,
        0.9424202835438138,
        0.9419549947970863,
        0.9372549019607843,
        0.9328073656147312,
        0.9254901960784314,
        0.9249023498046995,
        0.9243075192551048,
        0.9176470588235294
      ],
      "vals": [
        0.9254901960784314,
        0.9294117647058824,
        0.9372549019607843,
        0.9450980392156862,
        0.9490196078431372,
        0.9529411764705882,
        0.9607843137254902,
        0.9686274509803922,
        0.9725490196078431,
        0.9764705882352941,
        0.9803921568627451,
        0.984313725490196,
        0.9882352941176471,
        0.9921568627450981,
        0.996078431372549,
        1.0
      ],
      "variance": 0.39040299133987727
    },
    {
      "hues": [
        0.7513002703538273,
        0.7617655478512998,
        0.7819569268571964,
        0.7831385773392076,
        0.7837438484970702,
        0.7847508001790123,
        0.7857477818669406,
        0.7995602881980027,
        0.8040964471753154,
        0.805140239101186,
        0.8057701573317883,
        0.806705577591906,
        0.8140243337172874,
        0.8185486451792868,
        0.8226624051128706,
        0.8246687713547338,
        0.824809011615673,
        0.8304293633311414
      ],
      "lightness": 0.9771241830065358,
      "sats": [
        0.9782289461102385,
        0.97144,
        0.9705036684513186,
        0.9660141607663474,
        0.9651663137763814,
        0.9620761451516954,
        0.9578623835018838,
        0.9529411764705882,
        0.9506459573232691,
        0.9494348602022605,
        0.9490196078431372,
        0.9477985638699924,
        0.9433342327899558,
        0.94288,
        0.9402427783592933,
        0.9347200000000001,
        0.9288548577097154,
        0.9243075192551048
      ],
      "vals": [
        0.9490196078431372,
        0.9607843137254902,
        0.9647058823529412,
        0.9764705882352941,
        0.9803921568627451,
        0.984313725490196,
        0.9882352941176471,
        0.9921568627450981,
        0.996078431372549,
        1.0
      ],
      "variance": 0.25570917449001174
    },
    {
      "hues": [
        0.6825045771883861,
        0.7018610418045829,
        0.7172137646658738,
        0.7179712937677656,
        0.7407530241347757,
        0.7455643043036765,
        0.7549783145667178,
        0.7797272596354935,
        0.8287390659899175
      ],
      "lightness": 0.9782135076252721,
      "sats": [
        0.9782289461102385,
        0.9718915343915344,
        0.9670973048821794,
        0.9611339734796526,
        0.955476897192108,
        0.9407123814247629,
        0.927721088435374
      ],
      "vals": [
        0.9490196078431372,
        0.9529411764705882,
        0.9764705882352941,
        0.984313725490196,
        0.9882352941176471,
        0.996078431372549
      ],
      "variance": 0.18419816909581907
    },
    {
      "hues": [
        0.6941093892204163,
        0.7006393101331215,
        0.7124366473422125,
        0.7146216666048013,
        0.7159828308713738,
        0.7181571815660569,
        0.7182493801960934,
        0.7218621062129378,
        0.726941302106634,
        0.7299610908680055,
        0.7421283264883675,
        0.750685764563724,
        0.7534147028995529,
        0.7782154538134004
      ],
      "lightness": 0.9857142857142858,