{
  "cluster_map": "[0, 0, 0, 0, 0, 0, 0, 0, 0, 0, 0, 0, 0, 0, 0, 0, 0, 0, 0, 0, 0, 0, 0, 0, 0, 0, 0, 0, 0, 0, 0, 0, 0, 0, 0, 0, 0, 0, 0, 0, 0, 0, 0, 0, 0, 0, 0, 0, 0, 0, 0, 0, 0, 0, 0, 0, 0, 0, 0, 0, 0, 0, 0, 0, 0, 0, 0, 0, 0, 0, 0, 0, 0, 0, 0, 0, 0, 0, 0, 0, 0, 0, 0, 0, 0, 0, 0, 0, 0, 0, 0, 0, 0, 0, 0, 0, 0, 0, 0, 0, 0, 0, 0, 0, 0, 0, 0, 0, 0, 0, 0, 0, 0, 0, 0, 0, 1, 1, 1, 0, 0, 1, 1, 1, 0, 0, 0, 0, 0, 0, 1, 1, 1, 1, 1, 0, 0, 1, 1, 1, 1, 1, 0, 0, 0, 1, 1, 1, 1, 1, 1, 0, 0, 1, 1, 1, 1, 1, 1, 0, 0, 1, 1, 1, 1, 1, 1, 0, 0, 1, 1, 1, 1, 1, 1, 0, 0, 1, 1, 1, 1, 1, 1, 1, 1, 1, 1, 1, 1, 1, 1, 0, 0, 0, 1, 1, 1, 1, 1, 1, 1, 1, 1, 1, 1, 1, 0, 0, 0, 0, 0, 1, 1, 1, 1, 1, 1, 1, 1, 1, 1, 0, 0, 0, 0, 0, 0, 0, 0, 1, 1, 1, 1, 1, 1, 0, 0, 0, 0, 0, 0, 0, 0, 0, 0, 0, 0, 0, 0, 0, 0, 0, 0, 0, 0, 0]",
  "group_name": "wrcbe_addons\\assets\\wrcbe_core\\textures\\items\\blazeRecieverDish.png",
  "segment_dicts": [
    {
      "hues": [
        0.48039215686196074,
        0.48128712065745366,
        0.4815926370544012,
        0.48275878154569013,
        0.48286548662007583,
        0.48345633190879944,
        0.48366013071895425,
        0.4928104575163399,
        0.49319564816532885,
        0.5,
        0.5348953140560523,
        0.5977625405969625
      ],
      "lightness": 0.9521568627450981,
      "sats": [
        1.0,
        0.9876811594,
        0.9536231884,
        0.9098124098,
        0.8876811594,
        0.8731884058,
        0.8644986450000001,
        0.8562091503,
        0.8428571429,
        0.842377261,
        0.8333333333
      ],
      "vals": [
        1.0
      ],
      "variance": 0.26871378209922425
    },
    {
      "hues": [
        0.6666666666666666
      ],
      "lightness": 0.3661884265901483,
      "sats": [
        1.0
      ],
      "vals": [
        0.23529411764705882,
        0.23529411764705885,
        0.35294117647058826,
        0.4235294117647059,
        0.42352941176470593,
        0.5372549019607842,
        0.5372549019607843
      ],
      "variance": 0.4992600386441112
    }
  ]
}