{
  "cluster_map": "[0, 0, 0, 0, 0, 0, 0, 1, 0, 1, 1, 0, 0, 0, 0, 0, 0, 0, 0, 0, 0, 1, 1, 1, 1, 0, 0, 1, 0, 0, 0, 0, 0, 0, 0, 0, 1, 0, 1, 1, 1, 0, 0, 1, 0, 0, 0, 0, 0, 0, 0, 0, 1, 0, 1, 1, 1, 0, 1, 0, 0, 0, 0, 0, 0, 0, 0, 0, 0, 1, 0, 1, 1, 0, 0, 0, 0, 0, 0, 0, 0, 0, 0, 0, 0, 0, 0, 1, 1, 1, 0, 0, 0, 0, 0, 0, 0, 0, 0, 0, 0, 0, 1, 1, 1, 1, 0, 0, 0, 0, 0, 0, 0, 0, 0, 0, 0, 0, 1, 1, 1, 1, 0, 0, 0, 0, 0, 0, 0, 0, 0, 0, 0, 0, 1, 1, 1, 1, 1, 0, 0, 0, 0, 0, 0, 0, 0, 0, 0, 1, 1, 1, 1, 1, 1, 0, 0, 0, 0, 0, 0, 0, 0, 0, 0, 1, 1, 1, 1, 1, 1, 0, 0, 0, 0, 0, 0, 0, 0, 0, 0, 1, 1, 1, 1, 1, 1, 0, 0, 0, 0, 0, 0, 0, 0, 0, 0, 0, 1, 1, 1, 1, 0, 0, 0, 0, 0, 0, 0, 0, 0, 0, 0, 0, 0, 1, 1, 1, 0, 0, 0, 0, 0, 0, 0, 0, 0, 0, 0, 0, 0, 0, 0, 0, 0, 0, 0, 0, 0, 0, 0, 0, 0, 0, 0, 0, 0, 0, 0, 0, 0, 0, 0, 0, 0, 0]",
  "group_name": "botania\\assets\\botania\\textures\\blocks\\bubbell.png",
  "segment_dicts": [
    {
      "hues": [
        0.3763105839646299,
        0.40110637247168857,
        0.4160013616731216
      ],
      "lightness": 0.48453159041394334,
      "sats": [
        0.6345315478053098,
        0.6340392561420456,
        0.6340214283184467
      ],
      "vals": [
        0.8046875,
        0.8071428571428572,
        0.8073394495412844
      ],
      "variance": 0.1853505552317007
    },
    {
      "hues": [
        0.30963186399926096,
        0.380859039898991,
        0.39881602740175787,
        0.40110637247168857,
        0.4107960651343361,
        0.413450370774148,
        0.4279427400219435,
        0.4302814005449988,
        0.4392298368655481,
        0.4405540205878749,
        0.4418091241220523,
        0.4467152960299056,
        0.44811690525356224,
        0.44933893365494826,
        0.4518361643230025,
        0.45796487631326416,
        0.48799298098143606
      ],
      "lightness": 0.6986084756483237,
      "sats": [
        0.6340214283184467,
        0.5913536498936923,
        0.5325786025774869,
        0.5320259790825398,
        0.5306621319536082,
        0.5302935292131147,
        0.5302443441956989,
        0.528502556654054,
        0.5284207819088889,
        0.5276052557944134,
        0.5261418685458823,
        0.5238662131261905,
        0.5235524798494118,
        0.5176552202967741,
        0.5167670553725491,
        0.511571778030986,
        0.5047873725
      ],
      "vals": [
        0.8046875,
        0.8896551724137931,
        0.8924731182795698,
        0.8987341772151899,
        0.9107142857142857,
        0.9117647058823529,
        0.9239130434782609,
        0.9251101321585903,
        0.9289617486338797,
        0.9322916666666666,
        0.9326424870466321,
        0.9343434343434343,
        0.9346733668341708,
        0.9371980676328502,
        0.9384615384615383,
        0.9402985074626866,
        0.9408866995073892
      ],
      "variance": 0.4329715003841428
    }
  ]
}