{
  "cluster_map": "[0, 0, 0, 0, 0, 0, 0, 0, 0, 0, 0, 0, 0, 0, 0, 0, 0, 0, 0, 0, 0, 0, 0, 0, 0, 0, 0, 0, 0, 0, 0, 0, 0, 0, 2, 2, 2, 2, 2, 2, 2, 2, 2, 2, 6, 2, 0, 0, 0, 0, 2, 4, 4, 4, 4, 4, 6, 6, 2, 6, 6, 2, 0, 0, 0, 0, 2, 4, 4, 2, 2, 2, 2, 6, 6, 2, 2, 2, 0, 0, 0, 0, 2, 4, 4, 2, 2, 2, 3, 2, 2, 6, 2, 2, 0, 0, 0, 0, 2, 2, 2, 3, 2, 2, 2, 2, 1, 2, 6, 2, 0, 0, 0, 0, 0, 2, 2, 3, 2, 1, 1, 1, 1, 2, 2, 2, 0, 0, 0, 0, 2, 5, 2, 3, 2, 1, 1, 1, 1, 1, 1, 2, 0, 0, 0, 0, 2, 5, 5, 2, 2, 2, 2, 1, 2, 1, 1, 2, 0, 0, 0, 0, 2, 5, 2, 2, 5, 5, 2, 2, 2, 2, 4, 2, 0, 0, 0, 0, 2, 5, 5, 2, 2, 2, 4, 4, 4, 2, 4, 2, 0, 0, 0, 0, 2, 2, 2, 2, 2, 2, 4, 4, 4, 4, 4, 2, 0, 0, 0, 0, 2, 0, 2, 2, 2, 2, 2, 2, 2, 2, 2, 2, 0, 0, 0, 0, 0, 0, 0, 0, 0, 0, 0, 0, 0, 0, 0, 0, 0, 0, 0, 0, 0, 0, 0, 0, 0, 0, 0, 0, 0, 0, 0, 0, 0, 0]",
  "group_name": "stevescarts\\assets\\stevescarts\\textures\\items\\cake_server_icon.png",
  "segment_dicts": [
    {
      "hues": [
        0.5075516838337352,
        0.6666666666666666
      ],
      "lightness": 0.5956506238859179,
      "sats": [
        1.0
      ],
      "vals": [
        0.30588235294117644,
        0.3058823529411765,
        0.30980392156862746,
        0.3137254901960784,
        0.3176470588235294,
        0.3215686274509804,
        0.3254901960784314,
        0.32941176470588235,
        0.3333333333333333,
        0.33725490196078434,
        0.3411764705882353,
        0.34509803921568627,
        0.34901960784313724,
        0.35294117647058826,
        0.8352941176470589,
        0.8745098039215686,
        0.8745098039215689,
        0.9176470588235294
      ],
      "variance": 0.5790109090854033
    },
    {
      "hues": [
        0.5075516838337352,
        0.5253263723741578,
        0.6666666666666666
      ],
      "lightness": 0.8983193277310924,
      "sats": [
        1.0
      ],
      "vals": [
        0.8352941176470589,
        0.8745098039215686,
        0.9098039215686274,
        0.9176470588235294
      ],
      "variance": 0.22746629673002713
    },
    {
      "hues": [
        0.8020157482713454
      ],
      "lightness": 0.9215686274509802,
      "sats": [
        0.9907650520597555
      ],
      "vals": [
        0.9215686274509803
      ],
      "variance": 0.47495887979908336
    },
    {
      "hues": [
        0.6666666666666666
      ],
      "lightness": 0.8549019607843138,
      "sats": [
        1.0
      ],
      "vals": [
        0.8352941176470589,
        0.8745098039215686
      ],
      "variance": 0.12405272631499979
    },
    {
      "hues": [
        0.5075516838337352,
        0.5253263723741578,
        0.6666666666666666
      ],
      "lightness": 0.8897832817337461,
      "sats": [
        1.0
      ],
      "vals": [
        0.8352941176470589,
        0.8745098039215686,
        0.9098039215686274,
        0.9176470588235294
      ],
      "variance": 0.262227811647435
    },
    {
      "hues": [
        0.5075516838337352,
        0.6666666666666666
      ],
      "lightness": 0.875,
      "sats": [
        1.0
      ],
      "vals": [
        0.8352941176470589,
        0.8745098039215686,
        0.9176470588235294
      ],
      "variance": 0.17404243149759888
    },
    {
      "hues": [
        0.5075516838337352,
        0.6666666666666666
      ],
      "lightness": 0.8797385620915031,
      "sats": [
        1.0
      ],
      "vals": [
        0.8352941176470589,
        0.8745098039215686,
        0.9176470588235294
      ],
      "variance": 0.18424329603732048
    }
  ]
}