{
  "cluster_map": "[0, 0, 0, 0, 0, 0, 0, 0, 0, 0, 0, 0, 0, 0, 0, 0, 0, 0, 0, 0, 0, 0, 0, 0, 0, 0, 0, 0, 0, 0, 0, 0, 0, 0, 0, 0, 0, 0, 0, 0, 0, 0, 0, 0, 0, 0, 0, 0, 0, 0, 0, 0, 0, 0, 0, 0, 0, 0, 0, 0, 0, 0, 0, 0, 0, 0, 0, 0, 0, 0, 0, 0, 1, 1, 1, 1, 0, 0, 0, 0, 0, 0, 0, 0, 0, 0, 0, 1, 1, 3, 3, 1, 2, 0, 0, 0, 0, 0, 0, 0, 0, 0, 0, 1, 3, 3, 3, 3, 2, 0, 0, 0, 0, 0, 0, 0, 0, 0, 0, 1, 3, 3, 3, 3, 2, 0, 0, 0, 0, 0, 0, 0, 0, 0, 0, 0, 3, 3, 3, 3, 2, 0, 0, 0, 0, 0, 0, 0, 0, 0, 0, 0, 0, 3, 3, 2, 2, 0, 0, 0, 0, 0, 0, 1, 1, 0, 0, 0, 0, 0, 2, 2, 0, 0, 0, 0, 0, 0, 0, 1, 1, 0, 0, 0, 0, 0, 2, 0, 0, 0, 0, 0, 0, 0, 0, 0, 0, 0, 0, 0, 0, 0, 0, 0, 0, 0, 0, 0, 0, 0, 0, 0, 0, 0, 0, 0, 0, 0, 0, 0, 0, 0, 0, 0, 0, 0, 0, 0, 0, 0, 0, 0, 0, 0, 0, 0, 0, 0, 0, 0, 0, 0, 0, 0, 0, 0, 0, 0, 0, 0, 0, 0, 0, 0, 0, 0]",
  "group_name": "ttinkerer\\assets\\ttinkerer\\textures\\items\\corpus_condensed.png",
  "segment_dicts": [
    {
      "hues": [
        0.0
      ],
      "lightness": 0.0,
      "sats": [
        0.0
      ],
      "vals": [
        0.0
      ],
      "variance": NaN
    },
    {
      "hues": [
        0.8849761017693212,
        0.9005326986355413,
        0.9321024760320118,
        0.9433765924904871,
        0.9708547496692905,
        0.9713372044109543,
        0.020057570522478363,
        0.04687731790163141
      ],
      "lightness": 0.39185520361990955,
      "sats": [
        0.7550724637749314,
        0.7148760330721076,
        0.6650485437060679,
        0.6611528822197811,
        0.6294117647244117,
        0.616635160691197,
        0.5988372093223836,
        0.5975232198311878
      ],
      "vals": [
        0.6666666667,
        0.7307692308,
        0.7371794872
      ],
      "variance": 0.223797807066573
    },
    {
      "hues": [
        0.9433765924904871,
        0.9708547496692905,
        0.9713372044109543,
        0.020057570522478363,
        0.0731230129571341,
        0.10768433458611171
      ],
      "lightness": 0.27494553376906317,
      "sats": [
        0.7834333733422683,
        0.6887512900027853,
        0.6611528822197811,
        0.616635160691197,
        0.5988372093223836,
        0.5975232198311878
      ],
      "vals": [
        0.6666666667,
        0.7307692308,
        0.7371794872,
        0.7424242424
      ],
      "variance": 0.1925797398940843
    },
    {
      "hues": [
        0.9459376413049777,
        0.9492260061908815,
        0.9646707113348157,
        0.9662603780229562,
        0.971348203448144,
        0.9759346405213356,
        0.9779596793854353,
        0.9808195688602405,
        0.9867285952756361,
        0.9977401486910498,
        0.018692049619288387,
        0.020057570522478363
      ],
      "lightness": 0.4531862745098039,
      "sats": [
        0.6650400836572773,
        0.6342857142710857,
        0.6129032258014568,
        0.601281491212532,
        0.5975232198311878,
        0.5933720367747847,
        0.5558135810525361,
        0.528642805535944,
        0.5050505050345067,
        0.49079887421246415,
        0.43034996275838094,
        0.404782608695057
      ],
      "vals": [
        0.7307692308,
        0.811827957,
        0.8333333333,
        0.8513513514,
        0.8611111111,
        0.8617886179,
        0.8643410853,
        0.8766666667,
        0.8839285714,
        0.8869047619,
        0.9009009009,
        0.901826484
      ],
      "variance": 0.24531544558137156
    }
  ]
}