{
  "cluster_map": "[0, 0, 0, 0, 0, 0, 0, 0, 0, 0, 0, 0, 0, 0, 0, 0, 0, 0, 0, 0, 0, 0, 0, 0, 0, 0, 0, 0, 0, 0, 0, 0, 0, 0, 0, 0, 0, 0, 0, 0, 0, 0, 0, 0, 0, 0, 0, 0, 0, 0, 0, 0, 0, 0, 0, 0, 0, 0, 0, 0, 0, 0, 0, 0, 0, 0, 0, 0, 0, 0, 0, 0, 0, 0, 0, 0, 0, 0, 0, 0, 0, 0, 0, 0, 1, 0, 0, 0, 0, 0, 0, 0, 0, 0, 0, 0, 0, 0, 0, 1, 1, 0, 0, 0, 0, 0, 0, 0, 0, 0, 0, 0, 0, 0, 0, 1, 1, 1, 1, 1, 1, 1, 1, 0, 0, 0, 0, 0, 0, 0, 0, 1, 0, 1, 1, 1, 1, 1, 1, 0, 0, 0, 0, 0, 0, 0, 0, 1, 1, 1, 1, 1, 1, 1, 1, 1, 0, 0, 0, 0, 0, 0, 0, 0, 1, 1, 1, 1, 1, 1, 1, 0, 0, 0, 0, 0, 0, 0, 0, 0, 1, 1, 1, 1, 1, 1, 1, 0, 0, 0, 0, 0, 0, 0, 0, 0, 0, 1, 1, 1, 1, 1, 1, 0, 0, 0, 0, 0, 0, 0, 0, 0, 0, 1, 0, 0, 0, 0, 0, 0, 0, 0, 0, 0, 0, 0, 0, 0, 0, 0, 0, 0, 0, 0, 0, 0, 0, 0, 0, 0, 0, 0, 0, 0, 0, 0, 0, 0, 0, 0, 0, 0, 0, 0, 0, 0]",
  "group_name": "witchery\\assets\\witchery\\textures\\blocks\\critterSnare_magmacube.png",
  "segment_dicts": [
    {
      "hues": [
        0.33848249269995206,
        0.34259020469369367,
        0.35975371953093066,
        0.3689971070459262,
        0.37817672522985313,
        0.4096522904013009,
        0.4190816096201782,
        0.42139385611032654,
        0.4235736035640208,
        0.6244343891354855
      ],
      "lightness": 0.36479925303454713,
      "sats": [
        0.8758788533744186,
        0.8758788533744185,
        0.8666666667,
        0.8533635677079364,
        0.850992592656,
        0.8200554016042105,
        0.74038461535,
        0.6721763085727273,
        0.6429931973485714,
        0.6195061729133334,
        0.6155768430530612
      ],
      "vals": [
        0.5238095238095238,
        0.5308641975308642,
        0.546875,
        0.6494845360824743,
        0.6521739130434783,
        0.6666666666666667,
        0.6901408450704225,
        0.7009345794392523,
        0.8189655172413793,
        1.0
      ],
      "variance": 0.43928931158866585
    },
    {
      "hues": [
        0.0,
        0.33398692810457514,
        0.3359477124183006,
        0.3372549019607843,
        0.33921568627450976,
        0.3405228758169934,
        0.3418300653594771,
        0.34313725490196073,
        0.34575163398692804,
        0.3490196078431373,
        0.3509803921568628,
        0.3547506020012998,
        0.3552584670284362,
        0.3562091503267974,
        0.35751633986928105,
        0.3638286893762186,
        0.3647058823529412,
        0.36515935364725133,
        0.3655971479528819,
        0.3673202614379085,
        0.3925099658593796,
        0.40910085150481335,
        0.42139385611032654,
        0.4235736035640208,
        0.49764705882343535,
        0.4979195046440505,
        0.6244343891354855
      ],
      "lightness": 0.24836601307189543,
      "sats": [
        1.0,
        0.9871794872,
        0.983974359,
        0.9743589744,
        0.9424603175,
        0.9166666667,
        0.9134615385,
        0.8758788533744186,
        0.8666666667,
        0.850992592656,
        0.8333333333,
        0.8044871795653846,
        0.7876109581212122,
        0.0
      ],
      "vals": [
        0.0,
        0.4262295081967213,
        0.5308641975308642,
        0.7009345794392523,
        0.7252747252747254,
        1.0
      ],
      "variance": 0.6183225355459631
    }
  ]
}