{
  "cluster_map": "[0, 0, 0, 0, 0, 0, 0, 0, 0, 0, 0, 6, 6, 6, 6, 6, 0, 0, 0, 0, 0, 0, 0, 0, 0, 6, 6, 4, 4, 4, 4, 6, 0, 0, 0, 0, 0, 0, 0, 0, 7, 7, 7, 7, 7, 7, 5, 6, 0, 0, 0, 0, 0, 0, 0, 7, 7, 7, 7, 7, 7, 5, 5, 0, 0, 0, 0, 0, 0, 0, 7, 7, 7, 7, 7, 7, 7, 7, 5, 0, 0, 0, 0, 0, 0, 7, 7, 7, 7, 7, 7, 3, 3, 7, 0, 0, 0, 0, 0, 0, 7, 7, 7, 7, 7, 7, 7, 3, 3, 7, 0, 0, 0, 0, 0, 7, 7, 7, 7, 7, 7, 8, 8, 0, 0, 8, 0, 0, 0, 0, 7, 7, 7, 7, 7, 7, 7, 8, 8, 0, 8, 8, 8, 0, 0, 0, 7, 7, 7, 7, 7, 8, 8, 8, 8, 8, 8, 8, 8, 0, 0, 1, 1, 7, 1, 7, 7, 7, 8, 8, 8, 4, 8, 8, 8, 8, 0, 1, 1, 1, 1, 2, 2, 7, 8, 8, 8, 8, 8, 8, 8, 8, 6, 1, 1, 1, 7, 7, 7, 0, 8, 8, 8, 8, 8, 8, 8, 8, 6, 1, 1, 0, 0, 0, 0, 0, 8, 8, 8, 8, 8, 8, 8, 8, 6, 1, 6, 0, 0, 0, 0, 0, 8, 8, 8, 8, 8, 8, 8, 8, 6, 6, 0, 0, 0, 0, 0, 0, 0, 8, 8, 8, 8, 8, 8, 0]",
  "group_name": "forbidden\\assets\\forbidden\\textures\\items\\crystalwell.png",
  "segment_dicts": [
    {
      "hues": [
        0.510239764013786,
        0.6069342120499649,
        0.6666666666666666
      ],
      "lightness": 0.6967320261437908,
      "sats": [
        1.0,
        0.9277518061795581,
        0.8372606774793815
      ],
      "vals": [
        0.3803921568627451,
        0.7098039215686275,
        1.0
      ],
      "variance": 0.11457810127768109
    },
    {
      "hues": [
        0.28693774201385164,
        0.454854136779745,
        0.4988463292292913,
        0.6666666666666666,
        0.667455456562268,
        0.6870797310401057,
        0.7151826483612495
      ],
      "lightness": 0.5248868778280543,
      "sats": [
        1.0,
        0.898,
        0.854166666725,
        0.8128544422913043,
        0.8032407407407407,
        0.7589792060491493,
        0.4875816993464052
      ],
      "vals": [
        0.18039215686274512,
        0.42857142857142855,
        0.5647058823529412,
        0.5714285714285714,
        0.7843137254901961,
        0.8518518518518519,
        0.9725490196078431
      ],
      "variance": 0.2474369221034034
    },
    {
      "hues": [
        0.8582826233941853,
        0.8590873348120037
      ],
      "lightness": 0.5627450980392157,
      "sats": [
        0.6523993248251042,
        0.6444444444444445
      ],
      "vals": [
        0.623655914,
        0.625
      ],
      "variance": 0.08804294231411255
    },
    {
      "hues": [
        0.8972752540150034,
        0.07340812838593797,
        0.07528765240651543
      ],
      "lightness": 0.32156862745098036,
      "sats": [
        0.7081447963913157,
        0.6919786096435896,
        0.639108910877511
      ],
      "vals": [
        0.5729166667,
        0.5777777778,
        0.6234567901
      ],
      "variance": 0.13688512996993424
    },
    {
      "hues": [
        0.6048083170956179,
        0.6666666666666666
      ],
      "lightness": 0.9027450980392158,
      "sats": [
        1.0,
        0.8881578946809211
      ],
      "vals": [
        0.596078431372549,
        0.9725490196078431,
        1.0
      ],
      "variance": 0.14041353925329736
    },
    {
      "hues": [
        0.8582826233941853,
        0.28693774201385164
      ],
      "lightness": 0.39215686274509803,
      "sats": [
        0.6444444444444445,
        0.4875816993464052
      ],
      "vals": [
        0.42857142857142855,
        0.625
      ],
      "variance": 0.13566819588613982
    },
    {
      "hues": [
        0.2339247043045977,
        0.28693774201385164
      ],
      "lightness": 0.18666666666666668,
      "sats": [
        0.8718954248366013,
        0.4875816993464052
      ],
      "vals": [
        0.42857142857142855
      ],
      "variance": 0.24991878259439299
    },
    {
      "hues": [
        0.2602071907507617,
        0.26944811321118367,
        0.28356665910874784,
        0.2869377420138515,
        0.28693774201385164,
        0.48648494907591616,
        0.4972866517388946,
        0.4988463292292913,
        0.6048083170956179,
        0.6661215327814755,
        0.6666666666666666,
        0.6671471777095735,
        0.6673646105979961,
        0.667455456562268,
        0.6716225328374325,
        0.6870797310401057,
        0.6888760139181151,
        0.690212373053555,
        0.7958067456784033,
        0.7965349246243262
      ],
      "lightness": 0.6670523947283833,
      "sats": [
        1.0,
        0.9024334251606978,
        0.898,
        0.8969722986793263,
        0.8881578946809211,
        0.8811188811545455,
        0.8647280092592593,
        0.8128544422913043,
        0.8126434006032968,
        0.8123447715254335,
        0.8113905325443787,
        0.8095638171252538,
        0.8032407407407407,
        0.7931985294117646,
        0.7520833333333335,
        0.6309111880046137,
        0.6004127966976265,
        0.5210571184995737,
        0.48758169934640555,
        0.4875816993464052
      ],
      "vals": [
        0.425,
        0.4285714285714285,
        0.42857142857142855,
        0.4318181818181818,
        0.4339622641509434,
        0.47058823529411764,
        0.5333333333333333,
        0.5647058823529412,
        0.596078431372549,
        0.6470588235294118,
        0.7764705882352941,
        0.7803921568627451,
        0.7843137254901961,
        0.8117647058823529,
        0.8156862745098039,
        0.8504672897196262,
        0.8518518518518519,
        0.8522167487684729,
        0.9647058823529412,
        0.9686274509803922,
        0.972549019607843,
        0.9725490196078431
      ],
      "variance": 0.47356155555296287
    },
    {
      "hues": [
        0.8719903691883665,
        0.922606449859531,
        0.9328565097101733,
        0.07109277081117671,
        0.07340812838593797,
        0.2046074492891435,
        0.20720703716922131,
        0.2078093517780634,
        0.2131666799613725,
        0.22342617417314567,
        0.22626452349810386,
        0.22865826769943487,
        0.23116481376495668,
        0.23393152660751762,
        0.23804869435845388,
        0.2407395678495788,
        0.24804829109770368,
        0.2655773102714878,
        0.2708913999644538,
        0.2901991140966112,
        0.3534888875142679,
        0.4152661064561949,
        0.4346401533638929,
        0.44919990047562014,
        0.4759311401899749,
        0.5379314637373386,
        0.5521072886381613,
        0.5582613009936631,
        0.580877187252058,
        0.5871972318354954,
        0.6032679738562091,
        0.6071895424836601,
        0.6137254901960785,
        0.6215686274509804,
        0.7436708860759493
      ],
      "lightness": 0.45940212150433946,
      "sats": [
        0.9294117647058824,
        0.7081447963913157,
        0.6851336898578916,
        0.653475935828877,
        0.6486205101634014,
        0.6451252236152463,
        0.6386261821731379,
        0.6359663865546219,
        0.6184419713831477,
        0.6134741075917547,
        0.5850980392156863,
        0.5793909052982895,
        0.5617446978791518,
        0.5440984236831988,
        0.5382167961524232,
        0.532192513368984,
        0.5145510835913312,
        0.5,
        0.49470899469999996,
        0.48608110610456146,
        0.45986622073320155,
        0.4189632017190437,
        0.4092363261093911,
        0.39743784499118945,
        0.38513373228716224,
        0.35760092272203003,
        0.3552731189740566,
        0.2866162289423358,
        0.2844378698430769,
        0.2832252808506083,
        0.2808767952247618,
        0.2800000000450001
      ],