{
  "cluster_map": "[2, 2, 2, 2, 0, 0, 0, 0, 0, 0, 0, 0, 2, 2, 2, 2, 2, 2, 2, 2, 0, 0, 0, 0, 0, 0, 0, 0, 2, 2, 2, 2, 2, 2, 2, 3, 0, 0, 0, 0, 0, 0, 0, 0, 2, 2, 2, 2, 2, 2, 2, 3, 0, 0, 0, 0, 0, 0, 0, 0, 0, 1, 1, 1, 2, 2, 2, 3, 0, 0, 0, 0, 0, 0, 0, 0, 0, 0, 0, 0, 2, 2, 2, 3, 3, 0, 0, 0, 0, 0, 0, 0, 0, 0, 0, 0, 2, 2, 2, 2, 2, 0, 0, 0, 0, 0, 0, 0, 0, 0, 0, 0, 2, 2, 2, 2, 2, 2, 0, 0, 0, 0, 0, 0, 0, 0, 0, 0, 2, 2, 2, 2, 2, 2, 0, 0, 0, 0, 0, 0, 0, 0, 0, 0, 2, 2, 2, 2, 2, 0, 0, 0, 0, 0, 0, 0, 0, 0, 0, 0, 2, 2, 2, 2, 2, 0, 0, 0, 0, 0, 0, 0, 0, 0, 0, 0, 2, 2, 2, 2, 0, 0, 0, 0, 0, 0, 0, 0, 0, 0, 0, 0, 2, 2, 2, 2, 0, 0, 0, 0, 0, 0, 0, 0, 0, 2, 2, 2, 2, 2, 2, 0, 0, 0, 0, 0, 0, 0, 0, 0, 2, 2, 2, 2, 2, 2, 2, 0, 0, 0, 0, 0, 0, 0, 0, 0, 2, 2, 2, 2, 2, 2, 2, 0, 0, 0, 0, 0, 0, 0, 0, 0, 2, 2, 2, 2]",
  "group_name": "binniecore\\assets\\extratrees\\textures\\blocks\\patterns\\curvedtsection.1.png",
  "segment_dicts": [
    {
      "hues": [
        0.6666666666666666
      ],
      "lightness": 0.6928104575163399,
      "sats": [
        1.0
      ],
      "vals": [
        0.6666666666666666,
        0.6862745098039216,
        0.7254901960784313
      ],
      "variance": 0.10768482902680156
    },
    {
      "hues": [
        0.6666666666666666
      ],
      "lightness": 0.6078431372549019,
      "sats": [
        1.0
      ],
      "vals": [
        0.5882352941176471,
        0.6470588235294118
      ],
      "variance": 0.10773026295375775
    },
    {
      "hues": [
        0.6666666666666666
      ],
      "lightness": 0.8853695324283561,
      "sats": [
        1.0
      ],
      "vals": [
        0.6274509803921569,
        0.6470588235294118,
        0.6666666666666666,
        0.6862745098039216,
        0.7058823529411765,
        0.7254901960784313,
        0.7450980392156863,
        0.7647058823529411,
        0.7843137254901961,
        0.8823529411764706,
        0.9215686274509803,
        0.9607843137254902,
        1.0
      ],
      "variance": 0.4849022055346454
    },
    {
      "hues": [
        0.6666666666666666
      ],
      "lightness": 0.7411764705882353,
      "sats": [
        1.0
      ],
      "vals": [
        0.6862745098039216,
        0.7058823529411765,
        0.9215686274509803
      ],
      "variance": 0.13943369977118916
    }
  ]
}