{
  "cluster_map": "[0, 0, 0, 1, 0, 0, 0, 0, 0, 0, 0, 0, 0, 1, 1, 1, 0, 0, 0, 1, 1, 0, 0, 0, 0, 0, 0, 0, 0, 1, 1, 1, 1, 1, 1, 1, 1, 1, 0, 0, 0, 0, 0, 0, 0, 1, 1, 1, 1, 1, 1, 1, 1, 0, 0, 0, 0, 0, 0, 0, 0, 1, 1, 1, 0, 1, 1, 1, 0, 0, 0, 0, 0, 0, 0, 0, 1, 1, 1, 0, 0, 0, 1, 1, 1, 0, 0, 0, 0, 0, 0, 1, 1, 1, 0, 0, 0, 0, 0, 1, 1, 0, 0, 0, 0, 0, 0, 1, 1, 0, 0, 0, 0, 0, 0, 0, 1, 1, 1, 1, 1, 1, 1, 1, 0, 0, 0, 0, 0, 0, 0, 0, 0, 1, 1, 1, 1, 1, 1, 0, 0, 0, 0, 0, 0, 0, 0, 0, 0, 0, 1, 1, 1, 1, 0, 0, 0, 0, 0, 0, 0, 0, 0, 0, 0, 0, 0, 2, 1, 0, 0, 0, 0, 0, 0, 0, 0, 0, 0, 0, 0, 0, 0, 0, 0, 0, 0, 0, 0, 0, 0, 0, 0, 0, 0, 0, 0, 0, 0, 0, 0, 0, 0, 0, 0, 0, 0, 0, 0, 0, 0, 0, 0, 0, 0, 0, 0, 0, 0, 0, 0, 0, 0, 0, 0, 0, 0, 0, 0, 0, 0, 0, 0, 0, 0, 0, 0, 0, 0, 0, 0, 0, 0, 0, 0, 0, 0, 0, 0, 0, 0, 0, 0, 0, 0, 0]",
  "group_name": "binniecore\\assets\\extratrees\\textures\\blocks\\patterns\\diagonalbend2.0.png",
  "segment_dicts": [
    {
      "hues": [
        0.6666666666666666
      ],
      "lightness": 0.9713106295149638,
      "sats": [
        1.0
      ],
      "vals": [
        0.796078431372549,
        0.9254901960784314,
        0.9294117647058824,
        0.9372549019607843,
        0.9490196078431372,
        0.9529411764705882,
        0.9568627450980393,
        0.9607843137254902,
        0.9647058823529412,
        0.9686274509803922,
        0.9725490196078431,
        0.9764705882352941,
        0.9803921568627451,
        0.984313725490196,
        0.9882352941176471,
        0.9921568627450981,
        0.996078431372549,
        1.0
      ],
      "variance": 0.35581368283527015
    },
    {
      "hues": [
        0.6666666666666666
      ],
      "lightness": 0.902282224365156,
      "sats": [
        1.0
      ],
      "vals": [
        0.6901960784313725,
        0.6980392156862745,
        0.7176470588235294,
        0.7215686274509804,
        0.7294117647058823,
        0.7333333333333333,
        0.7372549019607844,
        0.7450980392156863,
        0.7568627450980392,
        0.7647058823529411,
        0.7764705882352941,
        0.7843137254901961,
        0.788235294117647,
        0.796078431372549,
        0.8117647058823529,
        0.9254901960784314,
        0.9294117647058824,
        0.9372549019607843,
        0.9529411764705882,
        0.9568627450980393,
        0.9647058823529412,
        0.9686274509803922,
        0.9725490196078431,
        0.9764705882352941,
        0.9803921568627451,
        0.984313725490196,
        0.9921568627450981,
        0.996078431372549,
        1.0
      ],
      "variance": 0.43015838431198306
    },
    {
      "hues": [
        0.6666666666666666
      ],
      "lightness": 0.6901960784313725,
      "sats": [
        1.0
      ],
      "vals": [
        0.6901960784313725
      ],
      "variance": 0.06237781024480981
    }
  ]
}