{
  "cluster_map": "[0, 0, 1, 1, 1, 0, 0, 0, 0, 0, 0, 0, 0, 0, 0, 0, 0, 0, 1, 1, 0, 0, 0, 0, 0, 0, 0, 0, 1, 1, 0, 0, 0, 0, 0, 0, 1, 0, 0, 0, 0, 0, 1, 1, 1, 1, 1, 0, 0, 1, 1, 0, 0, 0, 0, 0, 0, 0, 3, 1, 1, 1, 0, 0, 0, 1, 1, 1, 1, 0, 0, 0, 0, 0, 1, 1, 0, 0, 0, 0, 0, 0, 1, 1, 2, 2, 0, 0, 0, 0, 0, 0, 0, 0, 0, 0, 0, 0, 0, 1, 1, 0, 0, 0, 0, 0, 0, 0, 1, 1, 0, 0, 0, 0, 0, 0, 0, 0, 0, 0, 0, 0, 1, 1, 1, 1, 0, 0, 0, 0, 1, 1, 0, 0, 0, 0, 0, 2, 2, 1, 1, 0, 0, 0, 0, 0, 1, 1, 1, 1, 0, 0, 0, 0, 1, 1, 0, 0, 0, 0, 0, 0, 0, 1, 1, 0, 0, 0, 0, 0, 0, 0, 0, 0, 0, 0, 0, 0, 0, 0, 1, 1, 0, 0, 0, 0, 0, 0, 0, 0, 0, 0, 0, 0, 0, 0, 0, 0, 0, 0, 0, 0, 0, 0, 0, 0, 0, 0, 0, 0, 0, 0, 0, 0, 0, 0, 0, 0, 0, 0, 0, 0, 0, 0, 0, 0, 0, 0, 0, 0, 0, 0, 0, 0, 0, 0, 0, 0, 0, 0, 0, 0, 0, 0, 0, 0, 0, 0, 0, 0, 0, 0, 0, 0, 0, 0]",
  "group_name": "binniecore\\assets\\botany\\textures\\blocks\\flowers\\double\\double_plant_syringa_bottom.png",
  "segment_dicts": [
    {
      "hues": [
        0.38922074272909435,
        0.4109731491500805,
        0.41561146197217114,
        0.4358839764023701,
        0.4453285886348503,
        0.45126723138971325,
        0.4577632245729483,
        0.4594745176212563,
        0.47916689783084737,
        0.6088435374266771,
        0.6131309647934384,
        0.6322152341155203,
        0.816900910249438
      ],
      "lightness": 0.579354094579008,
      "sats": [
        0.8302529563787298,
        0.6662154657224489,
        0.6380471380181818,
        0.6324354657393939,
        0.6144825070477064,
        0.6099887766242424,
        0.60969696968,
        0.6081943004417476,
        0.598286652277193,
        0.58043981478125,
        0.5374149659285714,
        0.5021533160555556,
        0.4881255300381679
      ],
      "vals": [
        0.5137254901960784,
        0.5294117647058824,
        0.5764705882352941,
        0.6620689655172414,
        0.6951219512195123,
        0.710344827586207,
        0.7122302158273381,
        0.7142857142857143,
        0.7218543046357616,
        0.7557251908396946,
        0.7674418604651162,
        0.8305084745762712,
        0.8862745098039215
      ],
      "variance": 0.34310281797599773
    },
    {
      "hues": [
        0.816900910249438,
        0.8510656507292236,
        0.8855997956630633
      ],
      "lightness": 0.7370915032679739,
      "sats": [
        0.8302529563787298,
        0.7864007845618954,
        0.6705615428271822
      ],
      "vals": [
        0.8131313131,
        0.8143939393999999,
        0.8862745098039215
      ],
      "variance": 0.39410413691505314
    },
    {
      "hues": [
        0.6088435374266771,
        0.8510656507292236
      ],
      "lightness": 0.6607843137254902,
      "sats": [
        0.7864007845618954,
        0.5374149659285714
      ],
      "vals": [
        0.5764705882352941,
        0.8131313131
      ],
      "variance": 0.12504098398679153
    },
    {
      "hues": [
        0.6088435374266771
      ],
      "lightness": 0.5764705882352941,
      "sats": [
        0.5374149659285714
      ],
      "vals": [
        0.5764705882352941
      ],
      "variance": 0.06237781024480982
    }
  ]
}