{
  "cluster_map": "[0, 0, 0, 0, 0, 0, 0, 0, 0, 0, 0, 0, 0, 0, 0, 0, 0, 0, 0, 0, 1, 0, 0, 0, 0, 0, 0, 0, 0, 0, 0, 0, 0, 0, 0, 1, 0, 1, 1, 0, 0, 0, 0, 1, 0, 0, 0, 0, 0, 0, 0, 1, 0, 0, 1, 1, 1, 0, 1, 1, 1, 0, 0, 0, 0, 0, 1, 0, 0, 0, 1, 0, 1, 1, 1, 0, 1, 0, 0, 0, 0, 0, 1, 1, 1, 1, 0, 1, 1, 1, 1, 0, 1, 1, 0, 0, 0, 0, 0, 1, 1, 0, 1, 0, 0, 1, 1, 1, 1, 1, 0, 0, 0, 0, 1, 0, 0, 0, 1, 1, 1, 1, 1, 1, 1, 1, 1, 0, 0, 0, 1, 0, 0, 0, 0, 1, 1, 1, 1, 0, 1, 1, 1, 0, 0, 0, 1, 1, 1, 0, 1, 1, 1, 1, 0, 1, 1, 0, 1, 0, 0, 0, 1, 0, 1, 1, 1, 1, 1, 1, 1, 1, 1, 1, 0, 0, 0, 1, 1, 1, 1, 1, 1, 0, 1, 1, 1, 1, 0, 1, 0, 0, 0, 0, 1, 0, 1, 1, 1, 1, 1, 0, 1, 1, 0, 1, 0, 0, 0, 0, 0, 0, 0, 1, 0, 0, 1, 1, 0, 1, 1, 1, 0, 0, 0, 0, 0, 0, 0, 0, 1, 1, 1, 0, 0, 0, 1, 0, 0, 0, 0, 0, 0, 0, 0, 0, 0, 0, 0, 0, 0, 0, 0, 0, 0, 0]",
  "group_name": "minecraft\\assets\\minecraft\\textures\\items\\dye_powder_white.png",
  "segment_dicts": [
    {
      "hues": [
        0.6666666666666666,
        0.879508423095012
      ],
      "lightness": 0.9472485768500949,
      "sats": [
        1.0,
        0.8068181818278407
      ],
      "vals": [
        0.6666666667,
        0.9176470588235294,
        1.0
      ],
      "variance": 0.3278425662473746
    },
    {
      "hues": [
        0.7915810000278919,
        0.802843696813701,
        0.879508423095012,
        0.9242713301590045
      ],
      "lightness": 0.5755368814192343,
      "sats": [
        0.9487220736391241,
        0.8886165643427406,
        0.8068181818278407,
        0.7115384615528846,
        0.7115384615528845
      ],
      "vals": [
        0.6666666667,
        0.7960784313725489,
        0.8745098039215689
      ],
      "variance": 0.5383205566036106
    }
  ]
}