{
  "cluster_map": "[0, 0, 0, 0, 1, 1, 1, 1, 1, 1, 1, 1, 0, 0, 0, 0, 0, 0, 0, 0, 1, 0, 0, 0, 0, 0, 0, 1, 0, 0, 0, 0, 0, 0, 0, 0, 1, 0, 0, 0, 0, 0, 0, 1, 0, 0, 0, 0, 0, 0, 0, 0, 1, 0, 0, 0, 0, 0, 0, 1, 0, 0, 0, 0, 0, 0, 0, 0, 1, 0, 0, 0, 0, 0, 0, 1, 0, 0, 0, 0, 0, 0, 0, 0, 1, 0, 0, 0, 0, 0, 0, 1, 0, 0, 0, 0, 0, 0, 0, 0, 1, 0, 0, 0, 0, 0, 0, 1, 0, 0, 0, 0, 0, 0, 0, 0, 1, 0, 0, 0, 0, 0, 0, 1, 0, 0, 0, 0, 0, 0, 0, 0, 1, 0, 0, 0, 0, 0, 0, 2, 0, 0, 0, 0, 2, 2, 2, 2, 1, 2, 2, 2, 2, 2, 2, 2, 2, 2, 2, 2, 2, 2, 2, 2, 2, 2, 2, 2, 2, 2, 2, 2, 2, 2, 2, 2, 2, 2, 2, 2, 2, 2, 2, 2, 2, 2, 2, 2, 2, 2, 2, 2, 2, 2, 2, 2, 2, 2, 2, 2, 2, 2, 2, 2, 2, 2, 2, 2, 2, 2, 2, 2, 2, 2, 2, 2, 2, 2, 2, 2, 2, 2, 2, 2, 2, 2, 2, 2, 2, 2, 2, 2, 2, 2, 2, 2, 2, 2, 2, 2, 2, 2, 2, 2, 2, 2, 2, 2, 2, 2, 2, 2, 2, 2, 2, 2]",
  "group_name": "buildcraft\\assets\\buildcraft\\textures\\blocks\\engineWoodSide.png",
  "segment_dicts": [
    {
      "hues": [
        0.5
      ],
      "lightness": 1.0,
      "sats": [
        0.43594771239999996,
        0.3960784314,
        0.33333333330000003
      ],
      "vals": [
        1.0
      ],
      "variance": 0.3903123748998999
    },
    {
      "hues": [
        0.3834520354955522,
        0.420770519257965,
        0.42580195259919495,
        0.4328640178060969
      ],
      "lightness": 0.19738562091503264,
      "sats": [
        0.6885813148352941,
        0.64192708321875,
        0.6143250687272728,
        0.6096938777071429
      ],
      "vals": [
        0.2745098039215686,
        0.275,
        0.2909090909090909,
        0.31481481481481477
      ],
      "variance": 0.29299307974828087
    },
    {
      "hues": [
        0.3834520354955522,
        0.39877755721642355,
        0.425801952599195,
        0.42667139143542343,
        0.4328640178060969,
        0.43733076260087045,
        0.4425687828934755,
        0.4425687828934756,
        0.46077643908881,
        0.46296016008185314,
        0.4700345454326605,
        0.4826464152408503
      ],
      "lightness": 0.4042016806722689,
      "sats": [
        0.8811184400110295,
        0.8688,
        0.8635676493214286,
        0.861591695482353,
        0.8606237816903508,
        0.8507149188946237,
        0.6516203704500001,
        0.6484374998875001,
        0.6484374998875,
        0.6419270832187502,
        0.6143250687272728,
        0.6096938777071429
      ],
      "vals": [
        0.2745098039215686,
        0.275,
        0.2790697674418605,
        0.29090909090909106,
        0.2962962962962963,
        0.29629629629629634,
        0.7083333333333334,
        0.7322834645669292,
        0.7368421052631579,
        0.7621951219512195,
        0.7972027972027971,
        0.7972027972027972,
        0.8143712574850299
      ],
      "variance": 0.597165073058254
    }
  ]
}