{
  "cluster_map": "[0, 0, 2, 2, 2, 2, 0, 2, 2, 0, 2, 2, 2, 2, 0, 0, 0, 0, 0, 0, 0, 0, 0, 2, 0, 0, 0, 0, 0, 0, 0, 0, 2, 0, 0, 0, 0, 0, 0, 0, 0, 0, 2, 2, 0, 0, 0, 2, 2, 0, 0, 0, 0, 0, 0, 0, 0, 2, 0, 0, 0, 0, 0, 2, 2, 0, 0, 0, 0, 0, 2, 0, 0, 2, 0, 0, 0, 0, 0, 2, 2, 0, 0, 0, 0, 0, 2, 0, 0, 2, 0, 0, 0, 0, 0, 2, 1, 2, 2, 0, 0, 0, 2, 0, 0, 0, 0, 0, 0, 2, 2, 1, 2, 0, 0, 2, 0, 0, 0, 0, 0, 0, 0, 0, 2, 0, 0, 2, 2, 0, 0, 2, 0, 0, 0, 0, 0, 0, 0, 0, 2, 0, 0, 2, 1, 2, 2, 0, 0, 0, 0, 0, 0, 2, 0, 0, 0, 2, 2, 1, 2, 0, 0, 0, 0, 0, 2, 0, 0, 2, 0, 0, 0, 0, 0, 2, 2, 0, 0, 0, 0, 0, 2, 0, 0, 2, 0, 0, 2, 0, 0, 2, 2, 0, 0, 0, 0, 0, 2, 0, 0, 0, 0, 0, 2, 0, 0, 2, 2, 0, 0, 0, 2, 2, 0, 0, 0, 0, 2, 2, 0, 0, 0, 2, 0, 0, 0, 0, 0, 0, 0, 0, 2, 0, 0, 0, 0, 0, 0, 0, 0, 0, 2, 2, 2, 2, 0, 2, 2, 0, 2, 2, 2, 2, 0, 0]",
  "group_name": "extrautils\\assets\\extrautils\\textures\\blocks\\etherealglass.png",
  "segment_dicts": [
    {
      "hues": [
        0.6666666666666666,
        0.7287466846311474
      ],
      "lightness": 0.9991744066047472,
      "sats": [
        1.0,
        0.7549445098890197
      ],
      "vals": [
        0.996078431372549,
        1.0
      ],
      "variance": 0.35553366736461234
    },
    {
      "hues": [
        0.6666666666666666
      ],
      "lightness": 1.0,
      "sats": [
        1.0
      ],
      "vals": [
        1.0
      ],
      "variance": 0.12401959270615269
    },
    {
      "hues": [
        0.7287466846311474
      ],
      "lightness": 0.996078431372549,
      "sats": [
        0.7549445098890197
      ],
      "vals": [
        0.996078431372549
      ],
      "variance": 0.45332700238762524
    }
  ]
}