{
  "cluster_map": "[0, 0, 3, 3, 0, 0, 0, 0, 5, 0, 0, 0, 11, 11, 0, 0, 0, 0, 16, 3, 0, 0, 0, 5, 5, 0, 0, 0, 11, 11, 0, 0, 0, 0, 16, 16, 0, 0, 5, 5, 5, 0, 0, 0, 11, 11, 0, 0, 0, 0, 16, 0, 9, 9, 5, 15, 15, 0, 0, 0, 7, 7, 0, 0, 0, 0, 16, 15, 0, 0, 0, 15, 0, 0, 0, 0, 7, 7, 0, 0, 0, 0, 16, 15, 0, 0, 0, 15, 10, 0, 0, 0, 0, 11, 0, 0, 0, 0, 16, 15, 0, 0, 0, 15, 10, 0, 0, 0, 6, 11, 0, 0, 4, 16, 16, 15, 0, 0, 0, 15, 6, 0, 0, 0, 6, 11, 11, 11, 4, 12, 12, 0, 0, 0, 0, 15, 17, 0, 0, 0, 6, 7, 7, 1, 0, 0, 12, 0, 0, 0, 0, 15, 17, 0, 0, 0, 14, 1, 0, 0, 0, 0, 0, 0, 0, 0, 0, 17, 17, 0, 0, 0, 14, 1, 0, 0, 0, 0, 0, 0, 0, 0, 0, 17, 6, 0, 0, 0, 6, 8, 0, 0, 0, 0, 0, 0, 0, 0, 0, 0, 6, 6, 6, 6, 8, 8, 0, 0, 0, 0, 0, 2, 0, 0, 0, 6, 6, 6, 6, 6, 6, 7, 0, 0, 0, 0, 4, 2, 0, 0, 0, 0, 0, 0, 0, 0, 7, 7, 0, 0, 0, 0, 4, 0, 0, 0, 0, 0, 0, 0, 0, 0, 13, 13, 0, 0]",
  "group_name": "chisel\\assets\\chisel\\textures\\blocks\\ironpane\\fenceIron.png",
  "segment_dicts": [
    {
      "hues": [
        0.6027537630771377,
        0.604592583923198,
        0.6312153440664297,
        0.6319695298862396,
        0.6413315987221603,
        0.6415408804849848,
        0.6631542699724516,
        0.6632172713253794,
        0.6636654661864746,
        0.6666666666666666,
        0.6783683696306116,
        0.6950298559738322,
        0.7003395585546124,
        0.7378082803410333,
        0.7425111536172722
      ],
      "lightness": 0.40149393090569563,
      "sats": [
        1.0,
        0.9723307291666667,
        0.9685185185185181,
        0.9490000000000003,
        0.9203125000000003,
        0.9134223630602081,
        0.8464912280263158,
        0.846323824870229,
        0.8308270677142857,
        0.7911547911756757,
        0.7693798448953488,
        0.7571428572400001
      ],
      "vals": [
        0.24705882352941178,
        0.2901960784313726,
        0.30196078431372547,
        0.3137254901960784,
        0.33725490196078434,
        0.35294117647058826,
        0.3607843137254902,
        0.3686274509803922,
        0.3764705882352941,
        0.39215686274509803,
        0.43137254901960786,
        0.43529411764705883,
        0.4470588235294118,
        0.4666666666666667,
        0.5058823529411764,
        0.5137254901960784,
        0.6431372549019608
      ],
      "variance": 0.2814683523592774
    },
    {
      "hues": [
        0.6666666666666666
      ],
      "lightness": 0.31633986928104574,
      "sats": [
        1.0
      ],
      "vals": [
        0.27450980392156865,
        0.30196078431372547,
        0.37254901960784315
      ],
      "variance": 0.10854087844444822
    },
    {
      "hues": [
        0.9263212569833702,
        0.9484206362638636
      ],
      "lightness": 0.2941176470588235,
      "sats": [
        0.9805194805204546,
        0.9506849315048769
      ],
      "vals": [
        0.6666666667,
        0.8333333333
      ],
      "variance": 0.08807394847118845
    },
    {
      "hues": [
        0.8835021926486231,
        0.9187977893827014,
        0.9483572772992428
      ],
      "lightness": 0.38431372549019605,
      "sats": [
        0.9773584905651319,
        0.9716646989384568,
        0.9557739557731516
      ],
      "vals": [
        0.6111111111,
        0.8333333333,
        0.9166666667
      ],
      "variance": 0.10888323092532756
    },
    {
      "hues": [
        0.7731085095120857,
        0.7900871203075504,
        0.793469252431854,
        0.8822660366185942
      ],
      "lightness": 0.42549019607843136,
      "sats": [
        0.9853650137741042,
        0.9803785780240072,
        0.9793036279522767,
        0.9376623376673249
      ],
      "vals": [
        0.4166666667,
        0.43529411764705883,
        0.4470588235294118,
        0.5176470588235295
      ],
      "variance": 0.12611686793720991
    },
    {
      "hues": [
        0.7958847891095179,
        0.8008356545822887,
        0.8303930566497303,
        0.8392699849251544,
        0.9100610736143424,
        0.9205572253232193,
        0.9374212715389185
      ],
      "lightness": 0.48683473389355736,
      "sats": [
        0.9908536585370425,
        0.9905190362879237,
        0.983870967742742,
        0.9829596712218917,
        0.9768707482993199,
        0.9716312056737588,
        0.9649122807017546
      ],
      "vals": [
        0.4117647058823529,
        0.6431372549019608,
        0.6666666667,
        0.6784313725490196,
        0.75
      ],
      "variance": 0.17077138136938524
    },
    {
      "hues": [
        0.6297268657408345,
        0.6377691908918744,
        0.6378245721949137,
        0.6388636856737614,
        0.6666666666666666,
        0.6854581975201874,
        0.687804052349537,
        0.6935391717568714,
        0.7425111536172722,
        0.7776293156407421,
        0.8476078431214061,
        0.8758916164927555,
        0.9130940511842129
      ],
      "lightness": 0.5,
      "sats": [
        1.0,
        0.9833333333341665,
        0.9810380725758475,
        0.9750599051298352,
        0.9741131351877003,
        0.9685185185185181,
        0.961538461534615,
        0.9554546248580661,
        0.9410336455081514,
        0.872802095037037,
        0.8489694384552239,
        0.840225563952381,
        0.8313492063522728
      ],
      "vals": [
        0.3137254901960784,
        0.3333333333,
        0.35294117647058826,
        0.36470588235294116,
        0.4196078431372549,
        0.49411764705882355,
        0.5176470588235295,
        0.5254901960784314,
        0.5607843137254902,
        0.6352941176470588,
        0.6431372549019608,
        0.6666666667,
        0.7777777778
      ],
      "variance": 0.2500767615717236
    },
    {
      "hues": [
        0.8566327765674171,
        0.8819755517329422,
        0.8897553753796297,
        0.9049894419306184,
        0.9061506707994743,
        0.918704673647665,
        0.9252979623259922,
        0.9334150326769641,
        0.9351633986928105
      ],
      "lightness": 0.3830065359477124,
      "sats": [
        0.9876033057857438,
        0.9818181818181816,
        0.9807692307701921,
        0.975975975975976,
        0.9693877551035714,
        0.9599999999984,
        0.9558101472981493,
        0.9349593495934959,
        0.9222672064825163
      ],
      "vals": [
        0.5,
        0.5416666667,
        0.6666666667,
        0.7222222222,
        0.75,
        0.8333333333
      ],
      "variance": 0.1859294896494732
    },
    {
      "hues": [
        0.8185608768010781,
        0.8285314455135961,
        0.84801149249849
      ],
      "lightness": 0.4862745098039215,
      "sats": [
        0.9916734693877551,
        0.9705168227540758,
        0.9350961538396635
      ],
      "vals": [
        0.36470588235294116,
        0.4444444444,
        0.6862745098039216
      ],
      "variance": 0.11219608336953443
    },
    {
      "hues": [
        0.8219951823080508,
        0.849655537875188
      ],
      "lightness": 0.32941176470588235,
      "sats": [
        0.969206617558266,
        0.961038961035065
      ],
      "vals": [
        0.3333333333,
        0.3568627450980392
      ],
      "variance": 0.08834997632128842
    },
    {
      "hues": [
        0.9024730612965907,
        0.9120866256950542
      ],
      "lightness": 0.28431372549019607,
      "sats": [
        0.9736842105263159,
        0.9710144927536233
      ],
      "vals": [
        0.5
      ],
      "variance": 0.08814574484813233
    },
    {
      "hues": [
        0.6260377358361199,
        0.6337694474259666,
        0.6338988425647326,
        0.6362647629772691,
        0.6406694303631557,
        0.6666666666666666,
        0.7023258155246005,
        0.7283068125441116,
        0.748259143563712,
        0.8136971431026602,
        0.9388374639170942
      ],
      "lightness": 0.40677361853832444,