{
  "cluster_map": "[0, 0, 0, 0, 0, 0, 0, 0, 0, 0, 0, 0, 0, 0, 0, 0, 0, 0, 0, 0, 0, 0, 0, 0, 0, 0, 0, 0, 0, 0, 0, 0, 0, 0, 0, 0, 0, 0, 1, 1, 1, 1, 0, 0, 0, 0, 0, 0, 0, 0, 0, 0, 1, 1, 1, 1, 1, 1, 1, 0, 0, 0, 0, 0, 0, 0, 0, 1, 1, 1, 1, 1, 1, 1, 1, 1, 0, 0, 0, 0, 0, 0, 1, 1, 1, 1, 1, 1, 1, 1, 1, 1, 1, 0, 0, 0, 0, 0, 1, 1, 1, 1, 1, 1, 1, 1, 1, 1, 1, 0, 0, 0, 0, 0, 1, 1, 1, 1, 1, 1, 1, 1, 1, 1, 1, 0, 0, 0, 0, 0, 1, 1, 1, 1, 1, 1, 1, 1, 1, 1, 0, 0, 0, 0, 0, 0, 0, 0, 1, 1, 1, 1, 1, 1, 1, 0, 0, 0, 0, 0, 0, 0, 0, 0, 0, 0, 0, 0, 0, 0, 0, 0, 0, 0, 0, 0, 0, 0, 0, 0, 0, 0, 0, 0, 0, 0, 0, 0, 0, 0, 0, 0, 0, 0, 0, 0, 0, 0, 0, 0, 0, 0, 0, 0, 0, 0, 0, 0, 0, 0, 0, 0, 0, 0, 0, 0, 0, 0, 0, 0, 0, 0, 0, 0, 0, 0, 0, 0, 0, 0, 0, 0, 0, 0, 0, 0, 0, 0, 0, 0, 0, 0, 0, 0, 0, 0, 0, 0, 0, 0, 0, 0, 0, 0, 0, 0]",
  "group_name": "botania\\assets\\botania\\textures\\blocks\\flower3.png",
  "segment_dicts": [
    {
      "hues": [
        0.332521423786216,
        0.4076286230460882,
        0.4633788172172495
      ],
      "lightness": 0.4756302521008403,
      "sats": [
        0.33725490196078434,
        0.33685840947848106,
        0.33489037575280894
      ],
      "vals": [
        0.6137931034482759,
        0.6153846153846154,
        0.6171875
      ],
      "variance": 0.27659463998489286
    },
    {
      "hues": [
        0.52483470114555,
        0.5540826816361778,
        0.5689542483617819,
        0.5734938248002162,
        0.5978352941140467
      ],
      "lightness": 0.9230812324929972,
      "sats": [
        0.4409171076,
        0.4240946805685484,
        0.4170616114,
        0.3566312214054055,
        0.26457961824271853,
        0.2645796182427184
      ],
      "vals": [
        0.8078431372549019,
        0.807843137254902,
        0.8705882352941177,
        0.9725490196078431,
        1.0
      ],
      "variance": 0.4482934145935765
    }
  ]
}