{
  "cluster_map": "[0, 0, 0, 0, 0, 0, 0, 0, 0, 0, 0, 0, 0, 0, 0, 0, 0, 0, 0, 0, 0, 0, 0, 0, 0, 0, 0, 0, 0, 0, 0, 0, 0, 0, 0, 0, 0, 0, 2, 0, 0, 0, 0, 0, 0, 0, 0, 0, 0, 0, 0, 0, 2, 2, 2, 1, 1, 0, 0, 0, 0, 0, 0, 0, 0, 0, 2, 2, 2, 2, 0, 1, 1, 0, 2, 2, 2, 0, 0, 0, 0, 2, 2, 2, 2, 2, 2, 1, 1, 1, 2, 2, 2, 2, 0, 0, 0, 0, 2, 2, 2, 2, 2, 1, 1, 2, 2, 2, 2, 2, 0, 0, 0, 2, 2, 2, 2, 2, 2, 1, 1, 2, 2, 2, 2, 2, 0, 0, 0, 0, 2, 2, 2, 1, 1, 1, 1, 2, 2, 2, 2, 2, 0, 0, 0, 0, 0, 1, 1, 1, 0, 1, 1, 0, 2, 2, 2, 0, 0, 0, 0, 0, 0, 1, 1, 1, 1, 1, 1, 1, 1, 1, 1, 0, 0, 0, 0, 0, 0, 0, 1, 1, 0, 1, 1, 0, 1, 1, 0, 0, 0, 0, 0, 0, 0, 0, 0, 0, 0, 1, 1, 0, 0, 0, 0, 0, 0, 0, 0, 0, 0, 0, 0, 0, 1, 1, 1, 1, 0, 0, 0, 0, 0, 0, 0, 0, 0, 0, 0, 0, 0, 1, 1, 0, 0, 0, 0, 0, 0, 0, 0, 0, 0, 0, 0, 0, 0, 0, 0, 0, 0, 0, 0, 0, 0, 0]",
  "group_name": "binniecore\\assets\\genetics\\textures\\items\\machines\\genome.empty.png",
  "segment_dicts": [
    {
      "hues": [
        0.6302944311817785,
        0.6666666666666666
      ],
      "lightness": 0.6071301247771836,
      "sats": [
        1.0
      ],
      "vals": [
        0.39215686274509803,
        0.5843137254901961,
        0.9019607843137255
      ],
      "variance": 0.20972096298110884
    },
    {
      "hues": [
        0.6302944311817785,
        0.6392889965386036,
        0.6536426831825293,
        0.6633986928104575,
        0.6666666666666666
      ],
      "lightness": 0.9459893048128343,
      "sats": [
        1.0
      ],
      "vals": [
        0.5843137254901961,
        0.7725490196078432,
        0.9019607843137255,
        0.9764705882352941,
        1.0
      ],
      "variance": 0.3788362512378197
    },
    {
      "hues": [
        0.6302944311817785,
        0.6350617450874346,
        0.6392889965386036,
        0.6536426831825293,
        0.6633986928104575,
        0.6666666666666666
      ],
      "lightness": 0.8051054384017757,
      "sats": [
        1.0
      ],
      "vals": [
        0.39215686274509803,
        0.5843137254901961,
        0.6745098039215687,
        0.7725490196078432,
        0.9019607843137255,
        0.9764705882352941,
        1.0
      ],
      "variance": 0.41821245308969485
    }
  ]
}