{
  "cluster_map": "[0, 0, 0, 0, 0, 0, 0, 0, 10, 12, 0, 1, 1, 1, 8, 8, 0, 0, 0, 0, 0, 0, 0, 0, 10, 10, 0, 0, 3, 4, 4, 2, 0, 0, 0, 0, 0, 0, 0, 0, 10, 10, 1, 0, 3, 4, 4, 4, 0, 0, 0, 0, 0, 0, 0, 0, 10, 10, 1, 1, 12, 4, 2, 2, 0, 0, 0, 0, 0, 0, 0, 0, 10, 10, 1, 12, 11, 11, 4, 2, 0, 0, 0, 0, 0, 0, 0, 0, 10, 10, 3, 3, 4, 4, 4, 2, 0, 0, 0, 0, 0, 0, 0, 0, 12, 10, 12, 11, 11, 10, 10, 4, 0, 0, 0, 0, 0, 0, 0, 0, 5, 5, 4, 4, 4, 4, 4, 4, 0, 0, 0, 0, 0, 0, 0, 0, 10, 10, 0, 9, 4, 4, 11, 4, 0, 0, 0, 0, 0, 0, 0, 0, 10, 10, 0, 9, 4, 4, 0, 0, 0, 0, 0, 0, 0, 0, 0, 0, 7, 1, 0, 1, 9, 4, 5, 0, 0, 0, 0, 0, 0, 0, 0, 0, 7, 1, 1, 1, 2, 2, 0, 0, 0, 0, 0, 0, 0, 0, 0, 0, 7, 11, 11, 0, 2, 2, 1, 0, 0, 0, 0, 0, 0, 0, 0, 0, 11, 1, 1, 0, 0, 2, 1, 0, 0, 0, 0, 0, 0, 0, 0, 0, 4, 11, 11, 0, 11, 11, 0, 0, 0, 0, 0, 0, 0, 0, 0, 0, 4, 11, 1, 1, 6, 6, 0, 0]",
  "group_name": "binniecore\\assets\\botany\\textures\\blocks\\ceramic\\halved.1.png",
  "segment_dicts": [
    {
      "hues": [
        0.6957627502268561,
        0.7081254700044637,
        0.7150700947196751,
        0.7171042350453587,
        0.7222187365965259,
        0.7236009455778224,
        0.728106769767094,
        0.731000230747212,
        0.7364933374680637,
        0.737210409568816,
        0.7390732174823168,
        0.7429647433420276,
        0.7474290780141843,
        0.7496719160104988,
        0.7521746010083977,
        0.7548774760289891,
        0.7570286707934413,
        0.7622059215713556,
        0.766970479313892,
        0.7679418575905679,
        0.7698305099655794,
        0.8071586118264372
      ],
      "lightness": 0.9796791443850268,
      "sats": [
        0.996078431372549,
        0.9960161852239529,
        0.991071584881217,
        0.9824383188994681,
        0.9802374604749209,
        0.9797622259964127,
        0.9760971113437173,
        0.9740893156531018,
        0.9721132965676701,
        0.9657350174684224,
        0.9582028880984773,
        0.9558295540438397,
        0.9551200000000001,
        0.954023176908325,
        0.9532694710537275,
        0.9514293423913907,
        0.9486173972347944,
        0.9294117647058824,
        0.927721088435374,
        0.9215686274509803,
        0.9176470588235294
      ],
      "vals": [
        0.9372549019607843,
        0.9450980392156862,
        0.9529411764705882,
        0.9568627450980393,
        0.9607843137254902,
        0.9686274509803922,
        0.9803921568627451,
        0.984313725490196,
        0.9882352941176471,
        0.9921568627450981,
        0.996078431372549,
        1.0
      ],
      "variance": 0.2803283731720067
    },
    {
      "hues": [
        0.7821496328393308,
        0.7903171390013495,
        0.7908676904919081,
        0.7962433646444126,
        0.7985618450756312,
        0.7995602881980027,
        0.8001450245502008,
        0.8023273224795172,
        0.8062214566507632,
        0.80738033939007,
        0.808092608328915,
        0.8093523458898996,
        0.8153210425874655,
        0.8258159602089261,
        0.8284680851004752,
        0.8290515799141485,
        0.830769625618518,
        0.8308478909306207
      ],
      "lightness": 0.9814814814814814,
      "sats": [
        0.9840647408958115,
        0.9796000000000001,
        0.9794358155513622,
        0.978758850478967,
        0.9764705882352941,
        0.9753229786616344,
        0.9745106205747605,
        0.9707420216689341,
        0.9686274509803922,
        0.9632799999999999,
        0.9571687718355281,
        0.9561780374634816,
        0.9547587942129966,
        0.9502471383975026,
        0.9490196078431372,
        0.9388,
        0.9243075192551048
      ],
      "vals": [
        0.9568627450980393,
        0.9607843137254902,
        0.9686274509803922,
        0.9725490196078431,
        0.9764705882352941,
        0.9803921568627451,
        0.9921568627450981,
        1.0
      ],
      "variance": 0.2557006970623075
    },
    {
      "hues": [
        0.6921582433690476,
        0.6945578231292516,
        0.695052762686425,
        0.697503012532973,
        0.6980542536511148,
        0.69897253507296,
        0.7008214487754204,
        0.7022715361257913,
        0.7062122920902798,
        0.7331633609648959
      ],
      "lightness": 0.9870588235294118,
      "sats": [
        0.9740893156531018,
        0.9683799367598735,
        0.9629844679924517,
        0.9607843137254902,
        0.9595244519928255,
        0.9521942226874345,
        0.9450980392156862,
        0.9388,
        0.9288548577097154
      ],
      "vals": [
        0.9529411764705882,
        0.9764705882352941,
        0.9803921568627451,
        0.984313725490196,
        0.9921568627450981,
        0.996078431372549,
        1.0
      ],
      "variance": 0.193763127575501
    },
    {
      "hues": [
        0.8238214137110754,
        0.8240203615027496,
        0.8300623493877494,
        0.8322502453268003
      ],
      "lightness": 0.9745098039215687,
      "sats": [
        0.9734375,
        0.9558295540438397,
        0.9477985638699924,
        0.94696
      ],
      "vals": [
        0.9411764705882353,
        0.9803921568627451,
        0.9882352941176471
      ],
      "variance": 0.12404483785565759
    },
    {
      "hues": [
        0.7470392428676559,
        0.7534250670493176,
        0.7575081772189266,
        0.7595299378312893,
        0.7604050435227854,
        0.7606675587326978,
        0.7623795552830358,
        0.7705845452140005,
        0.7743055555614583,
        0.775216247324757,
        0.7760638297812057,
        0.7776185928088273,
        0.7782407407427083,
        0.7848483217996961,
        0.7898942835518311,
        0.7994157142648083,
        0.8001239094353804,
        0.8023822579725772,
        0.8076625870744966,
        0.8129573377596689,
        0.8181979010187512,
        0.8212729210611488,
        0.8243751216464644,
        0.8269162624360615,
        0.8283601565837828
      ],
      "lightness": 0.9825882352941177,
      "sats": [
        0.9913631052177005,
        0.9876614893308173,
        0.9875617845993757,
        0.9841899683799367,
        0.9800809261197644,
        0.9791014440492386,
        0.9738747353322861,
        0.9665623104787818,
        0.9651663137763814,
        0.9644274288548578,
        0.9575177009579342,
        0.9506459573232691,
        0.9424202835438138,
        0.9411764705882353,
        0.9397675736961452,
        0.9328073656147312,
        0.9322751488071991,
        0.9311915683878033,
        0.927721088435374,
        0.9254901960784314,
        0.9249023498046995,
        0.9215686274509803
      ],
      "vals": [
        0.9490196078431372,
        0.9529411764705882,
        0.9607843137254902,
        0.9686274509803922,
        0.9725490196078431,
        0.9764705882352941,
        0.984313725490196,
        0.9882352941176471,
        0.9921568627450981,
        0.996078431372549,
        1.0
      ],
      "variance": 0.29689500689680637
    },
    {
      "hues": [
        0.6929769742692923,
        0.6936955030099664,
        0.6939039722543319
      ],
      "lightness": 0.9673202614379084,
      "sats": [
        0.987358715050565,
        0.978047898624335,
        0.9482104079113874
      ],
      "vals": [
        0.9450980392156862,
        0.9647058823529412,
        0.9921568627450981
      ],
      "variance": 0.10763868329847122
    },
    {
      "hues": [
        0.7616615532013883,
        0.7689123963149971
      ],
      "lightness": 0.996078431372549,
      "sats": [
        0.9486173972347944,
        0.936759873519747
      ],
      "vals": [
        0.996078431372549
      ],
      "variance": 0.08804240366863003
    },
    {
      "hues": [
        0.7040903280844341,
        0.7227013208622234,
        0.8269714067691573
      ],
      "lightness": 0.9869281045751632,
      "sats": [
        0.9565224130448261,
        0.9473817875906732,
        0.9388
      ],