{
  "cluster_map": "[0, 0, 0, 0, 0, 0, 0, 0, 0, 0, 0, 0, 0, 0, 0, 0, 0, 0, 0, 0, 0, 0, 0, 0, 0, 0, 0, 0, 0, 0, 0, 0, 0, 0, 0, 0, 0, 0, 0, 0, 0, 0, 0, 0, 0, 0, 0, 0, 0, 0, 0, 0, 0, 0, 0, 0, 0, 0, 0, 0, 0, 0, 0, 0, 0, 0, 0, 0, 0, 0, 0, 0, 0, 0, 0, 0, 0, 0, 0, 0, 0, 0, 0, 0, 0, 0, 0, 0, 0, 0, 0, 0, 0, 0, 0, 0, 0, 0, 0, 1, 1, 1, 1, 1, 1, 1, 1, 1, 1, 0, 0, 0, 0, 0, 0, 1, 1, 1, 1, 1, 1, 1, 1, 1, 1, 1, 0, 0, 0, 0, 0, 1, 1, 1, 1, 1, 1, 1, 1, 1, 1, 1, 0, 0, 0, 0, 0, 1, 1, 1, 1, 1, 1, 1, 1, 1, 1, 0, 0, 0, 0, 0, 0, 0, 0, 0, 0, 0, 0, 0, 0, 0, 0, 0, 0, 0, 0, 0, 0, 0, 0, 0, 0, 0, 0, 0, 0, 0, 0, 0, 0, 0, 0, 0, 0, 0, 0, 0, 0, 0, 0, 0, 0, 0, 0, 0, 0, 0, 0, 0, 0, 0, 0, 0, 0, 0, 0, 0, 0, 0, 0, 0, 0, 0, 0, 0, 0, 0, 0, 0, 0, 0, 0, 0, 0, 0, 0, 0, 0, 0, 0, 0, 0, 0, 0, 0, 0, 0, 0, 0, 0, 0, 0, 0, 0, 0]",
  "group_name": "stevescarts\\assets\\stevescarts\\textures\\items\\hardened_saw_blade_icon.png",
  "segment_dicts": [
    {
      "hues": [
        0.23345544318090838
      ],
      "lightness": 0.11764705882352941,
      "sats": [
        0.8782961460446247
      ],
      "vals": [
        0.9666666666666667
      ],
      "variance": 0.29148059540902543
    },
    {
      "hues": [
        0.23345544318090838,
        0.25110075549286465,
        0.2535984848504167,
        0.2537528216619043,
        0.25461230927604167,
        0.25516126175000003,
        0.2554612679279573,
        0.25630062771178075,
        0.25670903955059526,
        0.25713125368257045,
        0.2579539520594249,
        0.25824601431228517,
        0.2590116441006045,
        0.2597759589869792,
        0.26038177321454126,
        0.2619732780142212,
        0.26206509538888884,
        0.26276267380208335,
        0.2628281464951241,
        0.2635485359196559,
        0.2635918003484848,
        0.26433135706600924,
        0.26511160454206334
      ],
      "lightness": 0.26489262371615313,
      "sats": [
        0.8782961460446247,
        0.7843137254901961,
        0.7764705882352941,
        0.7686274509803921,
        0.7607843137254902,
        0.7568627450980392,
        0.7529411764705882,
        0.7411764705882353,
        0.7372549019607844,
        0.7333333333333334,
        0.7136702568351284,
        0.7056614194973765,
        0.6975421154377243,
        0.6893123446561724,
        0.6809721071527203,
        0.663960231980116,
        0.6376139188069595,
        0.628610880972107,
        0.619497376415355,
        0.6102734051367025,
        0.6009389671361502,
        0.5914940624136978,
        0.5624965479149406
      ],
      "vals": [
        0.7977528089887641,
        0.8255813953488372,
        0.8352941176470589,
        0.8452380952380952,
        0.8554216867469879,
        0.8658536585365854,
        0.8765432098765433,
        0.9102564102564102,
        0.9342105263157895,
        0.9466666666666667,
        0.9594594594594594,
        0.9666666666666667,
        0.9726027397260275,
        0.9861111111111112,
        1.0
      ],
      "variance": 0.3820395433624169
    }
  ]
}