{
  "cluster_map": "[0, 0, 0, 0, 0, 0, 0, 0, 0, 0, 0, 0, 0, 0, 0, 0, 0, 0, 0, 0, 0, 0, 0, 0, 0, 0, 0, 0, 0, 0, 0, 0, 0, 0, 0, 0, 0, 0, 0, 0, 0, 0, 0, 0, 0, 0, 0, 0, 0, 0, 1, 1, 1, 1, 1, 1, 1, 1, 1, 1, 1, 0, 0, 0, 0, 0, 1, 1, 1, 1, 1, 1, 1, 1, 1, 1, 1, 0, 0, 0, 0, 0, 1, 1, 1, 1, 1, 0, 0, 0, 0, 1, 1, 0, 0, 0, 0, 0, 1, 1, 1, 1, 1, 1, 1, 1, 1, 1, 1, 0, 0, 0, 0, 0, 1, 1, 1, 1, 1, 1, 1, 1, 1, 1, 1, 0, 0, 0, 0, 0, 1, 1, 1, 1, 1, 1, 1, 1, 1, 1, 1, 0, 0, 0, 0, 0, 1, 1, 1, 1, 1, 1, 1, 1, 1, 1, 1, 0, 0, 0, 0, 0, 1, 1, 1, 1, 1, 1, 1, 1, 1, 1, 1, 0, 0, 0, 0, 0, 1, 1, 1, 1, 1, 1, 1, 1, 1, 1, 1, 0, 0, 0, 0, 0, 1, 1, 1, 1, 1, 1, 1, 1, 1, 1, 1, 0, 0, 0, 0, 0, 1, 1, 1, 1, 1, 1, 1, 1, 1, 1, 1, 0, 0, 0, 0, 0, 0, 0, 0, 0, 0, 0, 0, 0, 0, 0, 0, 0, 0, 0, 0, 0, 0, 0, 0, 0, 0, 0, 0, 0, 0, 0, 0, 0, 0, 0]",
  "group_name": "ic2\\assets\\ic2\\textures\\items\\bcTrigger\\HasFuel.png",
  "segment_dicts": [
    {
      "hues": [
        0.4321135902660888
      ],
      "lightness": 0.5019607843137255,
      "sats": [
        0.9945130315851851
      ],
      "vals": [
        0.84375
      ],
      "variance": 0.12401959270615269
    },
    {
      "hues": [
        0.34160616011946,
        0.36090789200834,
        0.36327313690287605,
        0.38969157183469477,
        0.4650030555902916
      ],
      "lightness": 0.36286240992123353,
      "sats": [
        0.7011873982677965,
        0.6997922438026316,
        0.69625,
        0.6800103305568181,
        0.6494550352134831
      ],
      "vals": [
        0.6357142857142857,
        0.6984126984126984,
        0.7407407407407408,
        0.7450980392156864,
        0.7468354430379747
      ],
      "variance": 0.5237945940059643
    }
  ]
}