{
  "cluster_map": "[0, 0, 0, 0, 0, 0, 0, 0, 0, 0, 0, 0, 0, 0, 0, 0, 0, 0, 0, 0, 0, 0, 0, 0, 0, 0, 0, 0, 0, 0, 0, 0, 0, 0, 0, 0, 0, 0, 0, 0, 0, 0, 0, 0, 0, 0, 0, 0, 0, 0, 0, 1, 1, 1, 1, 0, 0, 0, 0, 0, 0, 0, 0, 0, 0, 0, 0, 0, 1, 1, 1, 0, 0, 0, 0, 0, 1, 0, 0, 0, 0, 0, 0, 0, 0, 0, 1, 1, 1, 1, 0, 0, 1, 1, 0, 0, 0, 0, 0, 0, 0, 1, 1, 1, 1, 1, 1, 1, 1, 1, 0, 0, 0, 0, 0, 0, 1, 1, 1, 1, 1, 1, 1, 1, 1, 1, 0, 0, 0, 0, 1, 1, 1, 1, 1, 1, 1, 1, 1, 1, 1, 1, 0, 0, 0, 0, 1, 1, 1, 1, 1, 1, 1, 1, 1, 1, 1, 1, 0, 0, 0, 1, 1, 1, 1, 1, 1, 1, 1, 1, 1, 1, 1, 1, 1, 0, 0, 1, 1, 1, 1, 1, 1, 1, 1, 1, 1, 1, 1, 1, 1, 0, 0, 1, 1, 1, 1, 1, 1, 1, 1, 1, 1, 1, 1, 1, 1, 0, 0, 0, 1, 1, 1, 1, 1, 0, 0, 1, 1, 1, 1, 1, 0, 0, 0, 0, 0, 0, 0, 0, 0, 0, 0, 0, 0, 0, 0, 0, 0, 0, 0, 0, 0, 0, 0, 0, 0, 0, 0, 0, 0, 0, 0, 0, 0, 0]",
  "group_name": "ttinkerer\\assets\\ttinkerer\\textures\\items\\ichorclothBoots.png",
  "segment_dicts": [
    {
      "hues": [
        0.40231729055613674,
        0.422851519790531,
        0.6666666666666666
      ],
      "lightness": 0.18617131062951497,
      "sats": [
        1.0,
        0.9166666667,
        0.9149659864
      ],
      "vals": [
        0.08627450980392157,
        0.08627450980392158,
        0.10980392156862745,
        0.11764705882352941,
        1.0
      ],
      "variance": 0.36602031948904096
    },
    {
      "hues": [
        0.6666666666666666
      ],
      "lightness": 0.1129699586256521,
      "sats": [
        1.0
      ],
      "vals": [
        0.08627450980392157,
        0.10980392156862745,
        0.11764705882352941,
        0.12549019607843137,
        0.14901960784313725,
        0.1568627450980392,
        0.16470588235294117,
        0.1803921568627451,
        0.1843137254901961,
        0.2
      ],
      "variance": 0.5228384321273147
    }
  ]
}