{
  "cluster_map": "[0, 0, 0, 0, 0, 0, 0, 0, 0, 0, 0, 0, 0, 0, 0, 0, 0, 0, 0, 0, 0, 0, 0, 0, 0, 0, 0, 0, 0, 0, 0, 0, 0, 0, 0, 0, 0, 0, 2, 2, 2, 2, 0, 0, 0, 0, 0, 0, 0, 0, 0, 0, 0, 1, 0, 0, 0, 0, 2, 0, 0, 0, 0, 0, 0, 0, 0, 0, 1, 0, 2, 2, 2, 2, 2, 2, 0, 0, 0, 0, 0, 0, 0, 1, 0, 2, 2, 2, 0, 2, 2, 2, 0, 0, 0, 0, 0, 0, 0, 1, 0, 2, 0, 2, 2, 2, 2, 2, 2, 0, 0, 0, 0, 0, 1, 0, 2, 0, 2, 2, 2, 2, 2, 2, 2, 0, 0, 0, 0, 0, 1, 0, 2, 2, 2, 2, 2, 2, 2, 2, 2, 2, 0, 0, 0, 0, 1, 0, 2, 2, 2, 2, 2, 2, 2, 2, 2, 2, 0, 0, 0, 0, 1, 0, 2, 2, 2, 2, 2, 2, 2, 2, 2, 2, 0, 0, 0, 0, 0, 2, 2, 2, 2, 2, 2, 2, 2, 2, 2, 0, 0, 0, 0, 0, 0, 2, 2, 2, 2, 2, 2, 2, 2, 2, 2, 0, 0, 0, 0, 0, 0, 0, 2, 2, 2, 2, 2, 2, 2, 2, 0, 0, 0, 0, 0, 0, 0, 0, 0, 2, 2, 2, 2, 2, 2, 0, 0, 0, 0, 0, 0, 0, 0, 0, 0, 0, 0, 0, 0, 0, 0, 0, 0, 0, 0, 0]",
  "group_name": "witchery\\assets\\witchery\\textures\\items\\ingredient.attunedStone.png",
  "segment_dicts": [
    {
      "hues": [
        0.6666666666666666
      ],
      "lightness": 1.0,
      "sats": [
        1.0
      ],
      "vals": [
        1.0
      ],
      "variance": 0.22736925329461324
    },
    {
      "hues": [
        0.17432219358023718
      ],
      "lightness": 0.21568627450980393,
      "sats": [
        0.7241222070223439
      ],
      "vals": [
        0.7818181818181819
      ],
      "variance": 0.1739926363384382
    },
    {
      "hues": [
        0.5627774930493974,
        0.6244788564475425,
        0.7127650547081279,
        0.7698698338931932,
        0.7769781587776242,
        0.7875435344853813,
        0.17432219358023718,
        0.17432219358023726,
        0.1807986779675168,
        0.19175871624257704
      ],
      "lightness": 0.6697303921568627,
      "sats": [
        0.8327200000000001,
        0.8327199999999999,
        0.724122207022344,
        0.7241222070223439,
        0.646044021415824,
        0.6460440214158238,
        0.5545552270894922,
        0.381985294117647,
        0.2600010682048818,
        0.2558739735210323,
        0.12160538333561641,
        0.06127859414390255
      ],
      "vals": [
        0.7804878048780488,
        0.7818181818181819,
        0.781818181818182,
        0.785234899328859,
        0.803921568627451,
        0.8588235294117647,
        0.9294117647058824,
        0.9568627450980393,
        0.9568627450980394,
        0.9647058823529412,
        0.9647058823529413,
        0.9803921568627451,
        0.9803921568627452
      ],
      "variance": 0.5558886042017515
    }
  ]
}