{
  "cluster_map": "[0, 0, 0, 0, 0, 0, 0, 0, 0, 0, 0, 0, 0, 0, 0, 0, 0, 0, 0, 0, 0, 0, 0, 0, 0, 0, 0, 0, 0, 0, 0, 0, 0, 0, 0, 0, 0, 0, 0, 0, 0, 0, 0, 0, 0, 0, 0, 0, 0, 0, 0, 0, 0, 0, 0, 0, 0, 0, 0, 0, 0, 0, 0, 0, 0, 0, 0, 0, 0, 0, 0, 0, 0, 0, 0, 0, 0, 0, 0, 0, 0, 0, 0, 2, 2, 2, 2, 2, 0, 2, 2, 2, 2, 0, 0, 0, 0, 0, 1, 2, 2, 2, 2, 0, 2, 2, 2, 2, 2, 1, 0, 0, 0, 1, 1, 2, 2, 2, 2, 0, 0, 0, 2, 2, 2, 1, 1, 0, 0, 1, 1, 2, 2, 2, 0, 0, 0, 2, 2, 2, 2, 1, 1, 0, 0, 0, 1, 2, 2, 2, 2, 2, 0, 2, 2, 2, 2, 1, 0, 0, 0, 0, 0, 2, 2, 2, 2, 0, 2, 2, 2, 2, 2, 0, 0, 0, 0, 0, 0, 0, 0, 0, 0, 0, 0, 0, 0, 0, 0, 0, 0, 0, 0, 0, 0, 0, 0, 0, 0, 0, 0, 0, 0, 0, 0, 0, 0, 0, 0, 0, 0, 0, 0, 0, 0, 0, 0, 0, 0, 0, 0, 0, 0, 0, 0, 0, 0, 0, 0, 0, 0, 0, 0, 0, 0, 0, 0, 0, 0, 0, 0, 0, 0, 0, 0, 0, 0, 0, 0, 0, 0, 0, 0, 0, 0, 0]",
  "group_name": "ic2\\assets\\ic2\\textures\\items\\itemDetectorCable.png",
  "segment_dicts": [
    {
      "hues": [
        0.37254901960784315,
        0.3803921568627451
      ],
      "lightness": 0.2635294117647059,
      "sats": [
        1.0
      ],
      "vals": [
        1.0
      ],
      "variance": 0.19451367252157786
    },
    {
      "hues": [
        0.8203794079015362
      ],
      "lightness": 0.592156862745098,
      "sats": [
        0.7427744397175563
      ],
      "vals": [
        0.592156862745098
      ],
      "variance": 0.21137108216357317
    },
    {
      "hues": [
        0.3803921568627451,
        0.7419943966350084,
        0.7420885713631472,
        0.7427175192783014,
        0.7431418483058329,
        0.7440149016733847,
        0.7443059202822021,
        0.7446799427973789,
        0.7447144972853305,
        0.745046578705301,
        0.7460640424749604,
        0.7465428136768629,
        0.746899509553255,
        0.7474727853008395,
        0.747783663123147,
        0.7479031756662725,
        0.7482008501636618,
        0.7482805158789817,
        0.7485787585020071,
        0.748692273509037,
        0.7486991917678544,
        0.7489455811451421,
        0.7490012060905294,
        0.749054366969756,
        0.7492944684055528,
        0.7498176193894223,
        0.7498196448752695,
        0.7503221300804906,
        0.7509791644896859,
        0.7516069832700514,
        0.752054771136134,
        0.7534321334859545,
        0.7538794826815058,
        0.7542905442303529,
        0.7646297734003179,
        0.7682017809035013
      ],
      "lightness": 0.8509803921568628,
      "sats": [
        1.0,
        0.8988460151460512,
        0.8768207491082046,
        0.8589843824488472,
        0.8564885792466379,
        0.8556322594784133,
        0.8492591674453195,
        0.8436571046373365,
        0.8366939005220361,
        0.835910635645197,
        0.8337777777777778,
        0.8307828430091094,
        0.829081312052281,
        0.827964243548659,
        0.8262078874173405,
        0.8247064506539833,
        0.820267836165714,
        0.8184067015235845,
        0.8162235746316464,
        0.8152209149329722,
        0.8135964912280702,
        0.8120431604594499,
        0.8085925925925926,
        0.8076923076923076,
        0.8069226608977826,
        0.8052604388940051,
        0.8016011138183083,
        0.801406165494862,
        0.797960843185088,
        0.794219456773344,
        0.7898399761910214,
        0.7857592942659104,
        0.7572856303015032,
        0.7411090208725253
      ],
      "vals": [
        0.7176470588235294,
        0.7411764705882353,
        0.8117647058823529,
        0.8196078431372549,
        0.8274509803921568,
        0.8431372549019608,
        0.8509803921568627,
        0.8568627450980392,
        0.8588235294117647,
        0.8666666666666667,
        0.8686274509803922,
        0.8745098039215686,
        0.8764705882352941,
        0.8823529411764706,
        0.8862745098039215,
        0.8901960784313725,
        0.8941176470588236,
        0.8980392156862745,
        0.9058823529411765,
        0.9098039215686274,
        0.9137254901960784,
        0.9176470588235294,
        0.9235294117647059,
        1.0
      ],
      "variance": 0.401516134019562
    }
  ]
}