{
  "cluster_map": "[0, 0, 0, 0, 0, 0, 0, 0, 0, 0, 0, 0, 0, 0, 0, 0, 0, 0, 0, 0, 0, 0, 0, 0, 0, 0, 0, 0, 0, 0, 0, 0, 0, 0, 0, 0, 0, 0, 0, 0, 0, 0, 1, 1, 0, 0, 0, 0, 0, 0, 0, 0, 0, 0, 0, 1, 1, 1, 1, 1, 1, 0, 0, 0, 0, 0, 0, 0, 1, 1, 1, 1, 1, 1, 1, 1, 1, 1, 0, 0, 0, 1, 1, 1, 1, 1, 1, 1, 1, 1, 1, 1, 1, 1, 1, 0, 0, 1, 1, 1, 1, 1, 1, 1, 1, 1, 1, 1, 1, 1, 1, 0, 0, 1, 1, 1, 1, 1, 1, 1, 1, 1, 1, 1, 1, 1, 1, 0, 0, 1, 1, 1, 1, 1, 1, 1, 1, 1, 1, 1, 1, 1, 1, 0, 0, 1, 1, 1, 1, 1, 1, 1, 1, 1, 1, 1, 0, 0, 0, 0, 0, 0, 1, 1, 1, 1, 1, 1, 1, 0, 0, 0, 0, 0, 0, 0, 0, 0, 0, 1, 1, 1, 0, 0, 0, 0, 0, 0, 0, 0, 0, 0, 0, 0, 0, 0, 0, 0, 0, 0, 0, 0, 0, 0, 0, 0, 0, 0, 0, 0, 0, 0, 0, 0, 0, 0, 0, 0, 0, 0, 0, 0, 0, 0, 0, 0, 0, 0, 0, 0, 0, 0, 0, 0, 0, 0, 0, 0, 0, 0, 0, 0, 0, 0, 0, 0, 0, 0, 0, 0, 0, 0, 0, 0, 0, 0]",
  "group_name": "twilightforest\\assets\\twilightforest\\textures\\items\\knightMetal.png",
  "segment_dicts": [
    {
      "hues": [
        0.6503267973856208,
        0.7013055914174049
      ],
      "lightness": 0.25235824059353473,
      "sats": [
        1.0,
        0.9139821217743299
      ],
      "vals": [
        0.2,
        0.20000000000000004,
        0.30196078431372547
      ],
      "variance": 0.35991116167120873
    },
    {
      "hues": [
        0.6780227332009162,
        0.680655832124485,
        0.6846198279868498,
        0.6932170887499357,
        0.7011254311156819,
        0.7255638179833159
      ],
      "lightness": 0.6716615067079462,
      "sats": [
        0.811271730914588,
        0.777273124290331,
        0.729409194469586,
        0.661734693877551,
        0.595085066162571,
        0.48491352102007323
      ],
      "vals": [
        0.34901960784313724,
        0.4509803921568627,
        0.5490196078431373,
        0.7019607843137254,
        0.8392156862745098,
        0.8392156862745099,
        0.9882352941176471
      ],
      "variance": 0.5092786149222576
    }
  ]
}