{
  "cluster_map": "[0, 0, 0, 0, 0, 0, 0, 0, 0, 0, 0, 0, 0, 0, 0, 0, 0, 0, 0, 0, 0, 0, 0, 0, 0, 0, 0, 0, 0, 0, 0, 0, 0, 0, 0, 0, 1, 1, 1, 4, 4, 1, 1, 0, 0, 0, 0, 0, 0, 0, 0, 0, 1, 1, 4, 4, 4, 1, 1, 0, 0, 0, 0, 0, 0, 0, 0, 0, 4, 4, 4, 0, 0, 0, 0, 0, 0, 0, 0, 0, 0, 0, 0, 0, 4, 4, 0, 0, 0, 0, 0, 0, 0, 0, 0, 0, 0, 0, 0, 0, 1, 0, 0, 0, 0, 0, 0, 0, 0, 0, 0, 0, 0, 0, 0, 0, 1, 1, 1, 4, 4, 0, 4, 4, 0, 0, 0, 0, 0, 0, 0, 0, 1, 5, 5, 4, 3, 0, 0, 4, 0, 0, 0, 0, 0, 0, 0, 0, 3, 5, 1, 0, 0, 0, 0, 0, 0, 0, 0, 0, 0, 0, 0, 0, 2, 0, 1, 0, 0, 0, 0, 0, 0, 0, 0, 0, 0, 0, 0, 0, 2, 0, 1, 0, 0, 0, 0, 0, 0, 0, 0, 0, 0, 0, 0, 0, 4, 4, 0, 0, 0, 0, 0, 0, 0, 0, 0, 0, 0, 0, 0, 0, 4, 0, 0, 0, 0, 0, 0, 0, 0, 0, 0, 0, 0, 0, 0, 0, 0, 0, 0, 0, 0, 0, 0, 0, 0, 0, 0, 0, 0, 0, 0, 0, 0, 0, 0, 0, 0, 0, 0, 0, 0, 0, 0, 0]",
  "group_name": "binniecore\\assets\\botany\\textures\\blocks\\ceramic\\letterf.0.png",
  "segment_dicts": [
    {
      "hues": [
        0.6666666666666666,
        0.6710731122227096,
        0.6739334270959917,
        0.6753642580949859,
        0.6803464821558686,
        0.6819580551924442,
        0.692234623598885,
        0.693496594498724,
        0.6954054180136501,
        0.701879149837171,
        0.7029890590273777,
        0.739771708530466,
        0.7791395356758287
      ],
      "lightness": 0.9822021116138764,
      "sats": [
        1.0,
        0.9841899683799367,
        0.9723324446648892,
        0.9707420216689341,
        0.9585392819979188,
        0.9582028880984773,
        0.9482104079113874,
        0.9419549947970863,
        0.9388,
        0.9317365835222977,
        0.9311915683878033,
        0.9294117647058824,
        0.9254901960784314
      ],
      "vals": [
        0.9490196078431372,
        0.9686274509803922,
        0.9725490196078431,
        0.9803921568627451,
        0.984313725490196,
        0.9882352941176471,
        0.9921568627450981,
        0.996078431372549,
        1.0
      ],
      "variance": 0.2195766936728427
    },
    {
      "hues": [
        0.7079313119887463,
        0.7086666666723334,
        0.719621788504452,
        0.7450892438760977,
        0.7541818656951755,
        0.7562334601447928,
        0.7614248292341951,
        0.7706745397045506,
        0.7907296025163877,
        0.7948340386484148,
        0.8031914893556737,
        0.8036262636718076,
        0.8099075649804952,
        0.8118476107634426,
        0.8173366455873984,
        0.8199528539112705,
        0.8307038557464067
      ],
      "lightness": 0.9836216839677046,
      "sats": [
        0.9803921568627451,
        0.9753229786616344,
        0.96736,
        0.9647058823529412,
        0.9629844679924517,
        0.962685353798127,
        0.9578623835018838,
        0.9571687718355281,
        0.954023176908325,
        0.9437830687830687,
        0.9372549019607843,
        0.9352391231885208,
        0.9311915683878033,
        0.9288548577097154,
        0.9243075192551048,
        0.9215686274509803
      ],
      "vals": [
        0.9568627450980393,
        0.9647058823529412,
        0.9686274509803922,
        0.9725490196078431,
        0.9764705882352941,
        0.9803921568627451,
        0.984313725490196,
        0.9882352941176471,
        0.9921568627450981,
        0.996078431372549,
        1.0
      ],
      "variance": 0.24901413206569065
    },
    {
      "hues": [
        0.793152469613673,
        0.8249154235279578
      ],
      "lightness": 0.9803921568627451,
      "sats": [
        0.9712101417719069,
        0.955476897192108
      ],
      "vals": [
        0.9764705882352941,
        0.984313725490196
      ],
      "variance": 0.08804311355097572
    },
    {
      "hues": [
        0.6658908508480416,
        0.6720254945984642
      ],
      "lightness": 0.9803921568627452,
      "sats": [
        0.9755184331895161,
        0.9678760393046107
      ],
      "vals": [
        0.9725490196078431,
        0.9882352941176471
      ],
      "variance": 0.08804524316367124
    },
    {
      "hues": [
        0.6926743726569847,
        0.6947422943208751,
        0.6965902428214954,
        0.7062108441937146,
        0.7194737058805721,
        0.7198522106335382,
        0.7232900041647637,
        0.7238761235965919,
        0.7241198280729239,
        0.7299313535227753,
        0.7390735087899309,
        0.7413912295522732,
        0.7479433298220287,
        0.7491466098317479,
        0.7492132389783085,
        0.7936450654634578,
        0.7987237624048324,
        0.8023218133758648,
        0.8275741185948519
      ],
      "lightness": 0.9779153766769866,
      "sats": [
        0.9876614893308173,
        0.9825831568881908,
        0.9718915343915344,
        0.970262390670554,
        0.9662899068015071,
        0.962685353798127,
        0.9620761451516954,
        0.9617659308621408,
        0.9601618522395287,
        0.9598450491307633,
        0.9568627450980393,
        0.9551200000000001,
        0.9536486218520721,
        0.94696,
        0.9450980392156862,
        0.9442265931353403,
        0.9419549947970863,
        0.9311915683878033,
        0.927721088435374
      ],
      "vals": [
        0.9490196078431372,
        0.9607843137254902,
        0.9647058823529412,
        0.9725490196078431,
        0.9764705882352941,
        0.9803921568627451,
        0.984313725490196,
        0.9882352941176471,
        0.9921568627450981,
        1.0
      ],
      "variance": 0.2621558333192372
    },
    {
      "hues": [
        0.8188775510261905,
        0.8272781536561292,
        0.8304622754637473
      ],
      "lightness": 0.9816993464052286,
      "sats": [
        0.9872553102873802,
        0.9607843137254902,
        0.9595244519928255
      ],
      "vals": [
        0.9607843137254902,
        0.984313725490196,
        1.0
      ],
      "variance": 0.10763168277751045
    }
  ]
}