{
  "cluster_map": "[0, 0, 0, 0, 1, 1, 4, 4, 4, 4, 0, 5, 5, 9, 9, 7, 5, 5, 1, 1, 1, 1, 4, 4, 0, 0, 5, 5, 5, 5, 5, 7, 5, 5, 1, 1, 1, 1, 1, 0, 1, 0, 0, 0, 13, 13, 1, 1, 0, 5, 1, 1, 1, 1, 1, 1, 1, 0, 0, 0, 13, 4, 1, 9, 0, 4, 4, 0, 4, 4, 1, 1, 1, 0, 0, 0, 13, 4, 4, 4, 0, 0, 4, 1, 1, 4, 1, 1, 4, 0, 0, 0, 4, 4, 4, 4, 0, 0, 4, 1, 1, 1, 4, 4, 4, 0, 0, 0, 4, 9, 3, 5, 5, 5, 1, 1, 0, 0, 0, 0, 0, 0, 0, 0, 9, 3, 3, 5, 5, 1, 1, 1, 0, 0, 0, 0, 0, 0, 0, 0, 3, 3, 3, 5, 4, 1, 9, 9, 9, 9, 9, 9, 4, 0, 0, 0, 3, 3, 3, 3, 4, 4, 8, 8, 10, 10, 10, 10, 4, 0, 0, 0, 4, 4, 4, 0, 1, 4, 8, 8, 10, 10, 10, 10, 4, 0, 0, 0, 11, 12, 4, 0, 1, 4, 4, 8, 0, 0, 0, 0, 0, 0, 0, 0, 1, 12, 12, 0, 1, 6, 6, 9, 0, 0, 0, 0, 0, 0, 0, 0, 1, 1, 1, 1, 2, 9, 3, 3, 3, 3, 4, 4, 2, 2, 1, 1, 1, 0, 1, 0, 2, 9, 3, 9, 3, 9, 4, 3, 3, 3, 4, 4, 4, 0, 0, 0]",
  "group_name": "binniecore\\assets\\botany\\textures\\blocks\\ceramic\\letterf3.1.png",
  "segment_dicts": [
    {
      "hues": [
        0.6638923290446798,
        0.664396731293062,
        0.6682883644360521,
        0.6711596054093593,
        0.6757434743533848,
        0.6799223025015225,
        0.680117380008504,
        0.6810031069684864,
        0.6834685963840371,
        0.6839700800156229,
        0.6843552019065283,
        0.6864470059446136,
        0.6923440788021682,
        0.6931724565963867,
        0.6943244722163789,
        0.6964777882433397,
        0.6992775742767093,
        0.699624804506536,
        0.7002429637408579,
        0.700943717832439,
        0.702269211733241,
        0.7074373869014989,
        0.7099739196070479
      ],
      "lightness": 0.9670929241261723,
      "sats": [
        1.0,
        0.9959524451992825,
        0.991071584881217,
        0.9825831568881908,
        0.9778645833333333,
        0.9753229786616344,
        0.9738747353322861,
        0.9736574783492019,
        0.9695205245543337,
        0.9681294817916231,
        0.9632799999999999,
        0.9614518946519752,
        0.9575177009579342,
        0.954023176908325,
        0.9494348602022605,
        0.9442265931353403,
        0.9440052700474308,
        0.9392866779892383,
        0.9388,
        0.9347200000000001,
        0.9311915683878033,
        0.9176470588235294
      ],
      "vals": [
        0.9294117647058824,
        0.9372549019607843,
        0.9411764705882353,
        0.9450980392156862,
        0.9490196078431372,
        0.9568627450980393,
        0.9607843137254902,
        0.9647058823529412,
        0.9686274509803922,
        0.9764705882352941,
        0.9803921568627451,
        0.984313725490196,
        0.9921568627450981,
        1.0
      ],
      "variance": 0.2860275661985878
    },
    {
      "hues": [
        0.6872599663067894,
        0.6878785329803864,
        0.688842806275912,
        0.6894251057908422,
        0.6898900693818945,
        0.6906048577847184,
        0.6907034518887727,
        0.6924933745269071,
        0.6971153846096492,
        0.7012986923454503,
        0.7038552604448992,
        0.7054021671001816,
        0.7056601474458578,
        0.708185454263614,
        0.7090136054363946,
        0.7096722827772609,
        0.7100217566668433,
        0.7119349229952187,
        0.7120927600322847,
        0.7122376977605667,
        0.7127768659028364,
        0.7149740718086236,
        0.7156276308150824,
        0.716313863574351,
        0.7179702342431028,
        0.7203555957047132,
        0.7203601190892374,
        0.7205729593731207,
        0.7226358045441481,
        0.7226866219423033,
        0.7232459857250738,
        0.7272811864095617,
        0.7274177093143189,
        0.7288318643264889,
        0.7294164435026648,
        0.731262552195806,
        0.734561752993692,
        0.7350340135996598,
        0.7394406392635,
        0.7416916826197775,
        0.7460484970717305,
        0.7506248704024389,
        0.7516965766792841,
        0.7528011204404762,
        0.7569650110600069,
        0.7807346263626288,
        0.7846060770544266,
        0.7893238013120384,
        0.8086751466652663,
        0.8138377490840867
      ],
      "lightness": 0.9850980392156863,
      "sats": [
        0.991071584881217,
        0.9875617845993757,
        0.9870446578265509,
        0.984313725490196,
        0.9789311917509419,
        0.97552,
        0.9749217328590863,
        0.9723324446648892,
        0.9709774973985432,
        0.9707420216689341,
        0.9705036684513186,
        0.9686274509803922,
        0.9668314255983351,
        0.9641456670155759,
        0.9629844679924517,
        0.9607843137254902,
        0.960474920949842,
        0.9601618522395287,
        0.9595244519928255,
        0.9585392819979188,
        0.9568627450980393,
        0.9558295540438397,
        0.9518140589569161,
        0.9510400000000001,
        0.9506459573232691,
        0.9498434657181727,
        0.9477985638699924,
        0.94696,
        0.9446648893297787,
        0.9442265931353403,
        0.9437830687830687,
        0.9407123814247629,
        0.9402427783592933,
        0.9397675736961452,
        0.9372549019607843,
        0.9352391231885208,
        0.9333333333333333,
        0.9328073656147312,
        0.9322751488071991,
        0.9317365835222977,
        0.9288548577097154
      ],
      "vals": [
        0.9372549019607843,
        0.9529411764705882,
        0.9647058823529412,
        0.9686274509803922,
        0.9725490196078431,
        0.9764705882352941,
        0.9803921568627451,
        0.984313725490196,
        0.9882352941176471,
        0.9921568627450981,
        0.996078431372549,
        1.0
      ],
      "variance": 0.3964885435338584
    },
    {
      "hues": [
        0.7911077993087431,
        0.8122205663210383,
        0.8153210425874655,
        0.832821218884558
      ],
      "lightness": 0.9931372549019608,
      "sats": [
        0.9568627450980393,
        0.9543932101977107,
        0.9490196078431372
      ],
      "vals": [
        0.9725490196078431,
        1.0
      ],
      "variance": 0.12402861635890183
    },
    {
      "hues": [
        0.6887755102098639,
        0.6987399176099975,
        0.7024320269254343,
        0.7112334397820285,
        0.7229129904299665,
        0.7273151882093166,
        0.7305205505556929,
        0.7384288279799692,
        0.7414007092258865,
        0.7423187994169863,
        0.7448365615306765,
        0.7482872066121794,
        0.7534328736944699,
        0.7593001831460383,
        0.7610445521946367,
        0.7659634293340001,
        0.7788893425945965,
        0.797932243578446,
        0.8159502687532716
      ],
      "lightness": 0.9785345717234262,
      "sats": [
        0.9914337543671055,
        0.9880485556718586,
        0.9878573355978476,
        0.986937367666143,
        0.9864945978391356,
        0.9796000000000001,
        0.9784077630442515,
        0.9738747353322861,
        0.9657350174684224,
        0.963860544217687,
        0.9607843137254902,
        0.9561780374634816,
        0.9402427783592933,
        0.9388,
        0.936759873519747,
        0.9322751488071991,
        0.9249023498046995,
        0.9215686274509803,
        0.9176470588235294
      ],
      "vals": [
        0.9333333333333333,
        0.9490196078431372,
        0.9529411764705882,
        0.9568627450980393,
        0.9803921568627451,
        0.984313725490196,
        0.9882352941176471,
        0.9921568627450981,
        0.996078431372549,
        1.0
      ],