{
  "cluster_map": "[0, 0, 7, 7, 10, 6, 6, 6, 6, 4, 4, 4, 4, 4, 8, 8, 7, 7, 2, 7, 10, 10, 6, 0, 0, 4, 4, 4, 4, 4, 2, 2, 2, 7, 2, 7, 7, 0, 0, 0, 0, 0, 0, 0, 4, 2, 2, 2, 2, 2, 5, 7, 0, 0, 0, 0, 0, 0, 0, 0, 0, 4, 4, 2, 3, 3, 5, 0, 0, 0, 2, 2, 0, 0, 10, 10, 0, 4, 4, 0, 3, 5, 5, 0, 0, 0, 2, 2, 4, 1, 10, 10, 4, 4, 4, 4, 5, 5, 5, 0, 0, 0, 0, 4, 4, 4, 1, 3, 10, 10, 4, 4, 2, 5, 5, 5, 0, 0, 0, 0, 0, 0, 3, 3, 10, 10, 2, 2, 2, 5, 2, 2, 2, 0, 0, 0, 0, 0, 0, 0, 10, 10, 10, 2, 6, 6, 5, 5, 4, 4, 2, 0, 0, 0, 0, 0, 0, 10, 2, 4, 6, 6, 4, 4, 4, 4, 2, 7, 1, 7, 0, 0, 0, 2, 4, 4, 2, 5, 4, 5, 0, 2, 7, 7, 7, 7, 0, 0, 0, 2, 2, 2, 2, 5, 5, 5, 0, 0, 0, 0, 0, 0, 0, 0, 3, 3, 3, 2, 2, 2, 5, 5, 2, 0, 0, 0, 0, 0, 0, 2, 3, 3, 2, 9, 3, 3, 2, 2, 2, 2, 2, 2, 12, 6, 6, 2, 3, 3, 2, 9, 3, 11, 11, 5, 5, 2, 12, 12, 12, 12, 6, 6, 2, 2, 2, 9]",
  "group_name": "binniecore\\assets\\botany\\textures\\blocks\\ceramic\\letters3.1.png",
  "segment_dicts": [
    {
      "hues": [
        0.6568627450980392,
        0.667196488470471,
        0.6719365270885739,
        0.6759253105272068,
        0.6871862854439744,
        0.690912543538591,
        0.7034891036763965
      ],
      "lightness": 0.9876750700280111,
      "sats": [
        1.0,
        0.9465331204335415,
        0.94288,
        0.9402427783592933,
        0.9397675736961452,
        0.9352391231885208,
        0.9282913340311518
      ],
      "vals": [
        0.9764705882352941,
        0.9803921568627451,
        0.984313725490196,
        0.9882352941176471,
        0.9921568627450981,
        1.0
      ],
      "variance": 0.16308770671146475
    },
    {
      "hues": [
        0.6601889955799422,
        0.6665378787910959,
        0.6700459137720206
      ],
      "lightness": 0.9594771241830065,
      "sats": [
        1.0,
        0.969267058074069,
        0.947692307674
      ],
      "vals": [
        0.9450980392156862,
        0.9529411764705882,
        0.9803921568627451
      ],
      "variance": 0.10763055142084638
    },
    {
      "hues": [
        0.6569298820064896,
        0.6586252478501674,
        0.6659349299541445,
        0.668960320812693,
        0.6690602836939715,
        0.6711596054093593,
        0.672022604588394,
        0.6723191374410197,
        0.6739974589451568,
        0.6750351673919962,
        0.6766892295541331,
        0.6783777527883187,
        0.6800176372830826,
        0.6802006395908422,
        0.680298353909465,
        0.6803761273013814,
        0.6805537902597285,
        0.6818547139438248,
        0.6826487133951451,
        0.6833393204294191,
        0.6839700800156229,
        0.6864439324190189,
        0.687745896076923,
        0.6888544543880487,
        0.6952932274234525,
        0.6953265197338352,
        0.6968079996304547,
        0.6972676795134527,
        0.6998832381410084,
        0.7002891502272653,
        0.700604858561603,
        0.7012941030815217,
        0.7022190008990113,
        0.7023285871398781,
        0.7031627213670183,
        0.7055704763147364,
        0.7065051051055696,
        0.7077952414296894,
        0.7081254700044637,
        0.7103815196104852,
        0.7109358989278288,
        0.711499416898571,
        0.7151707418213427,
        0.7163395780079824,
        0.7168004120294905,
        0.7208307682280468,
        0.7214713842110722,
        0.736160618301711,
        0.7962713423432232,
        0.8376771180945133
      ],
      "lightness": 0.9809304113802384,
      "sats": [
        1.0,
        0.9909202585055813,
        0.9901185770434783,
        0.9888888889,
        0.9834157127991675,
        0.9832811552393909,
        0.9825831568881908,
        0.9802374604749209,
        0.9797622259964127,
        0.9792696409989593,
        0.9760971113437173,
        0.9747174301011302,
        0.9725490196078431,
        0.9718915343915344,
        0.9686274509803922,
        0.9668314255983351,
        0.962685353798127,
        0.9624188060631896,
        0.9623825992886296,
        0.960474920949842,
        0.9582028880984773,
        0.9551200000000001,
        0.9536486218520721,
        0.9532694710537275,
        0.9529411764705882,
        0.9510400000000001,
        0.9486173972347944,
        0.9477985638699924,
        0.94696,
        0.9461010665972944,
        0.9437830687830687,
        0.9424202835438138,
        0.9421881072677808,
        0.9407123814247629,
        0.9388,
        0.9357520786092215,
        0.9328073656147312,
        0.9288548577097154,
        0.927721088435374,
        0.9254901960784314,
        0.9249023498046995,
        0.9243075192551048,
        0.9215686274509803,
        0.9176470588235294
      ],
      "vals": [
        0.9294117647058824,
        0.9450980392156862,
        0.9490196078431372,
        0.9607843137254902,
        0.9647058823529412,
        0.9686274509803922,
        0.9725490196078431,
        0.9745098039215686,
        0.9764705882352941,
        0.9803921568627451,
        0.9814814814999999,
        0.984313725490196,
        0.9882352941176471,
        0.9921568627450981,
        0.996078431372549,
        1.0
      ],
      "variance": 0.39948085991694277
    },
    {
      "hues": [
        0.7438161519561621,
        0.7609305548481636,
        0.7610445521946367,
        0.7652562900506329,
        0.7675625186922749,
        0.7733984814874809,
        0.7743807414698164,
        0.7777707218777631,
        0.7779104381894147,
        0.7810091461422489,
        0.7828102278113763,
        0.7971764257175176,
        0.8012196542559207,
        0.8072241554359358,
        0.8130952380894558,
        0.8223807688405196
      ],
      "lightness": 0.9855392156862746,
      "sats": [
        0.9840647408958115,
        0.9760971113437173,
        0.9705036684513186,
        0.9607843137254902,
        0.9575177009579342,
        0.9525699051398102,
        0.9482104079113874,
        0.9419549947970863,
        0.9357520786092215,
        0.9347200000000001,
        0.9322751488071991,
        0.9317365835222977,
        0.9294117647058824,
        0.9282913340311518,
        0.9249023498046995
      ],
      "vals": [
        0.9607843137254902,
        0.9647058823529412,
        0.9725490196078431,
        0.9803921568627451,
        0.9882352941176471,
        0.9921568627450981,
        0.996078431372549,
        1.0
      ],
      "variance": 0.24208412651597996
    },
    {
      "hues": [
        0.6750351673919962,
        0.692069780366625,
        0.6956895743268722,
        0.7022558680023572,
        0.7054649710517681,
        0.7086666666723334,
        0.7093217971814529,
        0.710438015382319,
        0.7110076400440345,
        0.7117536161724791,
        0.7156863193678659,
        0.7241198280729239,
        0.7251157407427083,
        0.7289446243871632,
        0.7295479705611178,
        0.7312021605173441,
        0.7318837845934797,
        0.7344697990329352,
        0.7355882934551138,
        0.7376240031182723,
        0.738015505543289,
        0.7386038931145852,
        0.7402133887021325,
        0.7446698744486397,
        0.7471758905027421,
        0.7504793248882881,
        0.7514865183151294,
        0.753075458101709,
        0.7685473869097249,
        0.7699950322964481,
        0.7835297009668519,
        0.8038926375891283,
        0.8059940457645308,
        0.8236168266954733,
        0.8291452830021399
      ],
      "lightness": 0.9750140056022409,