{
  "cluster_map": "[0, 0, 0, 0, 0, 0, 0, 0, 0, 0, 0, 0, 0, 0, 0, 0, 0, 0, 0, 0, 0, 0, 0, 0, 0, 0, 0, 0, 0, 0, 0, 0, 0, 0, 0, 0, 0, 0, 0, 0, 0, 0, 0, 0, 0, 0, 0, 0, 0, 0, 0, 0, 0, 0, 0, 0, 0, 0, 0, 0, 0, 0, 0, 0, 0, 0, 0, 0, 0, 0, 0, 0, 0, 0, 0, 0, 0, 0, 0, 0, 0, 0, 0, 0, 0, 0, 0, 0, 0, 0, 0, 1, 1, 1, 1, 0, 0, 0, 1, 1, 1, 1, 0, 0, 0, 0, 1, 1, 1, 1, 1, 1, 0, 1, 1, 1, 1, 1, 1, 0, 0, 0, 1, 1, 1, 1, 1, 1, 0, 1, 1, 1, 1, 1, 1, 0, 0, 0, 1, 1, 1, 1, 1, 1, 0, 1, 1, 1, 1, 1, 1, 0, 0, 0, 0, 1, 1, 1, 1, 0, 0, 0, 1, 1, 1, 1, 0, 0, 0, 0, 0, 1, 1, 1, 1, 0, 0, 0, 1, 1, 1, 1, 0, 0, 0, 0, 0, 1, 1, 1, 1, 0, 0, 0, 1, 1, 1, 1, 0, 0, 0, 0, 0, 1, 1, 1, 1, 0, 0, 0, 1, 0, 0, 1, 0, 0, 0, 0, 0, 0, 1, 0, 1, 0, 0, 0, 0, 0, 0, 1, 0, 0, 0, 0, 0, 0, 1, 0, 1, 0, 0, 0, 0, 0, 0, 0, 0, 0, 0, 0, 0, 0, 1, 0, 0, 0]",
  "group_name": "ic2\\assets\\ic2\\textures\\blocks\\crop\\netherWart.2.png",
  "segment_dicts": [
    {
      "hues": [
        0.3771881518567561,
        0.3776774495207594,
        0.39299797913212897,
        0.4032924572992808,
        0.4043798060875301,
        0.40538801801397756,
        0.4137757667169432,
        0.4161197525245884,
        0.42841729151032276,
        0.4320797171327548
      ],
      "lightness": 0.32218782249741995,
      "sats": [
        1.0,
        0.9927343750000001,
        0.9926486967820896,
        0.9926035503076923,
        0.9889807162181818,
        0.9832347140307692,
        0.981411806842623,
        0.9785841760878049,
        0.848064280508108
      ],
      "vals": [
        0.6354166666666666,
        0.65,
        0.6767676767676768,
        0.6875,
        0.7115384615384615,
        0.7349397590361446,
        0.7592592592592592,
        0.7647058823529411,
        0.8602150537634409,
        0.8666666666666667
      ],
      "variance": 0.26821818404406017
    },
    {
      "hues": [
        0.9996976764274591,
        0.0631041651363664,
        0.10660790021591889,
        0.10681768764865103,
        0.10947318838854371,
        0.11630300399402582,
        0.11646169533790357,
        0.1213134191964697,
        0.1315085788765809,
        0.15698845707773088,
        0.16072939814067508,
        0.16711514920022372,
        0.17233333332243586
      ],
      "lightness": 0.45544117647058824,
      "sats": [
        0.7277618364311038,
        0.6546526679082337,
        0.6515837104156152,
        0.6041250131594064,
        0.584313725490196,
        0.5831517792096256,
        0.5800978403712364,
        0.5762376237489502,
        0.5366880869907846,
        0.5234939758800762,
        0.5098039215686274,
        0.3844817099724778,
        0.2448759439417266
      ],
      "vals": [
        0.9793510324,
        0.9807017544,
        0.980952381,
        0.9811594203,
        0.9818481848,
        0.987804878,
        0.9879227053,
        0.9899598394,
        0.9901960784,
        0.9904761905,
        0.9939393939,
        1.0
      ],
      "variance": 0.4782655957103654
    }
  ]
}