{
  "cluster_map": "[1, 1, 2, 4, 4, 1, 3, 3, 3, 3, 3, 0, 4, 0, 3, 3, 1, 1, 2, 1, 1, 3, 3, 3, 3, 3, 3, 0, 4, 4, 3, 3, 1, 1, 0, 0, 1, 1, 0, 0, 3, 3, 0, 0, 0, 0, 0, 0, 4, 1, 0, 0, 0, 0, 0, 0, 3, 2, 0, 0, 0, 0, 0, 0, 4, 4, 4, 0, 0, 0, 0, 1, 2, 2, 0, 0, 4, 4, 4, 0, 4, 1, 1, 0, 0, 0, 0, 1, 1, 1, 0, 0, 4, 0, 4, 4, 4, 1, 0, 0, 0, 0, 0, 0, 1, 1, 0, 0, 0, 0, 0, 0, 1, 1, 0, 0, 1, 1, 0, 0, 1, 0, 0, 0, 0, 0, 0, 0, 1, 1, 4, 4, 4, 4, 4, 3, 3, 0, 4, 4, 2, 2, 3, 3, 1, 1, 1, 4, 4, 1, 3, 3, 3, 1, 4, 1, 2, 3, 3, 3, 1, 1, 0, 0, 0, 0, 0, 0, 3, 3, 0, 0, 0, 0, 0, 0, 1, 1, 0, 0, 0, 0, 0, 0, 4, 3, 0, 0, 0, 0, 0, 0, 1, 4, 0, 0, 1, 1, 0, 0, 4, 4, 0, 0, 1, 4, 4, 4, 4, 4, 0, 0, 1, 1, 0, 0, 3, 3, 0, 0, 1, 4, 4, 4, 4, 4, 0, 0, 4, 4, 0, 0, 3, 3, 0, 0, 1, 4, 0, 0, 1, 4, 0, 0, 4, 4, 0, 0, 3, 1, 0, 0, 1, 1, 0, 0]",
  "group_name": "binniecore\\assets\\botany\\textures\\blocks\\ceramic\\ornatestripedcorner.0.png",
  "segment_dicts": [
    {
      "hues": [
        0.659169008083019,
        0.6645251052584431,
        0.6666666666666666,
        0.6695847381623311,
        0.6773005282179594,
        0.6931371434473652,
        0.6938976378008531
      ],
      "lightness": 0.9736694677871147,
      "sats": [
        1.0,
        0.996078431372549,
        0.9787500000339999,
        0.9592,
        0.9543932101977107,
        0.9424202835438138
      ],
      "vals": [
        0.9490196078431372,
        0.9568627450980393,
        0.9725490196078431,
        0.9764705882352941,
        0.9803921568627451,
        1.0
      ],
      "variance": 0.16310427152967225
    },
    {
      "hues": [
        0.6615072994982191,
        0.6652211867673401,
        0.6697644503620364,
        0.6714285714343537,
        0.6758277730681903,
        0.6779632740064768,
        0.684198621363866,
        0.6856627668454639,
        0.6901459474125851,
        0.6922049018529725,
        0.6938307117815325,
        0.6949553336896129,
        0.6957179055280717,
        0.7050434133856838,
        0.7053683020390888,
        0.7094139458969765,
        0.7160724180494058,
        0.7172967976297063,
        0.7291674707249455,
        0.7295118425784647,
        0.732047976248945,
        0.7320943611499461,
        0.7411441198533172,
        0.7473422203678544,
        0.7681646624382338,
        0.7835476264377297,
        0.8017737758471878,
        0.8058994256212454,
        0.8221402633159586,
        0.8265899373060556
      ],
      "lightness": 0.9787450980392157,
      "sats": [
        1.0,
        0.9911458333333334,
        0.9843141070434434,
        0.9799225245653816,
        0.9794531230801559,
        0.9738747353322861,
        0.9721132965676701,
        0.9707420216689341,
        0.9700181402848697,
        0.963860544217687,
        0.9607843137254902,
        0.9585392819979188,
        0.9566945735110048,
        0.9561780374634816,
        0.9532694710537275,
        0.9516381128897268,
        0.9506459573232691,
        0.9490098957573764,
        0.9477710847637757,
        0.9451011917644916,
        0.9434881034402375,
        0.9407123814247629,
        0.9392866779892383,
        0.9332917389919345,
        0.9328073656147312,
        0.9317365835222977,
        0.9294117647058824,
        0.9235294117647059,
        0.9212675773092214,
        0.9176470588235294
      ],
      "vals": [
        0.9411764705882353,
        0.9424836601307189,
        0.9490196078431372,
        0.9509803921568627,
        0.9568627450980393,
        0.9607843137254902,
        0.9673202614379085,
        0.9686274509803922,
        0.9725490196078431,
        0.9749019607843137,
        0.9751633986928104,
        0.9764705882352941,
        0.9823529411764707,
        0.984313725490196,
        0.9843137254901961,
        0.9862745098039216,
        0.9869281045751634,
        0.9882352941176471,
        0.9921568627450981,
        0.996078431372549,
        0.9973856209150327,
        0.9980392156862745,
        1.0
      ],
      "variance": 0.39652286355274213
    },
    {
      "hues": [
        0.8094165932699134,
        0.8150234475479198,
        0.8200500078090718,
        0.8237661710019797,
        0.8246582660430165,
        0.8289148108932486,
        0.8311393107105617,
        0.8315826330476191
      ],
      "lightness": 0.9784313725490197,
      "sats": [
        0.9822916666666667,
        0.9705036684513186,
        0.9536486218520721,
        0.9514293423913907,
        0.9424202835438138,
        0.9333333333333333,
        0.9328073656147312,
        0.9294117647058824
      ],
      "vals": [
        0.9411764705882353,
        0.9647058823529412,
        0.9764705882352941,
        0.984313725490196,
        0.996078431372549,
        1.0
      ],
      "variance": 0.17402833720086214
    },
    {
      "hues": [
        0.6800176372830826,
        0.6827162680713995,
        0.7013159527018552,
        0.7027745065051593,
        0.7120927600322847,
        0.7146971076891976,
        0.7252170401716637,
        0.7265646035211867,
        0.7268280675925536,
        0.7411755872751787,
        0.7466947115401643,
        0.7470114010204393,
        0.747347221005321,
        0.7512837596859563,
        0.75239917499526,
        0.7549973255796124,
        0.7586192885420647,
        0.7617655478512998,
        0.7619541592503457,
        0.7620854105793738,
        0.7644510722908677,
        0.7652555311838598,
        0.781626352743642,
        0.782412301638218,
        0.7826079321789776,
        0.788483736810616,
        0.7886480803205128,
        0.7939403489199757,
        0.8303191489301418,
        0.835562075488065
      ],
      "lightness": 0.9764705882352941,
      "sats": [
        0.9909963985594238,
        0.9832811552393909,
        0.9802374604749209,
        0.9799901293664451,
        0.9743012631013168,
        0.97144,
        0.970262390670554,
        0.96736,
        0.9661609316122257,
        0.9644274288548578,
        0.9641456670155759,
        0.9623825992886296,
        0.9585392819979188,
        0.9556615910682744,
        0.955476897192108,
        0.9543932101977107,
        0.9532694710537275,
        0.9510400000000001,
        0.9487290590458928,
        0.9461010665972944,
        0.9450980392156862,
        0.94288,
        0.9402427783592933,
        0.9390821713828423,
        0.9388,
        0.9357520786092215,
        0.9311915683878033,
        0.9215686274509803,
        0.9176470588235294
      ],
      "vals": [
        0.9333333333333333,
        0.9392156862745098,
        0.9568627450980393,
        0.9607843137254902,
        0.9627450980392157,
        0.9686274509803922,
        0.9712418300653595,
        0.9725490196078431,
        0.9803921568627451,
        0.984313725490196,
        0.9862745098039216,
        0.9882352941176471,
        0.9888888889,
        0.9921568627450981,
        0.996078431372549,
        1.0
      ],
      "variance": 0.34769392482409145
    },
    {
      "hues": [
        0.7134370129483362,
        0.7262549271951867,
        0.7308875089200292,
        0.7391058099531458,
        0.7407604211868447,
        0.7516982152659025,
        0.7625236558547356,
        0.7634774171768056,
        0.76695671575,
        0.7733893037205742,
        0.7741194125844731,
        0.7775249300539789,
        0.7784344451399412,
        0.7821280193927206,
        0.7847508001790123,
        0.7849623066592751,
        0.7895658263333334,
        0.790824952584348,
        0.7924179910289832,
        0.7952591390050504,
        0.8066100335865453,
        0.8071711908366487,
        0.8075286113963706,
        0.8154397770587846,
        0.8169331077412859,
        0.8175508876629758,
        0.8213395117414994,
        0.8220499157046359,
        0.8258897230443257,
        0.8350602730321451
      ],
      "lightness": 0.9803087192323738,