{
  "cluster_map": "[4, 5, 5, 5, 0, 0, 0, 0, 0, 0, 0, 0, 1, 1, 5, 5, 4, 4, 2, 0, 0, 0, 0, 0, 5, 0, 0, 0, 0, 0, 3, 3, 5, 2, 2, 0, 0, 0, 0, 5, 5, 0, 0, 0, 0, 0, 3, 3, 5, 2, 2, 2, 0, 0, 0, 5, 0, 0, 0, 0, 0, 3, 3, 0, 0, 0, 0, 0, 0, 0, 0, 0, 0, 0, 0, 0, 0, 0, 0, 0, 0, 0, 0, 0, 0, 0, 0, 0, 0, 0, 0, 0, 0, 0, 0, 0, 0, 0, 0, 0, 0, 0, 0, 0, 0, 0, 0, 0, 0, 0, 0, 0, 0, 2, 2, 2, 0, 0, 0, 0, 3, 0, 0, 0, 5, 5, 5, 5, 3, 3, 0, 0, 0, 0, 0, 3, 3, 0, 0, 0, 5, 5, 5, 5, 0, 0, 0, 0, 0, 0, 0, 0, 0, 0, 0, 0, 0, 0, 0, 0, 0, 0, 0, 0, 0, 0, 0, 0, 0, 0, 0, 0, 0, 0, 0, 0, 0, 0, 0, 0, 0, 0, 0, 0, 0, 0, 0, 0, 0, 0, 0, 0, 2, 0, 3, 0, 0, 0, 0, 5, 5, 0, 0, 0, 3, 3, 0, 0, 2, 2, 3, 3, 0, 0, 0, 5, 5, 0, 0, 0, 3, 0, 0, 5, 2, 2, 3, 0, 0, 0, 0, 2, 5, 0, 0, 0, 3, 3, 0, 5, 0, 0, 3, 3, 0, 0, 0, 2, 2, 0, 0, 0, 0, 0, 5, 5]",
  "group_name": "binniecore\\assets\\botany\\textures\\blocks\\ceramic\\overlappedsplitbarred.1.png",
  "segment_dicts": [
    {
      "hues": [
        0.6575330987095693,
        0.6588060148230962,
        0.6589414369753454,
        0.6592501747308014,
        0.6604974113320753,
        0.6606434240362812,
        0.6627014795532099,
        0.6651224923786874,
        0.672027052782636,
        0.6738990305280529,
        0.6754557937886639,
        0.6758785222175394,
        0.6772827027951013,
        0.6779632740064768,
        0.67957307180172,
        0.6801198304532177,
        0.6819580551924442,
        0.6859999999943334,
        0.687745896076923,
        0.689489095499496,
        0.6911826966896321,
        0.6928787958190258,
        0.6984964539007091,
        0.7031941716143496,
        0.7039857266917897,
        0.7201531422870402,
        0.7205729593731207,
        0.7257017759511347
      ],
      "lightness": 0.9810924369747899,
      "sats": [
        1.0,
        0.9803921568627451,
        0.978758850478967,
        0.9782289461102385,
        0.9762849525699051,
        0.97552,
        0.975,
        0.9721128608700788,
        0.9705036684513186,
        0.9668314255983351,
        0.9665354331043308,
        0.9654524208708023,
        0.9623825992886296,
        0.9595244519928255,
        0.957499999966,
        0.9518140589569161,
        0.9512335054698795,
        0.9510400000000001,
        0.9506459573232691,
        0.9482104079113874,
        0.9473817875906732,
        0.9388,
        0.9383074466540863,
        0.9362589635832461,
        0.9243075192551048,
        0.9176470588235294
      ],
      "vals": [
        0.9490196078431372,
        0.9529411764705882,
        0.9607843137254902,
        0.9647058823529412,
        0.9686274509803922,
        0.9725490196078431,
        0.9764705882352941,
        0.9803921568627451,
        0.984313725490196,
        0.9882352941176471,
        0.9921568627450981,
        0.996078431372549,
        1.0
      ],
      "variance": 0.31214373324172845
    },
    {
      "hues": [
        0.8329800247957682,
        0.8342874888837382
      ],
      "lightness": 0.9725490196078431,
      "sats": [
        0.9828234031126608,
        0.9322751488071991
      ],
      "vals": [
        0.9583333333,
        0.9921568627450981
      ],
      "variance": 0.08806043635035324
    },
    {
      "hues": [
        0.6971792467500001,
        0.7410587496565841,
        0.7423427740877488,
        0.7430411544882309,
        0.7490079365079364,
        0.7513514108198303,
        0.7624390474857975,
        0.7652555311838598,
        0.7694035589985203,
        0.7716221560252254,
        0.7731919973733578,
        0.7760638297812057,
        0.7923310258471262,
        0.8075286113963706,
        0.8178502444127297,
        0.8200671676365165,
        0.8335759370640708
      ],
      "lightness": 0.9813148788927336,
      "sats": [
        0.9882352941176471,
        0.987358715050565,
        0.978047898624335,
        0.9738747353322861,
        0.9676195615942604,
        0.9551200000000001,
        0.9543932101977107,
        0.9424202835438138,
        0.9402427783592933,
        0.9397675736961452,
        0.9388,
        0.9358395989953325,
        0.9357520786092215,
        0.9294117647058824,
        0.927721088435374,
        0.9215686274509803
      ],
      "vals": [
        0.9450980392156862,
        0.9490196078431372,
        0.9647058823529412,
        0.9725490196078431,
        0.9764705882352941,
        0.9803921568627451,
        0.984313725490196,
        0.9882352941176471,
        0.9895833333,
        0.9921568627450981,
        1.0
      ],
      "variance": 0.24902433568433258
    },
    {
      "hues": [
        0.758336064374331,
        0.7595977471201708,
        0.7606009088994675,
        0.7768924302845286,
        0.7844135851020563,
        0.7986394557823129,
        0.8000778316367135,
        0.8023486683005068,
        0.8024531176375437,
        0.803695955363668,
        0.8080235414753246,
        0.8103462703494753,
        0.814645895160873,
        0.8166524822754114,
        0.8169769702427518,
        0.8174055718495019,
        0.8241627297088034,
        0.825434879575918,
        0.8296212376923461,
        0.8312372473049795,
        0.8323718079385102,
        0.8360221975504472
      ],
      "lightness": 0.9789661319073083,
      "sats": [
        0.98776,
        0.9874608664295432,
        0.987358715050565,
        0.9865971705131443,
        0.984313725490196,
        0.9841899683799367,
        0.9799225245653816,
        0.978758850478967,
        0.9749217328590863,
        0.9738747353322861,
        0.9709774973985432,
        0.9651663137763814,
        0.9607843137254902,
        0.9510400000000001,
        0.9461010665972944,
        0.9442265931353403,
        0.94288,
        0.9372549019607843,
        0.9288548577097154,
        0.9282913340311518,
        0.9254901960784314
      ],
      "vals": [
        0.9444444444,
        0.9490196078431372,
        0.9607843137254902,
        0.9647058823529412,
        0.9686274509803922,
        0.9725490196078431,
        0.9803921568627451,
        0.9882352941176471,
        0.9921568627450981,
        0.996078431372549,
        1.0
      ],
      "variance": 0.28033111858771886
    },
    {
      "hues": [
        0.7101129694278364,
        0.7434005269253418,
        0.7851725941481869
      ],
      "lightness": 0.980392156862745,
      "sats": [
        0.9585392819979188,
        0.9456637545280204,
        0.9372549019607843
      ],
      "vals": [
        0.9686274509803922,
        0.9725490196078431,
        1.0
      ],
      "variance": 0.10762804420055912
    },
    {
      "hues": [
        0.6578534571776599,
        0.6617506114085531,
        0.6627014795532099,
        0.6735815602897164,
        0.6777966222943537,
        0.6819418044095885,
        0.6852406713283776,
        0.6861059646104559,
        0.7105560396333623,
        0.7151061347455806,
        0.7164448197656355,
        0.7181571815660569,
        0.7207600089983496,
        0.721569437681663,
        0.7242105761532454,
        0.7287114617432208,
        0.7289446243871632,
        0.729377530358637,
        0.7335232339549483,
        0.7336548963015103,
        0.7337684069668674,
        0.7566029718632202,
        0.7568358612010483,
        0.7709149821171488,
        0.7738095238154762,
        0.7954922874012026,
        0.8064638561192575,
        0.818567339902375
      ],
      "lightness": 0.9829131652661064,