{
  "cluster_map": "[0, 0, 0, 0, 5, 5, 5, 0, 0, 5, 5, 5, 0, 0, 0, 0, 0, 0, 0, 0, 4, 5, 3, 0, 0, 5, 5, 5, 0, 0, 0, 0, 0, 0, 0, 0, 4, 4, 4, 0, 0, 5, 5, 5, 0, 0, 0, 0, 0, 0, 0, 0, 4, 4, 4, 0, 0, 5, 0, 2, 0, 0, 0, 0, 1, 2, 2, 2, 4, 4, 4, 1, 1, 1, 1, 2, 2, 1, 1, 1, 1, 1, 2, 2, 4, 4, 3, 1, 1, 1, 1, 2, 2, 2, 2, 1, 5, 5, 5, 2, 2, 4, 1, 1, 1, 1, 2, 2, 2, 2, 2, 1, 0, 0, 0, 0, 2, 1, 1, 0, 0, 1, 1, 5, 0, 0, 0, 0, 0, 0, 0, 0, 2, 1, 1, 0, 0, 1, 1, 5, 0, 0, 0, 0, 5, 5, 5, 5, 1, 1, 1, 1, 1, 5, 1, 1, 5, 1, 1, 1, 5, 1, 1, 1, 1, 1, 0, 5, 5, 5, 5, 5, 5, 1, 1, 1, 1, 1, 1, 0, 1, 2, 0, 5, 2, 2, 5, 5, 1, 1, 1, 1, 0, 0, 0, 0, 4, 2, 2, 0, 0, 2, 2, 5, 0, 0, 0, 0, 0, 0, 0, 0, 4, 0, 2, 0, 0, 2, 2, 0, 0, 0, 0, 0, 0, 0, 0, 0, 5, 5, 0, 0, 0, 2, 0, 0, 0, 0, 0, 0, 0, 0, 0, 0, 4, 4, 4, 0, 0, 2, 2, 0, 0, 0, 0, 0]",
  "group_name": "binniecore\\assets\\botany\\textures\\blocks\\ceramic\\overlappedsplitbarred2.0.png",
  "segment_dicts": [
    {
      "hues": [
        0.65761062575467,
        0.6617506114085531,
        0.6633160687891086,
        0.664786597007927,
        0.6651909722222222,
        0.6772827027951013,
        0.6779340055823037,
        0.6805537902597285,
        0.6837862259653757,
        0.6897482118325634
      ],
      "lightness": 0.9729411764705882,
      "sats": [
        1.0,
        0.9876614893308173,
        0.9789186508273809,
        0.9721128608700788,
        0.9595244519928255,
        0.9532694710537275,
        0.9456637545280204,
        0.9388
      ],
      "vals": [
        0.9411764705882353,
        0.9607843137254902,
        0.9647058823529412,
        0.9686274509803922,
        0.9764705882352941,
        0.9803921568627451,
        0.984313725490196,
        0.9882352941176471,
        0.996078431372549
      ],
      "variance": 0.19376742911044512
    },
    {
      "hues": [
        0.6601981547428668,
        0.6645935970603061,
        0.6669516061088038,
        0.6758604221808966,
        0.6820169718934143,
        0.6826616084078744,
        0.6915824621576226,
        0.6940111899551789,
        0.6992960650269316,
        0.6993784810171504,
        0.6997942450743629,
        0.7022791059374293,
        0.7062376810638149,
        0.7111698746287735,
        0.7134110345370446,
        0.7166685646279766,
        0.7215935070853909,
        0.7242595997535073,
        0.7279292620441781,
        0.7300050249549774,
        0.7413670661280071,
        0.7435432264127678,
        0.7495748912497507,
        0.7496479098649255,
        0.7593360558670637,
        0.7931980471334383,
        0.8141283816301907,
        0.8219428147532074,
        0.8262782204458832
      ],
      "lightness": 0.9807552650689905,
      "sats": [
        1.0,
        0.9957168771835527,
        0.987044438422978,
        0.984313725490196,
        0.9839380196523053,
        0.9819060854267853,
        0.9778645833333333,
        0.9772452793076317,
        0.9761703134862192,
        0.9757146711956954,
        0.9704724409507873,
        0.9688702600711171,
        0.9650051430000599,
        0.9615965845504053,
        0.9545998256746959,
        0.9545499718961542,
        0.9532694710537275,
        0.9529411764705882,
        0.9502471383975026,
        0.9465749175564044,
        0.945562821138055,
        0.9443823243880453,
        0.9392866779892383,
        0.9383074466540863,
        0.9373072973120139,
        0.9370160078249875,
        0.9336300353760127,
        0.9285730925646128,
        0.9209498418996838
      ],
      "vals": [
        0.9411764705882353,
        0.9509803921568627,
        0.9529411764705882,
        0.9568627450980393,
        0.9607843137254902,
        0.9725490196078431,
        0.9745098039215686,
        0.9764705882352941,
        0.9764705882352942,
        0.9823529411764705,
        0.984313725490196,
        0.9843137254901961,
        0.9856209150326797,
        0.9862745098039216,
        0.9882352941176471,
        0.9921568627450981,
        0.9934640522875817,
        0.9941176470588236,
        0.996078431372549,
        1.0
      ],
      "variance": 0.4080307836346175
    },
    {
      "hues": [
        0.7050434133856838,
        0.70713324513493,
        0.7219893958098073,
        0.7355846400794824,
        0.7407073832557395,
        0.741211485698146,
        0.7444148936109928,
        0.7514865183151294,
        0.752063421212601,
        0.7562803690748319,
        0.7590326340285812,
        0.759866418358726,
        0.7605928974318538,
        0.7606521032333289,
        0.7627743040745577,
        0.7633307678080338,
        0.7695581123851519,
        0.7729678426263252,
        0.7734883885558202,
        0.7773293852568278,
        0.7836005965227467,
        0.7862960392692188,
        0.7920381801574075,
        0.7929183879126324,
        0.7957028190348482,
        0.7960644977408903,
        0.8044618223476282,
        0.817314179149105,
        0.8193277311011905
      ],
      "lightness": 0.9848904267589389,
      "sats": [
        0.9919690098261525,
        0.9879291837905374,
        0.9876614893308173,
        0.9781635424065571,
        0.9776789622030426,
        0.977637235489181,
        0.9723324446648892,
        0.9681294817916231,
        0.9668314255983351,
        0.9644274288548578,
        0.9588716311027242,
        0.9585392819979188,
        0.9561780374634816,
        0.9551200000000001,
        0.9547587942129966,
        0.9543932101977107,
        0.9532694710537275,
        0.9529411764705882,
        0.9502471383975026,
        0.9490196078431372,
        0.9473648264086512,
        0.94696,
        0.9397675736961452,
        0.9352391231885208,
        0.9333333333333333,
        0.9300184676852778,
        0.9288548577097154,
        0.9215686274509803,
        0.9176470588235294
      ],
      "vals": [
        0.9372549019607843,
        0.9607843137254902,
        0.9725490196078431,
        0.9764705882352941,
        0.9803921568627451,
        0.9823529411764705,
        0.984313725490196,
        0.9843137254901961,
        0.9862745098039216,
        0.9882352941176471,
        0.9901960784313726,
        0.9921568627450981,
        0.9941176470588236,
        0.996078431372549,
        1.0
      ],
      "variance": 0.3394059432944374
    },
    {
      "hues": [
        0.6830657478563968,
        0.7012963501425515
      ],
      "lightness": 0.9764705882352941,
      "sats": [
        0.9582028880984773,
        0.955476897192108
      ],
      "vals": [
        0.9686274509803922,
        0.984313725490196
      ],
      "variance": 0.08804526601628644
    },
    {
      "hues": [
        0.6916666666608844,
        0.6957627502268561,
        0.7142730496514185,
        0.7153192624494227,
        0.721191390228697,
        0.7258411388463609,
        0.7284744505339596,
        0.7415271840613986,
        0.7423174480947895,
        0.7427465696361044,
        0.7538587589682918,
        0.7613717965979983,
        0.7807692753564338,
        0.7808486465159059,
        0.7912209710026078,
        0.7944139194113248,
        0.8085750429734923,
        0.8321939770102521
      ],
      "lightness": 0.9847494553376905,
      "sats": [
        0.9709774973985432,
        0.9700181402848697,
        0.9662899068015071,
        0.9641456670155759,
        0.9635720067935429,
        0.9629844679924517,
        0.9607843137254902,
        0.9598450491307633,
        0.9578623835018838,
        0.9521942226874345,
        0.9450980392156862,
        0.9362589635832461,
        0.9282913340311518,
        0.927721088435374,
        0.9215686274509803,
        0.9209498418996838,
        0.9176470588235294
      ],
      "vals": [
        0.9568627450980393,
        0.9647058823529412,
        0.9725490196078431,
        0.9764705882352941,
        0.984313725490196,
        0.9882352941176471,
        0.9921568627450981,
        0.996078431372549,
        1.0
      ],