{
  "cluster_map": "[0, 0, 0, 0, 2, 0, 0, 1, 1, 0, 0, 2, 0, 0, 0, 0, 0, 0, 0, 0, 2, 0, 1, 1, 1, 1, 0, 2, 0, 0, 0, 0, 0, 0, 0, 0, 2, 0, 1, 1, 1, 1, 0, 2, 0, 0, 0, 0, 0, 0, 0, 0, 2, 0, 0, 1, 1, 0, 0, 2, 0, 0, 0, 0, 2, 2, 2, 2, 2, 2, 2, 2, 2, 2, 2, 2, 2, 2, 2, 2, 0, 0, 0, 0, 2, 0, 0, 0, 0, 0, 0, 2, 0, 0, 0, 0, 0, 1, 1, 0, 2, 0, 0, 0, 0, 0, 0, 2, 0, 1, 1, 0, 1, 1, 1, 1, 2, 0, 0, 0, 0, 0, 0, 2, 1, 1, 1, 1, 1, 1, 1, 1, 2, 0, 0, 0, 0, 0, 0, 2, 1, 1, 1, 1, 0, 1, 1, 0, 2, 0, 0, 0, 0, 0, 0, 2, 0, 1, 1, 0, 0, 0, 0, 0, 2, 0, 0, 0, 0, 0, 0, 2, 0, 0, 0, 0, 2, 2, 2, 2, 2, 2, 2, 2, 2, 2, 2, 2, 2, 2, 2, 2, 0, 0, 0, 0, 2, 0, 0, 1, 1, 0, 0, 2, 0, 0, 0, 0, 0, 0, 0, 0, 2, 0, 1, 1, 1, 1, 0, 2, 0, 0, 0, 0, 0, 0, 0, 0, 2, 0, 1, 1, 1, 1, 0, 2, 0, 0, 0, 0, 0, 0, 0, 0, 2, 0, 0, 1, 1, 0, 0, 2, 0, 0, 0, 0]",
  "group_name": "buildcraft\\assets\\buildcraft\\textures\\blocks\\pipeFluidsDiamond_up.png",
  "segment_dicts": [
    {
      "hues": [
        0.3274111161155851
      ],
      "lightness": 0.207843137254902,
      "sats": [
        0.7705065359477123
      ],
      "vals": [
        0.9056603773584905
      ],
      "variance": 0.42360755349143614
    },
    {
      "hues": [
        0.6666666666666666
      ],
      "lightness": 0.8980392156862744,
      "sats": [
        1.0
      ],
      "vals": [
        0.8980392156862745
      ],
      "variance": 0.39031237489989995
    },
    {
      "hues": [
        0.41777486294844546
      ],
      "lightness": 0.7490196078431373,
      "sats": [
        0.5087260035000001
      ],
      "vals": [
        1.0
      ],
      "variance": 0.42360755349143625
    }
  ]
}