{
  "cluster_map": "[0, 0, 0, 0, 0, 0, 0, 1, 1, 0, 0, 0, 0, 0, 0, 0, 0, 0, 0, 0, 0, 0, 0, 1, 1, 0, 0, 0, 0, 0, 0, 0, 0, 0, 0, 0, 0, 0, 0, 1, 1, 0, 0, 0, 0, 0, 0, 0, 0, 0, 0, 0, 0, 0, 0, 1, 1, 0, 0, 0, 0, 0, 0, 0, 0, 0, 0, 0, 0, 0, 0, 1, 1, 0, 0, 0, 0, 0, 0, 0, 0, 0, 0, 0, 0, 0, 0, 1, 1, 0, 0, 0, 0, 0, 0, 0, 0, 0, 0, 0, 0, 0, 0, 0, 0, 0, 0, 0, 0, 0, 0, 0, 1, 1, 1, 1, 1, 1, 0, 1, 1, 0, 1, 1, 1, 1, 1, 1, 1, 1, 1, 1, 1, 1, 0, 1, 1, 0, 1, 1, 1, 1, 1, 1, 0, 0, 0, 0, 0, 0, 0, 0, 0, 0, 0, 0, 0, 0, 0, 0, 0, 0, 0, 0, 0, 0, 0, 1, 1, 0, 0, 0, 0, 0, 0, 0, 0, 0, 0, 0, 0, 0, 0, 1, 1, 0, 0, 0, 0, 0, 0, 0, 0, 0, 0, 0, 0, 0, 0, 1, 1, 0, 0, 0, 0, 0, 0, 0, 0, 0, 0, 0, 0, 0, 0, 1, 1, 0, 0, 0, 0, 0, 0, 0, 0, 0, 0, 0, 0, 0, 0, 1, 1, 0, 0, 0, 0, 0, 0, 0, 0, 0, 0, 0, 0, 0, 0, 1, 1, 0, 0, 0, 0, 0, 0, 0]",
  "group_name": "extrautils\\assets\\extrautils\\textures\\blocks\\pipes_supply.png",
  "segment_dicts": [
    {
      "hues": [
        0.6666666666666666
      ],
      "lightness": 0.08810457516339869,
      "sats": [
        1.0
      ],
      "vals": [
        0.050980392156862744,
        0.054901960784313725,
        0.06666666666666667,
        0.07058823529411765,
        0.0784313725490196,
        0.08235294117647059,
        0.08627450980392157,
        0.09019607843137255,
        0.09411764705882353,
        0.09803921568627451,
        0.10196078431372549,
        0.10588235294117647,
        0.10980392156862745,
        0.11372549019607843,
        0.14901960784313725
      ],
      "variance": 0.4303943848080461
    },
    {
      "hues": [
        0.9006979650226086,
        0.9039116870537449,
        0.9072064349412927,
        0.9105867706452352,
        0.9140576051421913,
        0.9176242324535222,
        0.9212923677337816,
        0.9250681899962208,
        0.9289583901476157,
        0.9329702251184214,
        0.9371115790101225,
        0.941391032344506,
        0.9458179406955466
      ],
      "lightness": 0.5113122171945701,
      "sats": [
        0.41082906631895705,
        0.4064969271007142,
        0.40210060804220094,
        0.3976386722813219,
        0.3931096397420835,
        0.38851198549770544,
        0.3838441380587568,
        0.3791044775822857,
        0.37429133399765213,
        0.3694029850445088,
        0.3644376542180876,
        0.3593935086166439,
        0.35426865668557694
      ],
      "vals": [
        0.6442307692
      ],
      "variance": 0.4024522155506567
    }
  ]
}