{
  "cluster_map": "[0, 0, 0, 0, 0, 0, 0, 0, 0, 0, 0, 0, 0, 0, 0, 0, 0, 0, 0, 0, 0, 0, 0, 0, 0, 0, 0, 0, 3, 0, 0, 0, 0, 0, 0, 0, 0, 0, 0, 0, 0, 0, 0, 0, 3, 3, 0, 0, 0, 0, 0, 0, 0, 0, 0, 0, 0, 0, 0, 0, 0, 0, 0, 0, 0, 0, 0, 0, 0, 0, 2, 2, 2, 0, 0, 0, 1, 0, 0, 0, 0, 0, 0, 0, 0, 4, 0, 0, 0, 0, 0, 0, 0, 0, 0, 0, 0, 0, 0, 0, 0, 4, 2, 2, 2, 2, 2, 4, 1, 0, 0, 0, 0, 0, 0, 0, 0, 4, 0, 2, 0, 0, 0, 4, 0, 0, 0, 0, 0, 0, 0, 0, 0, 4, 0, 0, 0, 0, 0, 4, 0, 0, 0, 0, 0, 0, 0, 0, 0, 4, 0, 0, 0, 0, 0, 4, 0, 0, 0, 0, 0, 0, 0, 0, 0, 4, 0, 0, 0, 0, 0, 4, 0, 0, 0, 0, 0, 0, 0, 0, 0, 4, 0, 0, 0, 0, 0, 4, 0, 0, 0, 0, 0, 0, 0, 0, 0, 4, 0, 0, 0, 0, 0, 4, 0, 0, 0, 0, 0, 0, 0, 0, 0, 4, 0, 0, 0, 0, 0, 4, 0, 0, 0, 0, 0, 0, 0, 0, 0, 0, 4, 4, 4, 4, 4, 0, 0, 0, 0, 0, 0, 0, 0, 0, 0, 0, 0, 0, 0, 0, 0, 0, 0, 0, 0, 0]",
  "group_name": "harvestcraft\\assets\\harvestcraft\\textures\\items\\pomegranatesmoothieItem.png",
  "segment_dicts": [
    {
      "hues": [
        0.502427665477606,
        0.5096964887111709,
        0.514336917562724,
        0.5147463944255387,
        0.5167548500881834,
        0.5202501085069445,
        0.5288996351011442,
        0.5372284117728724,
        0.5394410315146466,
        0.5430823385368839,
        0.544166411590654,
        0.5487291666666666,
        0.5508541666666668,
        0.5520036632756615,
        0.5541075715947624,
        0.5635212418300654,
        0.5665476898671425,
        0.5781270270064024,
        0.5855251828725021,
        0.606624898480102,
        0.6666666666666666
      ],
      "lightness": 0.7645029072538366,
      "sats": [
        1.0
      ],
      "vals": [
        0.06666666666666665,
        0.6823529411764706,
        0.7098039215686275,
        0.7294117647058823,
        0.7333333333333333,
        0.7411764705882353,
        0.7529411764705882,
        0.7607843137254902,
        0.7686274509803922,
        0.7764705882352941,
        0.7843137254901961,
        0.788235294117647,
        0.8,
        0.803921568627451,
        0.8196078431372549,
        0.8274509803921568,
        0.8666666666666667
      ],
      "variance": 0.36840668627205236
    },
    {
      "hues": [
        0.32594797177380946,
        0.5096964887111709
      ],
      "lightness": 0.6911540188594523,
      "sats": [
        1.0,
        0.9882352941176471
      ],
      "vals": [
        0.7098039215686275,
        1.0
      ],
      "variance": 0.0640656305569428
    },
    {
      "hues": [
        0.701049965711963,
        0.7026550848226393,
        0.7097060564303281,
        0.7100103421622928,
        0.7134377634264424,
        0.7194352658566636,
        0.7294211250777926
      ],
      "lightness": 0.616445123503947,
      "sats": [
        0.9930826822916667,
        0.9900390625000001,
        0.9881993613772039,
        0.9867242815493543,
        0.9849112426035503,
        0.9785371601717029,
        0.9784955304435824
      ],
      "vals": [
        0.42745098039215684,
        0.5098039215686274,
        0.5764705882352941,
        0.6039215686274509,
        0.6274509803921569,
        0.7529411764705882,
        0.7686274509803922
      ],
      "variance": 0.18252500326543816
    },
    {
      "hues": [
        0.3926132755211293,
        0.43271581321550734
      ],
      "lightness": 0.4928104575163399,
      "sats": [
        0.7449130763238095,
        0.7052857503284403
      ],
      "vals": [
        0.7730496453900709,
        0.8898305084745763
      ],
      "variance": 0.10802154688333639
    },
    {
      "hues": [
        0.8308639788224936,
        0.8731970653703615
      ],
      "lightness": 0.6051693404634582,
      "sats": [
        0.6318007662962214,
        0.5916015625000001
      ],
      "vals": [
        0.623655914,
        0.6274509803921569
      ],
      "variance": 0.2809774788016922
    }
  ]
}