{
  "cluster_map": "[0, 0, 0, 0, 0, 0, 0, 0, 0, 0, 0, 0, 0, 0, 0, 0, 0, 0, 0, 0, 0, 0, 0, 0, 0, 0, 0, 0, 0, 0, 0, 0, 0, 0, 0, 0, 0, 0, 0, 0, 0, 0, 0, 0, 0, 0, 0, 0, 0, 0, 0, 0, 0, 0, 0, 0, 0, 0, 0, 0, 0, 0, 0, 0, 0, 0, 0, 0, 0, 0, 0, 0, 0, 0, 0, 0, 0, 0, 0, 0, 0, 0, 0, 0, 0, 0, 0, 0, 0, 0, 0, 0, 0, 0, 0, 0, 0, 0, 0, 0, 0, 0, 0, 0, 0, 0, 0, 0, 0, 0, 0, 0, 0, 0, 0, 0, 0, 0, 0, 0, 0, 0, 0, 0, 0, 0, 0, 0, 0, 3, 0, 0, 0, 3, 0, 0, 0, 3, 3, 0, 0, 0, 0, 3, 3, 3, 3, 3, 3, 3, 3, 0, 0, 3, 3, 0, 3, 3, 3, 3, 3, 3, 3, 3, 3, 3, 3, 0, 3, 3, 3, 3, 3, 3, 3, 1, 0, 3, 3, 3, 3, 3, 3, 3, 3, 3, 3, 3, 3, 3, 3, 1, 0, 0, 3, 3, 3, 3, 3, 3, 3, 3, 3, 3, 3, 3, 3, 1, 0, 0, 3, 3, 3, 3, 3, 3, 3, 3, 3, 3, 3, 3, 3, 0, 0, 0, 3, 2, 2, 3, 3, 2, 2, 3, 3, 2, 2, 3, 0, 0, 0, 2, 2, 2, 2, 2, 2, 2, 2, 2, 2, 2, 2, 2, 2, 0]",
  "group_name": "ic2\\assets\\ic2\\textures\\blocks\\crop\\potato.4.png",
  "segment_dicts": [
    {
      "hues": [
        0.0,
        0.3333333333333333,
        0.40648936634387683,
        0.40847339803258004,
        0.41000723502221675,
        0.41200630606449534,
        0.41259560469427675,
        0.4131915207911981,
        0.41351729212273397,
        0.5124142826657949,
        0.6666666666666666
      ],
      "lightness": 0.4694937256598877,
      "sats": [
        1.0,
        0.8600557244438776,
        0.8500656783260273,
        0.8494346359253521,
        0.8487712665043479,
        0.8479137736619717,
        0.8473829732458333,
        0.8471959671971014,
        0.8468755864082191,
        0.0
      ],
      "vals": [
        0.0,
        1.3877787807814457e-17,
        2.7755575615628914e-17,
        0.7100000000000001,
        0.711340206185567,
        0.712871287128713,
        0.7156862745098039,
        0.7171717171717171,
        0.71875,
        0.7686274509803923
      ],
      "variance": 0.29111060034925623
    },
    {
      "hues": [
        0.5124142826657949,
        0.0
      ],
      "lightness": 0.7626459143968872,
      "sats": [
        0.8600557244438776,
        0.0
      ],
      "vals": [
        0.0,
        0.7686274509803922
      ],
      "variance": 0.08873293232485455
    },
    {
      "hues": [
        0.4260730554843081,
        0.4450491814898756,
        0.4459224791891449,
        0.44666506797557504,
        0.4474085760319582,
        0.4481529745929161,
        0.4993367935409478,
        0.5020246533923846,
        0.502681835025967,
        0.50335112651137,
        0.505904985505743,
        0.5059218682423499,
        0.5124142826657949,
        0.5347317933744359,
        0.558502943659981,
        0.5586106115652975,
        0.5600861415383417,
        0.5601866897805253
      ],
      "lightness": 0.7303921568627452,
      "sats": [
        0.8600557244438776,
        0.8468253968,
        0.8134845621078262,
        0.8133656509763157,
        0.8132456208548673,
        0.81312446853125,
        0.8110542975999999,
        0.7669491525000001,
        0.7655888173251232,
        0.7644283659257426,
        0.7630382569850747,
        0.7280830280971429,
        0.7260073260571429,
        0.7246860673641619,
        0.7244326555172415,
        0.7206774519738373,
        0.7198487712686956,
        0.6277173913
      ],
      "vals": [
        0.672514619883041,
        0.6745098039215687,
        0.6784313725490196,
        0.6823529411764706,
        0.6862745098039216,
        0.7686274509803922,
        0.7708333333333334,
        0.7724137931034483,
        0.773972602739726,
        0.7755102040816326,
        0.7770270270270271,
        0.788235294117647,
        0.792156862745098,
        0.796078431372549,
        0.8,
        1.0
      ],
      "variance": 0.273452943486937
    },
    {
      "hues": [
        0.3499782115674932,
        0.35458042972753095,
        0.358225196821099,
        0.3687426596364056,
        0.3722932887854527,
        0.3767500083531569,
        0.3789228372694727,
        0.39679146749988486,
        0.4016012464649972,
        0.40879475930496395,
        0.41258270179054995,
        0.4196164556628051,
        0.4217627079985056,
        0.4243409924792529,
        0.42737840662549126,
        0.4292168269993953,
        0.4316184583151297,
        0.43453083445034485,
        0.44854981084541184,
        0.451536435472025,
        0.4545847750851695,
        0.4586444193073571,
        0.46398089713968976,
        0.46434500951344754,
        0.47109713257230085,
        0.47643581081293246,
        0.48215415888510105
      ],
      "lightness": 0.62473604826546,
      "sats": [
        0.6504761905,
        0.6479750779,
        0.6478758170000001,
        0.6476984456333333,
        0.6476190476,
        0.6473429952,
        0.6457504257,
        0.6439193533500001,
        0.64358246365,
        0.6435759345666667,
        0.6432852206666666,
        0.643258427,
        0.6429980276,
        0.64080267555,
        0.6405825104,
        0.6404298494,
        0.6401803133166667,
        0.64002317742,
        0.6398756153,
        0.63974199655,
        0.639608667,
        0.6393903498285713,
        0.6390347039666666,
        0.4565238701544554,
        0.45520953483529414,
        0.45449527465259043,
        0.4538261329870736
      ],
      "vals": [
        0.6526285062229653,
        0.6538461538461539,
        0.6544812362030905,
        0.6558441558441558,
        1.0
      ],
      "variance": 0.4710618680512199
    }
  ]
}