{
  "cluster_map": "[0, 0, 0, 0, 0, 0, 0, 0, 0, 0, 0, 0, 0, 0, 0, 0, 0, 0, 0, 0, 0, 0, 0, 0, 0, 0, 0, 0, 0, 0, 0, 0, 0, 0, 0, 0, 0, 0, 0, 0, 0, 0, 0, 0, 0, 0, 0, 0, 0, 0, 0, 0, 0, 0, 0, 0, 0, 0, 0, 0, 0, 0, 0, 0, 0, 0, 0, 1, 1, 1, 1, 1, 1, 0, 0, 0, 1, 1, 0, 0, 0, 0, 0, 2, 1, 1, 3, 3, 1, 1, 1, 1, 1, 1, 0, 0, 0, 0, 0, 2, 1, 1, 3, 3, 1, 1, 1, 1, 1, 1, 0, 0, 0, 0, 0, 2, 1, 1, 1, 1, 1, 1, 1, 1, 1, 1, 0, 0, 0, 0, 0, 2, 1, 1, 3, 3, 1, 1, 1, 1, 1, 1, 0, 0, 0, 0, 0, 2, 1, 1, 3, 3, 1, 1, 1, 1, 1, 1, 0, 0, 0, 0, 0, 1, 1, 1, 1, 1, 1, 1, 1, 1, 1, 1, 0, 0, 0, 0, 0, 0, 0, 0, 0, 0, 0, 0, 0, 0, 0, 0, 0, 0, 0, 0, 0, 0, 0, 0, 0, 0, 0, 0, 0, 0, 0, 0, 0, 0, 0, 0, 0, 0, 0, 0, 0, 0, 0, 0, 0, 0, 0, 0, 0, 0, 0, 0, 0, 0, 0, 0, 0, 0, 0, 0, 0, 0, 0, 0, 0, 0, 0, 0, 0, 0, 0, 0, 0, 0, 0, 0, 0, 0, 0, 0, 0, 0]",
  "group_name": "logisticspipes\\assets\\logisticspipes\\textures\\items\\itemUpgrade\\PowerTransportIC2-MV.png",
  "segment_dicts": [
    {
      "hues": [
        0.0
      ],
      "lightness": 0.0,
      "sats": [
        0.0
      ],
      "vals": [
        0.0
      ],
      "variance": NaN
    },
    {
      "hues": [
        0.37549122086917697,
        0.4721041857581423
      ],
      "lightness": 0.6579877852780457,
      "sats": [
        0.9124037460825806,
        0.3494034574851353
      ],
      "vals": [
        0.8469945355191257,
        0.8862275449101797
      ],
      "variance": 0.4261509331368481
    },
    {
      "hues": [
        0.5371396774813565
      ],
      "lightness": 0.8117647058823529,
      "sats": [
        0.8021249037608695
      ],
      "vals": [
        0.8117647058823529
      ],
      "variance": 0.1383827311243621
    },
    {
      "hues": [
        0.4721041857581423
      ],
      "lightness": 0.7176470588235294,
      "sats": [
        0.9124037460825806
      ],
      "vals": [
        0.8469945355191257
      ],
      "variance": 0.17399263633843817
    }
  ]
}