{
  "cluster_map": "[0, 0, 0, 0, 0, 0, 0, 0, 0, 0, 0, 0, 0, 0, 0, 0, 0, 0, 0, 0, 0, 0, 0, 2, 0, 0, 0, 0, 0, 0, 0, 0, 0, 0, 0, 0, 0, 0, 0, 2, 2, 0, 0, 0, 0, 0, 0, 0, 0, 0, 0, 0, 0, 0, 0, 2, 2, 0, 0, 0, 0, 0, 0, 0, 0, 2, 2, 0, 0, 1, 0, 2, 2, 0, 1, 0, 0, 0, 2, 2, 0, 2, 2, 2, 0, 1, 1, 2, 2, 1, 1, 0, 2, 2, 2, 0, 0, 0, 2, 2, 1, 1, 1, 2, 2, 1, 1, 1, 2, 2, 0, 0, 0, 0, 0, 1, 1, 1, 1, 1, 1, 1, 1, 1, 1, 0, 0, 0, 0, 1, 1, 1, 1, 1, 1, 1, 1, 1, 1, 1, 1, 1, 1, 0, 0, 0, 1, 1, 1, 1, 1, 2, 2, 1, 1, 1, 1, 1, 0, 0, 0, 0, 0, 0, 1, 1, 2, 2, 2, 2, 1, 1, 0, 0, 0, 0, 0, 0, 0, 0, 1, 1, 2, 2, 2, 2, 1, 1, 0, 0, 0, 0, 0, 0, 0, 0, 1, 1, 1, 2, 2, 1, 1, 1, 0, 0, 0, 0, 0, 0, 0, 0, 1, 1, 1, 1, 1, 1, 1, 1, 0, 0, 0, 0, 0, 0, 0, 0, 1, 1, 1, 1, 1, 1, 1, 1, 0, 0, 0, 0, 0, 0, 0, 0, 0, 0, 0, 0, 0, 0, 0, 0, 0, 0, 0, 0]",
  "group_name": "wrcbe_addons\\assets\\wrcbe_addons\\textures\\items\\psniffer.png",
  "segment_dicts": [
    {
      "hues": [
        0.41633986928104577,
        0.4928104575163399,
        0.5
      ],
      "lightness": 0.8909803921568629,
      "sats": [
        1.0
      ],
      "vals": [
        1.0
      ],
      "variance": 0.14179687190468587
    },
    {
      "hues": [
        0.6666666666666666
      ],
      "lightness": 0.38611971104231163,
      "sats": [
        1.0
      ],
      "vals": [
        0.23529411764705882,
        0.23529411764705885,
        0.35294117647058826,
        0.3529411764705883,
        0.40784313725490196,
        0.4235294117647059,
        0.4549019607843137,
        0.4980392156862745,
        0.5372549019607843,
        0.5607843137254902
      ],
      "variance": 0.4771989734364238
    },
    {
      "hues": [
        0.3996078431332392,
        0.4191380718987099,
        0.4287581699346405,
        0.48039215686196074,
        0.48275878154569013,
        0.48357160404139554,
        0.493456679695641,
        0.4942522830418543,
        0.4943231128020889,
        0.49493361462187724,
        0.5,
        0.5008981725819579,
        0.5146383822862773,
        0.5348953140560523,
        0.5977625405969625
      ],
      "lightness": 0.922628510863805,
      "sats": [
        1.0,
        0.9098124098,
        0.9061000757224771,
        0.8968483486695279,
        0.8857963859570815,
        0.8778890457362069,
        0.8760288065538462,
        0.8738562092,
        0.8709300009457832,
        0.8648648649,
        0.8642693994623432,
        0.8428571429,
        0.842377261,
        0.8333333333
      ],
      "vals": [
        0.9372549019607843,
        0.9688888888888889,
        0.9707112970711297,
        0.9708333333333333,
        0.970954356846473,
        0.9764705882352941,
        1.0
      ],
      "variance": 0.3550490387179107
    }
  ]
}