{
  "cluster_map": "[0, 0, 1, 1, 0, 0, 0, 0, 0, 0, 0, 0, 1, 1, 0, 0, 0, 1, 1, 1, 1, 2, 0, 0, 0, 0, 2, 1, 1, 1, 1, 0, 0, 1, 1, 1, 1, 6, 6, 0, 0, 0, 3, 3, 1, 1, 1, 0, 0, 0, 1, 1, 0, 0, 0, 4, 4, 0, 0, 0, 1, 1, 0, 0, 0, 0, 1, 1, 0, 0, 0, 4, 3, 0, 0, 0, 1, 1, 0, 0, 0, 1, 1, 1, 1, 2, 5, 5, 5, 5, 2, 1, 1, 1, 1, 0, 0, 1, 1, 1, 3, 3, 5, 5, 5, 5, 5, 5, 1, 1, 1, 0, 0, 0, 1, 1, 0, 0, 0, 4, 4, 0, 0, 0, 1, 1, 0, 0, 0, 0, 1, 1, 0, 0, 0, 4, 5, 0, 0, 0, 1, 1, 0, 0, 0, 1, 1, 1, 1, 2, 6, 5, 5, 5, 2, 5, 1, 1, 7, 0, 0, 1, 1, 1, 6, 6, 6, 5, 5, 5, 5, 5, 7, 7, 7, 0, 0, 0, 1, 1, 0, 0, 0, 4, 4, 0, 0, 0, 7, 7, 0, 0, 0, 0, 1, 1, 0, 0, 0, 6, 4, 0, 0, 0, 7, 7, 0, 0, 0, 1, 1, 1, 1, 2, 7, 7, 7, 7, 2, 7, 7, 7, 7, 0, 0, 1, 1, 1, 1, 1, 7, 7, 7, 7, 7, 7, 7, 7, 7, 0, 0, 0, 1, 1, 0, 0, 0, 0, 0, 0, 0, 0, 7, 7, 0, 0]",
  "group_name": "minecraft\\assets\\minecraft\\textures\\blocks\\rail_activator_powered.png",
  "segment_dicts": [
    {
      "hues": [
        0.4126798459652661,
        0.4339062001866431,
        0.45664413097953777,
        0.48358767839466704,
        0.5133729016874429,
        0.5289542426110182
      ],
      "lightness": 0.5103641456582633,
      "sats": [
        0.927197364158763,
        0.9250073522128712,
        0.9191002367624309,
        0.8445121951219513,
        0.8166864843103449,
        0.8001314923692308
      ],
      "vals": [
        0.513157894736842,
        0.58,
        0.6431372549019608,
        0.6601307189542484,
        0.708029197080292,
        0.7098039215686275
      ],
      "variance": 0.16936199584975387
    },
    {
      "hues": [
        0.4215630051386667,
        0.42156300513866674,
        0.42193521935127176,
        0.44564827976822863,
        0.4549055129298096,
        0.45490551292980963,
        0.5008238774669512,
        0.6666666666666666
      ],
      "lightness": 0.5257587966693527,
      "sats": [
        1.0,
        0.9980276816747059,
        0.9963235294,
        0.8023255813953488,
        0.7908163266142857
      ],
      "vals": [
        0.40784313725490184,
        0.40784313725490196,
        0.5058823529411764,
        0.5121951219512195,
        0.6431372549019607,
        0.6431372549019608,
        0.9941520467836258,
        0.9945945945945944,
        0.9945945945945946,
        1.0
      ],
      "variance": 0.47038503796266956
    },
    {
      "hues": [
        0.16276697173237314
      ],
      "lightness": 0.8313725490196079,
      "sats": [
        0.16797023949208234
      ],
      "vals": [
        0.9992101106
      ],
      "variance": 0.17399263633843823
    },
    {
      "hues": [
        0.42193521935127176,
        0.44564827976822863
      ],
      "lightness": 0.615686274509804,
      "sats": [
        0.9980276816747059,
        0.9963235294
      ],
      "vals": [
        0.9941520467836258,
        1.0
      ],
      "variance": 0.13922190383354635
    },
    {
      "hues": [
        0.16276697173237314,
        0.1675568681574923,
        0.167598684195614
      ],
      "lightness": 0.6605664488017429,
      "sats": [
        0.4274509803921569,
        0.37254901960784315,
        0.16797023949208234
      ],
      "vals": [
        0.9992101106,
        1.0
      ],
      "variance": 0.18609253756921268
    },
    {
      "hues": [
        0.4126798459652661,
        0.4197973869659773,
        0.42193521935127176,
        0.43159413438645333,
        0.4339062001866431,
        0.44038508790233255,
        0.44564827976822863,
        0.4549055129298096,
        0.49262647703677537,
        0.5016629547142122,
        0.5157651410074878,
        0.5438791438473953
      ],
      "lightness": 0.5370588235294118,
      "sats": [
        1.0,
        0.9980276816747059,
        0.9963235294,
        0.9409262759565218,
        0.9343305632736841,
        0.9163265305942857,
        0.8517441860465117,
        0.8283607680944445,
        0.8166864843103449,
        0.8092031425555555,
        0.8064148324170731,
        0.8001314923692308
      ],
      "vals": [
        0.513157894736842,
        0.5294117647058824,
        0.5774647887323944,
        0.58,
        0.5934065934065934,
        0.6745098039215687,
        0.6862745098039216,
        0.7480314960629921,
        0.7666666666666667,
        0.9941520467836258,
        0.9945945945945946,
        1.0
      ],
      "variance": 0.2752169679669796
    },
    {
      "hues": [
        0.42193521935127176,
        0.42548830889820727,
        0.43006050861464207,
        0.44564827976822863,
        0.48358767839466704
      ],
      "lightness": 0.5736694677871148,
      "sats": [
        0.9980276816747059,
        0.9963235294,
        0.9501600366296296,
        0.9453234624843374,
        0.9250073522128712
      ],
      "vals": [
        0.6601307189542484,
        0.7345132743362831,
        0.7431192660550459,
        0.9941520467836258,
        1.0
      ],
      "variance": 0.1655720563156016
    },
    {
      "hues": [
        0.42156300513866674,
        0.42193521935127176,
        0.42548830889820727,
        0.4339062001866431,
        0.44038508790233255,
        0.44564827976822863,
        0.45008953634211707,
        0.4549055129298096,
        0.4762418878169729,
        0.48358767839466704,
        0.5008238774669512,
        0.5438791438473953,
        0.6666666666666666
      ],
      "lightness": 0.5262164124909223,
      "sats": [
        1.0,
        0.9980276816747059,
        0.9963235294,
        0.9501600366296296,
        0.9343305632736841,
        0.9250073522128712,
        0.9143582640421053,
        0.8517441860465117,
        0.8298647243306452,
        0.8166864843103449,
        0.8023255813953488,
        0.7908163266142857
      ],
      "vals": [
        0.40784313725490196,
        0.5058823529411764,
        0.5121951219512195,
        0.5688073394495412,
        0.58,
        0.6431372549019608,
        0.6601307189542484,
        0.6745098039215687,
        0.7169811320754716,
        0.7431192660550459,
        0.7480314960629921,
        0.9941520467836258,
        0.9945945945945946,
        1.0
      ],
      "variance": 0.3163971943993566
    }
  ]
}