{
  "cluster_map": "[0, 0, 0, 0, 0, 0, 0, 0, 0, 0, 0, 0, 0, 0, 0, 0, 0, 0, 0, 0, 0, 0, 0, 0, 0, 0, 0, 0, 0, 0, 0, 0, 0, 0, 0, 0, 0, 0, 0, 0, 0, 0, 0, 0, 0, 0, 0, 0, 0, 0, 0, 0, 1, 0, 0, 0, 1, 0, 0, 0, 1, 0, 0, 0, 0, 0, 0, 1, 1, 1, 0, 1, 1, 1, 0, 1, 1, 1, 0, 0, 0, 0, 0, 1, 1, 1, 0, 1, 1, 1, 0, 1, 1, 1, 0, 0, 0, 0, 0, 1, 1, 1, 0, 1, 1, 1, 0, 1, 1, 1, 0, 0, 0, 0, 0, 1, 1, 1, 0, 1, 1, 1, 0, 1, 1, 1, 0, 0, 0, 0, 0, 1, 1, 1, 0, 1, 1, 1, 0, 1, 1, 1, 0, 0, 0, 0, 0, 1, 1, 1, 0, 1, 1, 1, 0, 1, 1, 1, 0, 0, 0, 0, 0, 1, 1, 1, 0, 1, 1, 1, 0, 1, 1, 1, 0, 0, 0, 0, 0, 1, 1, 1, 0, 1, 1, 1, 0, 1, 1, 1, 0, 0, 0, 0, 0, 0, 1, 0, 0, 0, 1, 0, 0, 0, 1, 0, 0, 0, 0, 0, 0, 0, 0, 0, 0, 0, 0, 0, 0, 0, 0, 0, 0, 0, 0, 0, 0, 0, 0, 0, 0, 0, 0, 0, 0, 0, 0, 0, 0, 0, 0, 0, 0, 0, 0, 0, 0, 0, 0, 0, 0, 0, 0, 0, 0, 0]",
  "group_name": "ic2\\assets\\ic2\\textures\\items\\reactorCoolantTriple.png",
  "segment_dicts": [
    {
      "hues": [
        0.6648511256354394,
        0.6666666666666666
      ],
      "lightness": 0.525827205882353,
      "sats": [
        1.0
      ],
      "vals": [
        0.19215686274509802,
        0.196078431372549,
        0.19607843137254904,
        0.3137254901960784,
        0.40784313725490196,
        0.4392156862745098,
        0.592156862745098,
        0.596078431372549,
        0.6,
        0.6509803921568628,
        0.7686274509803921,
        0.8509803921568626,
        0.8509803921568627,
        0.8549019607843137,
        0.9803921568627451
      ],
      "variance": 0.6005882020254071
    },
    {
      "hues": [
        0.33950480636124825,
        0.35583648052421113,
        0.5310227673945634,
        0.587359280370035,
        0.5903260461289225,
        0.6054224082741847,
        0.6123212851441534,
        0.6129737807267115,
        0.6132352941034926,
        0.6272624434340193,
        0.6277726037261004,
        0.6391768280845369,
        0.642737195624573,
        0.6541925761889771,
        0.6849913516702397,
        0.7066993464166668,
        0.7272215711266056,
        0.7287864065328459,
        0.7342570463749819,
        0.7400466137669802,
        0.7488528329293244,
        0.7488537905341933,
        0.7652562900506329,
        0.7658053061047941,
        0.7819822779902124,
        0.8167467158617341
      ],
      "lightness": 0.8547511312217194,
      "sats": [
        0.9294117647058824,
        0.9249023498046995,
        0.9147983561094589,
        0.7361212563915266,
        0.7257730703676649,
        0.7131653361246075,
        0.6546769718588982,
        0.39306499733464567,
        0.38921568630000003,
        0.3851851852,
        0.38183421520000005,
        0.38095238099999995,
        0.3698913043359999,
        0.36451053112195125,
        0.352854721665272,
        0.34609636010537187,
        0.3329821986059322,
        0.3326489983702128,
        0.2854945108581082,
        0.17252568956192543,
        0.15528664142779885,
        0.1161023773677392,
        0.09999999999999998,
        0.08200768733944958,
        0.0694090136054421,
        0.04331228206116507
      ],
      "vals": [
        0.6477987421383647,
        0.6588235294117647,
        0.6627450980392157,
        0.6666666666666666,
        0.6745098039215687,
        0.6784313725490196,
        0.68125,
        0.6823529411764706,
        0.8705882352941177,
        0.9215686274509803,
        0.9254901960784314,
        0.9372549019607843,
        0.9490196078431372,
        0.9647058823529412,
        0.9803921568627451,
        0.9921568627450981,
        0.996078431372549,
        1.0
      ],
      "variance": 0.4699252002712528
    }
  ]
}