{
  "cluster_map": "[0, 0, 0, 0, 0, 0, 0, 0, 0, 0, 0, 0, 0, 0, 0, 0, 0, 0, 0, 0, 0, 0, 0, 0, 0, 0, 0, 0, 0, 0, 0, 0, 0, 0, 0, 0, 0, 0, 0, 0, 0, 0, 0, 0, 0, 0, 0, 0, 0, 0, 0, 0, 0, 0, 0, 0, 0, 0, 0, 0, 0, 0, 0, 0, 0, 0, 0, 0, 0, 0, 0, 0, 0, 0, 0, 0, 0, 0, 0, 0, 0, 0, 0, 0, 0, 0, 1, 0, 0, 0, 0, 0, 0, 0, 0, 0, 0, 0, 0, 0, 0, 0, 1, 1, 0, 0, 0, 0, 0, 0, 0, 0, 0, 0, 0, 0, 0, 0, 1, 1, 0, 0, 0, 0, 0, 0, 0, 0, 0, 1, 0, 0, 0, 0, 0, 1, 0, 0, 0, 0, 1, 0, 0, 0, 0, 1, 1, 0, 0, 1, 0, 1, 1, 0, 0, 0, 1, 1, 0, 0, 0, 0, 1, 0, 0, 1, 1, 1, 1, 0, 0, 1, 0, 1, 0, 0, 0, 0, 1, 1, 1, 0, 1, 1, 1, 1, 0, 1, 0, 0, 0, 0, 0, 0, 1, 1, 1, 1, 0, 1, 1, 1, 1, 1, 0, 0, 1, 0, 1, 0, 1, 1, 1, 1, 0, 1, 1, 1, 1, 1, 0, 1, 0, 1, 1, 1, 1, 1, 1, 1, 0, 1, 1, 1, 1, 1, 0, 1, 1, 0, 1, 1, 1, 1, 1, 1, 0, 1, 1, 1, 1, 1, 0, 1, 1, 0]",
  "group_name": "ic2\\assets\\ic2\\textures\\blocks\\crop\\redwheat.4.png",
  "segment_dicts": [
    {
      "hues": [
        0.4161197525245884
      ],
      "lightness": 0.40784313725490196,
      "sats": [
        0.848064280508108
      ],
      "vals": [
        0.7115384615384615
      ],
      "variance": 0.21955071088119366
    },
    {
      "hues": [
        0.3129704183354484,
        0.32308129437556615,
        0.32634526545013126,
        0.3369284399216257,
        0.3405073602059751,
        0.35155358903177464,
        0.3614369977292207,
        0.36559157125931824,
        0.3771377715679962,
        0.38375484054708764,
        0.39458768800751987,
        0.39537746910986765,
        0.4001945941397971,
        0.4044294890681448,
        0.4065473944324731,
        0.4171313822492979,
        0.4188078936425737,
        0.41951822304059316,
        0.4307181802924432,
        0.4339638138147126,
        0.43764138399286456,
        0.4421197829568117,
        0.4469403868952913,
        0.44919213929458257,
        0.4505888561069755
      ],
      "lightness": 0.5488185017596783,
      "sats": [
        0.7772046703369232,
        0.7760416667,
        0.7725490196078432,
        0.7599964759889403,
        0.7515430888176888,
        0.7470588235294118,
        0.7294372294,
        0.7215686274509804,
        0.7172120064418605,
        0.7166663857646917,
        0.7099747117065012,
        0.7017881394680852,
        0.7013363268963712,
        0.6906612366539895,
        0.6871723854978176,
        0.678358108425,
        0.66138397105,
        0.6597634061307979,
        0.6588199440142857,
        0.656073308675,
        0.6528292999,
        0.6522163488,
        0.6511696138088618,
        0.6416173936024157,
        0.6356992671332481
      ],
      "vals": [
        0.8729421610298028,
        0.8798092948717948,
        0.8845532558123083,
        0.8866213151927438,
        0.899774713886636,
        0.9137058291662871,
        0.9161156320765854,
        0.9215686274509804,
        0.9216127568194264,
        0.9389624460071759,
        0.9482097515276594,
        0.9634239964904584,
        0.9662921348314606,
        0.9848484848484849,
        1.0
      ],
      "variance": 0.48751357789399696
    }
  ]
}