{
  "cluster_map": "[0, 0, 0, 0, 0, 0, 0, 0, 0, 0, 0, 0, 0, 0, 0, 0, 0, 0, 0, 0, 0, 0, 0, 0, 0, 0, 0, 0, 0, 0, 0, 0, 0, 0, 0, 0, 0, 0, 0, 0, 0, 0, 0, 0, 0, 0, 0, 0, 0, 0, 0, 0, 0, 0, 0, 0, 0, 0, 0, 0, 0, 0, 0, 0, 0, 0, 0, 0, 0, 0, 3, 0, 0, 0, 0, 0, 0, 0, 0, 0, 0, 0, 0, 0, 0, 1, 4, 4, 4, 4, 4, 0, 0, 0, 0, 0, 0, 0, 0, 0, 0, 1, 4, 4, 4, 3, 4, 0, 0, 0, 0, 0, 0, 0, 0, 0, 1, 1, 3, 3, 0, 3, 3, 1, 0, 0, 0, 0, 0, 0, 0, 0, 1, 1, 1, 1, 0, 0, 1, 1, 0, 0, 0, 0, 0, 0, 0, 0, 0, 4, 2, 1, 0, 3, 1, 3, 0, 0, 0, 0, 0, 0, 0, 0, 0, 4, 2, 1, 1, 3, 1, 3, 0, 0, 0, 0, 0, 0, 0, 0, 3, 4, 4, 3, 1, 3, 1, 1, 0, 0, 0, 0, 0, 0, 0, 0, 3, 4, 1, 1, 3, 3, 1, 0, 0, 0, 0, 0, 0, 0, 0, 0, 3, 0, 3, 1, 3, 3, 3, 0, 0, 0, 0, 0, 0, 0, 0, 0, 0, 0, 3, 3, 3, 3, 3, 0, 0, 0, 0, 0, 0, 0, 0, 0, 0, 3, 3, 3, 0, 0, 0, 0, 0, 0, 0, 0]",
  "group_name": "binniecore\\assets\\botany\\textures\\blocks\\ceramic\\roundedbarredend4.0.png",
  "segment_dicts": [
    {
      "hues": [
        0.7118773673781096,
        0.7247578689971421,
        0.7419866227802504,
        0.7428072715774902,
        0.7438719494972266,
        0.7486106385391856,
        0.749304986421122,
        0.7531419107835973,
        0.7617655478512998,
        0.7631622464350536,
        0.7692697490076591,
        0.7696820625710462,
        0.7710733947890659,
        0.7847509681832939,
        0.805775199421887,
        0.8113460691197828,
        0.8143974536725597,
        0.816164843323313,
        0.8203669804682706,
        0.820374723718961
      ],
      "lightness": 0.9843137254901961,
      "sats": [
        0.9880485556718586,
        0.9841899683799367,
        0.9839380196523053,
        0.9838097807971302,
        0.9799225245653816,
        0.978584385917764,
        0.975907029478458,
        0.9718915343915344,
        0.971667116394978,
        0.97144,
        0.9681294817916231,
        0.9665623104787818,
        0.9657350174684224,
        0.9595244519928255,
        0.954023176908325,
        0.9482104079113874,
        0.9477985638699924,
        0.9372549019607843,
        0.9328073656147312,
        0.9243075192551048
      ],
      "vals": [
        0.9568627450980393,
        0.9686274509803922,
        0.9803921568627451,
        0.984313725490196,
        0.9882352941176471,
        0.9921568627450981,
        0.996078431372549,
        1.0
      ],
      "variance": 0.2683896736650626
    },
    {
      "hues": [
        0.7754264630513149,
        0.7799993216570513,
        0.7836218375559699,
        0.7853380641548098,
        0.7860017169284212,
        0.78679770385857,
        0.7878369121163838,
        0.7880048384314233,
        0.7890050506736085,
        0.7933349068932594,
        0.7940321575572719,
        0.7973448116881682,
        0.7992708646143424,
        0.8029258269522068,
        0.8091440428685392,
        0.81110529986053,
        0.8157243649661371,
        0.8163726581419294,
        0.8181167543938871,
        0.8246159336302864,
        0.8283601565837828,
        0.8331603281938168,
        0.8332165344482111
      ],
      "lightness": 0.9764705882352941,
      "sats": [
        0.9954601292527907,
        0.9919048903985651,
        0.986828739174601,
        0.9866073773218256,
        0.9835486524410897,
        0.9831449534007535,
        0.9778645833333333,
        0.9623825992886296,
        0.9595244519928255,
        0.9575177009579342,
        0.9565224130448261,
        0.9561780374634816,
        0.9498434657181727,
        0.9442265931353403,
        0.9437830687830687,
        0.9424202835438138,
        0.9372549019607843,
        0.9288548577097154,
        0.9282913340311518,
        0.9243075192551048,
        0.9176470588235294
      ],
      "vals": [
        0.9294117647058824,
        0.9372549019607843,
        0.9411764705882353,
        0.9450980392156862,
        0.9607843137254902,
        0.9647058823529412,
        0.9686274509803922,
        0.9764705882352941,
        0.984313725490196,
        0.9882352941176471,
        0.9921568627450981,
        0.996078431372549,
        1.0
      ],
      "variance": 0.2860293735726976
    },
    {
      "hues": [
        0.824290780141844,
        0.836034711814568
      ],
      "lightness": 0.9784313725490197,
      "sats": [
        0.9747072599525834,
        0.9215686274509803
      ],
      "vals": [
        0.9722222222,
        1.0
      ],
      "variance": 0.08806396121141898
    },
    {
      "hues": [
        0.6602728047796583,
        0.6626811015244316,
        0.663600044934377,
        0.6666666666666666,
        0.6668641301595711,
        0.6673020047955909,
        0.6705902276483746,
        0.6769004223103573,
        0.6775242707614315,
        0.6780645639208478,
        0.6783032422410405,
        0.6798277358260592,
        0.6865076202240067,
        0.6870304679432074,
        0.687384816600321,
        0.6900683557959338,
        0.6925132834062641,
        0.6930831444474425,
        0.6941093892204163,
        0.7012941030815217,
        0.7074187312791606,
        0.7075247713248826,
        0.7079313119887463,
        0.7083089395196045,
        0.716114019786752,
        0.7173608694975758,
        0.741588791481627,
        0.7745497866716041
      ],
      "lightness": 0.9789046653144016,
      "sats": [
        1.0,
        0.9960161852239529,
        0.9917743262205448,
        0.9866073773218256,
        0.9839380196523053,
        0.9836800000000001,
        0.9810352521385542,
        0.9762849525699051,
        0.9751235691987513,
        0.9745106205747605,
        0.9734375,
        0.9723324446648892,
        0.96736,
        0.9641456670155759,
        0.9629844679924517,
        0.9583333333,
        0.9547587942129966,
        0.9543932101977107,
        0.9469523611877471,
        0.9461010665972944,
        0.9440354797799007,
        0.94288,
        0.9383074466540863,
        0.9352391231885208,
        0.9328073656147312,
        0.9322751488071991,
        0.9249023498046995
      ],
      "vals": [
        0.9372549019607843,
        0.9411764705882353,
        0.9529411764705882,
        0.9607843137254902,
        0.9725490196078431,
        0.9764705882352941,
        0.9803921568627451,
        0.984313725490196,
        0.9882352941176471,
        0.9921568627450981,
        0.996078431372549,
        1.0
      ],
      "variance": 0.31698067045037354
    },
    {
      "hues": [
        0.7091468607941153,
        0.7096145978881663,
        0.7122126820095223,
        0.7122876023308845,
        0.7166295475641778,
        0.7178775457450888,
        0.7236009455778224,
        0.7277192747330808,
        0.7279892997917451,
        0.7318386627134674,
        0.7523695016312296,
        0.7574743418192771,
        0.7637213698659527,
        0.8043160967531972
      ],
      "lightness": 0.9843137254901959,
      "sats": [
        0.9920949841899684,
        0.9872553102873802,
        0.9800809261197644,
        0.9799225245653816,
        0.9764705882352941,
        0.9738747353322861,
        0.9721132965676701,
        0.9644274288548578,
        0.9620761451516954,
        0.960474920949842,
        0.9592,
        0.9433342327899558,
        0.9311915683878033,
        0.9249023498046995
      ],
      "vals": [
        0.9490196078431372,
        0.9607843137254902,
        0.9647058823529412,
        0.9803921568627451,
        0.984313725490196,
        0.9882352941176471,
        0.9921568627450981,
        0.996078431372549,
        1.0
      ],
      "variance": 0.2273970667192131
    }
  ]
}