{
  "cluster_map": "[0, 0, 0, 0, 0, 0, 0, 0, 0, 0, 0, 0, 0, 0, 0, 0, 0, 0, 0, 0, 0, 0, 2, 2, 2, 2, 2, 2, 0, 0, 0, 0, 0, 0, 0, 0, 2, 2, 2, 2, 2, 2, 2, 2, 2, 0, 0, 0, 0, 0, 0, 2, 2, 2, 2, 2, 2, 2, 2, 2, 2, 0, 0, 0, 0, 0, 0, 2, 2, 2, 2, 2, 2, 2, 2, 2, 2, 2, 0, 0, 0, 0, 0, 2, 2, 2, 2, 2, 2, 2, 2, 2, 2, 2, 0, 0, 0, 0, 0, 2, 2, 2, 2, 2, 2, 2, 1, 1, 2, 2, 2, 0, 0, 0, 0, 2, 2, 2, 2, 2, 2, 2, 1, 1, 2, 2, 2, 0, 0, 0, 0, 0, 2, 2, 2, 2, 2, 2, 2, 2, 2, 2, 2, 0, 0, 0, 0, 0, 2, 2, 2, 2, 2, 2, 2, 2, 2, 2, 2, 0, 0, 0, 0, 0, 2, 2, 2, 2, 2, 2, 2, 2, 2, 2, 2, 0, 0, 0, 0, 0, 2, 2, 2, 2, 2, 2, 2, 2, 2, 2, 2, 0, 0, 0, 0, 0, 2, 2, 2, 2, 2, 2, 2, 2, 2, 2, 2, 0, 0, 0, 0, 0, 2, 2, 2, 2, 2, 2, 2, 2, 2, 2, 0, 0, 0, 0, 0, 0, 0, 2, 2, 2, 2, 2, 2, 2, 2, 0, 0, 0, 0, 0, 0, 0, 0, 0, 0, 0, 0, 0, 0, 0, 0, 0, 0, 0]",
  "group_name": "thermalexpansion\\assets\\thermalexpansion\\textures\\items\\satchel\\SatchelBasic.png",
  "segment_dicts": [
    {
      "hues": [
        0.0
      ],
      "lightness": 0.0,
      "sats": [
        0.0
      ],
      "vals": [
        0.0
      ],
      "variance": NaN
    },
    {
      "hues": [
        0.48828197474424817,
        0.5406024800501951,
        0.5569998599141893,
        0.5831372549052863
      ],
      "lightness": 0.8549019607843137,
      "sats": [
        0.8489611810127118,
        0.8333333333,
        0.8303237596539007,
        0.8143255387563452
      ],
      "vals": [
        0.766304347826087,
        0.7725490196078432,
        0.9254901960784314,
        1.0
      ],
      "variance": 0.12510508363356632
    },
    {
      "hues": [
        0.7806437799107231,
        0.7839879591365154,
        0.786072814398993,
        0.7918591965087921,
        0.797420919192733,
        0.7980459618187111,
        0.8029590825962326,
        0.8119848119763619,
        0.817066387034303,
        0.826795447542409,
        0.8503160024181069,
        0.8874749900029159,
        0.9154116756576389,
        0.9309457357691218,
        0.9427376517507733,
        0.9474105933041332,
        0.9566883143577092,
        0.9567030432082335,
        0.982316487451729,
        0.9920222973040365,
        0.9923966576292155,
        0.9930337456527786,
        0.9969590588795871,
        0.001978931860809533,
        0.014872757247838356,
        0.02053937111437426,
        0.020643525210599496,
        0.02297640877206854,
        0.02458866645725612,
        0.02913437856218924,
        0.034041615034060245,
        0.042067442648522246,
        0.042905574575161365,
        0.044650360920421406,
        0.04787767050395705,
        0.049847442887632896,
        0.05319932942212263,
        0.06040433627009748,
        0.06081186809840816,
        0.061713306980852034,
        0.06205249153110245,
        0.06689761055722648,
        0.07118494703974315,
        0.07255210830832155,
        0.07367104369650046,
        0.07412130004903104,
        0.07529995744669814,
        0.08201953303680115,
        0.08217143278868762,
        0.09059662774777094
      ],
      "lightness": 0.2798319327731092,
      "sats": [
        0.8050420167955823,
        0.8018975332157777,
        0.7956656346899788,
        0.7915966386435535,
        0.7853966251439745,
        0.7837370242341746,
        0.7801675117955501,
        0.7679970706813657,
        0.7573164802982966,
        0.7457063711911357,
        0.7450052210202274,
        0.7247410152385944,
        0.7107110602602882,
        0.6969870874942842,
        0.6853592652518216,
        0.6707128099173554,
        0.6478260869341863,
        0.6205882352941178,
        0.6161168839531346,
        0.6119885347856551,
        0.5719467411642646,
        0.5693070124968953,
        0.5431652244456463,
        0.5431103948704072,
        0.5393127328841885,
        0.5379225769072811,
        0.536231884057971,
        0.5117598276914571,
        0.49987484357146855,
        0.49199218749999996,
        0.48940542862003367,
        0.48830732293251333,
        0.4647923087388469,
        0.4623882610895599,
        0.4614722045547108,
        0.45495807118083137,
        0.45447570335564214,
        0.45396105125365754,
        0.44331252920008624,
        0.425857364641165,
        0.42441742127557774,
        0.41905703093069396,
        0.4152504135806917,
        0.4121995342867758,
        0.4014104414346648,
        0.39220378350466906,
        0.3881290665338696,
        0.35587761674718194,
        0.3535084802420332,
        0.35217275396154146
      ],
      "vals": [
        0.5648148148,
        0.565018315,
        0.5657894737,
        0.56663614162,
        0.5666666667,
        0.5671296296333334,
        0.5671420083500001,
        0.5679012346,
        0.5690235690166666,
        0.5694444444,
        0.5697074916,
        0.5725877193,
        0.573074494975,
        0.5733333333,
        0.5737455197,
        0.57406834078,
        0.5740740741,
        0.5747053872333333,
        0.575,
        0.5751484827666666,
        0.5756172839666667,
        0.5757575758,
        0.5762373915142857,
        0.576252723275,
        0.5765221573333333,
        0.576822916675,
        0.57710386472,
        0.577177318275,
        0.5784313725490196,
        0.57892036125,
        0.5789473683999999,
        0.5793650794,
        0.5802469136,
        0.5809178743666666,
        0.5817307692,
        0.5833333333,
        0.6039215686274509,
        0.6176470588235294,
        0.6274509803921569,
        0.6392156862745098,
        0.6666666666666666,
        0.6745098039215687,
        0.6901960784313725,
        0.722875816993464,
        0.7450980392156863
      ],
      "variance": 0.6611730852291242
    }
  ]
}