{
  "cluster_map": "[0, 0, 0, 0, 0, 0, 0, 0, 0, 0, 0, 0, 0, 0, 0, 0, 0, 0, 0, 0, 0, 0, 0, 0, 0, 0, 0, 0, 0, 0, 0, 0, 0, 0, 0, 0, 0, 0, 0, 0, 0, 0, 0, 0, 0, 0, 0, 0, 0, 0, 0, 0, 0, 0, 0, 0, 0, 0, 0, 0, 0, 0, 0, 0, 0, 0, 0, 2, 2, 2, 2, 2, 2, 2, 2, 2, 2, 2, 0, 0, 0, 0, 0, 1, 2, 2, 0, 0, 2, 2, 2, 2, 2, 2, 0, 0, 0, 0, 0, 1, 2, 2, 0, 0, 2, 2, 2, 2, 2, 2, 0, 0, 0, 0, 0, 1, 2, 2, 2, 2, 2, 2, 2, 2, 2, 2, 0, 0, 0, 0, 0, 1, 2, 2, 0, 0, 2, 2, 2, 2, 2, 2, 0, 0, 0, 0, 0, 1, 2, 2, 0, 0, 2, 2, 2, 2, 2, 2, 0, 0, 0, 0, 0, 2, 2, 2, 2, 2, 2, 2, 2, 2, 2, 2, 0, 0, 0, 0, 0, 0, 0, 0, 0, 0, 0, 0, 0, 0, 0, 0, 0, 0, 0, 0, 0, 0, 0, 0, 0, 0, 0, 0, 0, 0, 0, 0, 0, 0, 0, 0, 0, 0, 0, 0, 0, 0, 0, 0, 0, 0, 0, 0, 0, 0, 0, 0, 0, 0, 0, 0, 0, 0, 0, 0, 0, 0, 0, 0, 0, 0, 0, 0, 0, 0, 0, 0, 0, 0, 0, 0, 0, 0, 0, 0, 0, 0]",
  "group_name": "logisticspipes\\assets\\logisticspipes\\textures\\items\\itemUpgrade\\Speed.png",
  "segment_dicts": [
    {
      "hues": [
        0.3535720374974143
      ],
      "lightness": 0.2235294117647059,
      "sats": [
        0.7565789473000001
      ],
      "vals": [
        0.6666666666666667
      ],
      "variance": 0.17399263633843817
    },
    {
      "hues": [
        0.5371396774813565
      ],
      "lightness": 0.8117647058823529,
      "sats": [
        0.8021249037608695
      ],
      "vals": [
        0.8117647058823529
      ],
      "variance": 0.1383827311243621
    },
    {
      "hues": [
        0.3535720374974143,
        0.38582774881526655
      ],
      "lightness": 0.5337622549019609,
      "sats": [
        0.7565789473000001,
        0.6583333333
      ],
      "vals": [
        0.6666666666666667,
        1.0
      ],
      "variance": 0.43778244791180393
    }
  ]
}