{
  "cluster_map": "[7, 4, 7, 7, 0, 0, 0, 6, 6, 0, 0, 0, 6, 6, 6, 3, 7, 4, 7, 7, 0, 0, 0, 6, 0, 0, 0, 0, 3, 2, 3, 3, 7, 7, 8, 7, 0, 0, 0, 6, 6, 0, 0, 0, 3, 2, 3, 3, 8, 8, 8, 8, 0, 0, 0, 6, 8, 0, 0, 0, 2, 2, 10, 3, 7, 7, 8, 8, 0, 0, 0, 8, 8, 0, 0, 0, 0, 8, 8, 8, 7, 5, 5, 5, 0, 0, 0, 10, 8, 0, 0, 0, 5, 10, 10, 5, 1, 10, 5, 5, 0, 0, 0, 2, 2, 0, 0, 0, 5, 5, 5, 5, 1, 1, 1, 1, 0, 0, 0, 2, 2, 0, 0, 0, 11, 1, 1, 1, 1, 1, 2, 1, 0, 0, 0, 9, 4, 0, 0, 0, 11, 11, 1, 1, 2, 2, 2, 2, 0, 0, 0, 1, 4, 0, 0, 0, 10, 11, 10, 1, 2, 2, 2, 2, 0, 0, 0, 1, 1, 0, 0, 0, 2, 10, 2, 7, 3, 3, 3, 2, 0, 0, 0, 1, 1, 0, 0, 0, 2, 2, 2, 7, 3, 6, 6, 6, 0, 0, 0, 1, 1, 0, 0, 0, 10, 2, 1, 10, 3, 10, 6, 4, 0, 0, 0, 4, 1, 0, 0, 0, 1, 1, 1, 1, 10, 6, 6, 4, 0, 0, 0, 4, 1, 0, 0, 0, 2, 10, 1, 1, 6, 6, 6, 10, 0, 0, 0, 9, 1, 0, 0, 0, 2, 2, 1, 1]",
  "group_name": "binniecore\\assets\\botany\\textures\\blocks\\ceramic\\splitbarred.1.png",
  "segment_dicts": [
    {
      "hues": [
        0.6604278074829849,
        0.6651405247534233
      ],
      "lightness": 0.9627450980392157,
      "sats": [
        1.0,
        0.9777777778
      ],
      "vals": [
        0.9254901960784314,
        1.0
      ],
      "variance": 0.08810881597970742
    },
    {
      "hues": [
        0.684102514654739,
        0.687312976096354,
        0.6931724565963867,
        0.693570381479825,
        0.696261697016539,
        0.6992858811367672,
        0.7075247713248826,
        0.707970949185606,
        0.7091780237760381,
        0.709603675144785,
        0.711499416898571,
        0.711657398789868,
        0.7126402243564204,
        0.7160724180494058,
        0.7168004120294905,
        0.7174944794267981,
        0.7193590626678544,
        0.719728818058468,
        0.7200508921622428,
        0.7239947125751685,
        0.7286799539839768,
        0.7290509259239584,
        0.7368633357024149,
        0.7441722169429908,
        0.7473518640499354,
        0.7548088340002148,
        0.7566615940408657,
        0.762885838825235,
        0.7947201326520205,
        0.8030912862681249,
        0.8152482269503546,
        0.8240203615027496,
        0.8259138541709482
      ],
      "lightness": 0.9787284610814023,
      "sats": [
        0.9871506315506584,
        0.9757146711956954,
        0.9736574783492019,
        0.970262390670554,
        0.969770868261952,
        0.9695205245543337,
        0.9635720067935429,
        0.9620761451516954,
        0.9617659308621408,
        0.9611339734796526,
        0.9585392819979188,
        0.9565224130448261,
        0.9561780374634816,
        0.9547587942129966,
        0.9525699051398102,
        0.9494348602022605,
        0.9477985638699924,
        0.94696,
        0.9465331204335415,
        0.9456637545280204,
        0.9437830687830687,
        0.9411764705882353,
        0.9407123814247629,
        0.9402427783592933,
        0.9392866779892383,
        0.9328073656147312,
        0.9322751488071991,
        0.9311915683878033,
        0.9215686274509803,
        0.9209498418996838
      ],
      "vals": [
        0.9450980392156862,
        0.9490196078431372,
        0.9529411764705882,
        0.9568627450980393,
        0.9607843137254902,
        0.9647058823529412,
        0.9686274509803922,
        0.9725490196078431,
        0.9764705882352941,
        0.9803921568627451,
        0.984313725490196,
        0.9882352941176471,
        0.9921568627450981,
        0.996078431372549,
        1.0
      ],
      "variance": 0.3351474288290004
    },
    {
      "hues": [
        0.7308510638237588,
        0.7399918075332508,
        0.7402280983093218,
        0.7578196627480919,
        0.7584803698902295,
        0.7587288826439051,
        0.7589819110175912,
        0.7620854105793738,
        0.7663201628231654,
        0.7723399501484068,
        0.7733085267464496,
        0.7734716097994868,
        0.7767177633918978,
        0.7838982082707758,
        0.7848649614504537,
        0.7903961362412493,
        0.7924988797132065,
        0.7949609573212434,
        0.7952776930119011,
        0.7956895845763287,
        0.7978432981914048,
        0.7984550641314457,
        0.7985801367899011,
        0.8001770031733745,
        0.818412189001602,
        0.819470633267784,
        0.8237353206788618
      ],
      "lightness": 0.9846042120551926,
      "sats": [
        0.9839380196523053,
        0.9838097807971302,
        0.9835486524410897,
        0.9753229786616344,
        0.9747174301011302,
        0.971667116394978,
        0.9647058823529412,
        0.9629844679924517,
        0.9601618522395287,
        0.9588716311027242,
        0.9571687718355281,
        0.9543932101977107,
        0.9532694710537275,
        0.9486173972347944,
        0.9442265931353403,
        0.9433342327899558,
        0.9424202835438138,
        0.9407123814247629,
        0.936759873519747,
        0.9357520786092215,
        0.9352391231885208,
        0.9288548577097154,
        0.9254901960784314,
        0.9215686274509803
      ],
      "vals": [
        0.9568627450980393,
        0.9607843137254902,
        0.9647058823529412,
        0.9725490196078431,
        0.9764705882352941,
        0.984313725490196,
        0.9882352941176471,
        0.9921568627450981,
        0.996078431372549,
        1.0
      ],
      "variance": 0.30718045445212966
    },
    {
      "hues": [
        0.6835156993285759,
        0.7009459547719677,
        0.7023502553548256,
        0.7049526423239011,
        0.707790623323186,
        0.7086405009449193,
        0.7094677956312596,
        0.7126038504252831,
        0.7141504521097856,
        0.7177985555978484,
        0.7240768299322745,
        0.7432032897984829,
        0.7559196115688779
      ],
      "lightness": 0.9776772247360483,
      "sats": [
        0.9916405776196955,
        0.9651663137763814,
        0.9632799999999999,
        0.9611339734796526,
        0.9551200000000001,
        0.9543932101977107,
        0.9473817875906732,
        0.94696,
        0.9397675736961452,
        0.9388,
        0.9357520786092215,
        0.9317365835222977,
        0.9209498418996838
      ],
      "vals": [
        0.9490196078431372,
        0.9529411764705882,
        0.9686274509803922,
        0.9725490196078431,
        0.9803921568627451,
        0.984313725490196,
        0.9882352941176471,
        0.996078431372549
      ],
      "variance": 0.21957200285351805
    },
    {
      "hues": [
        0.8159341706687745,
        0.8173178475495866,
        0.8207370085013831,
        0.8210007446967008,
        0.8210923339163653,
        0.8260666986462878,
        0.8290536256574398,
        0.8325082893944079
      ],
      "lightness": 0.9818627450980393,
      "sats": [
        0.9738747353322861,
        0.9629844679924517,
        0.955476897192108,
        0.9486173972347944,
        0.9450980392156862,
        0.9437830687830687,
        0.9419549947970863,
        0.9357520786092215
      ],
      "vals": [
        0.9490196078431372,
        0.9725490196078431,
        0.9764705882352941,
        0.984313725490196,
        0.9882352941176471,
        0.996078431372549,
        1.0
      ],
      "variance": 0.17401374266294817
    },
    {
      "hues": [
        0.7284731364383102,
        0.734216142302169,
        0.7381367442439791,
        0.740014440326029,
        0.7471758905027421,
        0.7513321016413634,
        0.7554356741352134,
        0.760386705023511,
        0.7625940685174509,
        0.7802122965716943,
        0.7870201928385104
      ],
      "lightness": 0.9718360071301249,
      "sats": [
        0.99592,
        0.9953825260298778,
        0.9915035401915867,
        0.978584385917764,
        0.9762849525699051,
        0.9657350174684224,
        0.9588716311027242,
        0.9558295540438397,
        0.9510400000000001,
        0.9482104079113874,
        0.9347200000000001
      ],