{
  "cluster_map": "[0, 0, 0, 0, 0, 0, 0, 0, 0, 0, 0, 0, 0, 0, 0, 0, 0, 0, 0, 0, 0, 0, 0, 0, 0, 0, 0, 0, 0, 0, 0, 0, 0, 0, 0, 0, 0, 0, 2, 0, 0, 2, 2, 0, 2, 2, 0, 0, 0, 0, 0, 0, 0, 0, 2, 2, 2, 2, 0, 2, 2, 2, 0, 0, 0, 0, 0, 0, 0, 0, 0, 2, 2, 2, 2, 2, 2, 0, 0, 0, 0, 0, 0, 0, 0, 4, 1, 1, 1, 1, 2, 2, 2, 2, 0, 0, 0, 0, 0, 0, 4, 1, 1, 1, 1, 4, 1, 2, 2, 2, 2, 0, 0, 0, 0, 4, 1, 1, 1, 1, 1, 1, 1, 1, 2, 2, 0, 0, 0, 0, 0, 4, 1, 1, 1, 1, 1, 1, 1, 4, 2, 2, 2, 0, 0, 0, 0, 4, 1, 1, 1, 1, 1, 1, 1, 1, 2, 2, 0, 0, 0, 0, 4, 1, 1, 1, 1, 1, 1, 1, 1, 1, 0, 0, 0, 0, 0, 0, 1, 1, 1, 1, 1, 1, 1, 1, 1, 3, 0, 0, 0, 0, 0, 0, 1, 1, 1, 1, 1, 1, 1, 4, 3, 0, 0, 0, 0, 0, 0, 0, 4, 1, 1, 1, 1, 1, 0, 3, 0, 0, 0, 0, 0, 0, 0, 0, 0, 4, 1, 1, 1, 1, 0, 0, 0, 0, 0, 0, 0, 0, 0, 0, 0, 0, 0, 0, 0, 0, 0, 0, 0, 0, 0, 0, 0, 0]",
  "group_name": "harvestcraft\\assets\\harvestcraft\\textures\\items\\strawberryItem.png",
  "segment_dicts": [
    {
      "hues": [
        0.12328462545607775
      ],
      "lightness": 0.3843137254901961,
      "sats": [
        0.6141176470396081
      ],
      "vals": [
        0.9959349593
      ],
      "variance": 0.06237781024480981
    },
    {
      "hues": [
        0.3875816993464052,
        0.39215686274509803,
        0.3934640522875817,
        0.396078431372549,
        0.39661013605743295,
        0.39999999999999997,
        0.40653594771241836,
        0.40980960500142083,
        0.4111166973912072,
        0.41143790849673206,
        0.4143790849673203,
        0.4150326797385621,
        0.41633986928104577,
        0.41634509803921566,
        0.4169934640522876,
        0.41797385620915034,
        0.4196078431372549,
        0.4212418300653595,
        0.42287581699346405,
        0.4241830065359477,
        0.42549019607843136,
        0.4326797385620915,
        0.43856209150326797,
        0.4438269377280564,
        0.44575547866205306,
        0.44640522875816996,
        0.44771619630511167,
        0.4503267973856209,
        0.45033049001144715,
        0.4509840640376,
        0.4516339869281046,
        0.4529447874914238,
        0.4531916559038785,
        0.4542519375691989,
        0.4549163255045608,
        0.4568662402572437,
        0.4588269693842449,
        0.46458704693998815,
        0.47002359129055965,
        0.4705882352941176,
        0.47060092645472423,
        0.47222222222222227,
        0.4751633986928105,
        0.477124183006536,
        0.4825025960539979,
        0.4886031311749506,
        0.5437460617517328,
        0.5463600918656198,
        0.5510522660881643,
        0.552192808513451
      ],
      "lightness": 0.6212715389185978,
      "sats": [
        1.0,
        0.9861125872061856
      ],
      "vals": [
        0.8989361702127661,
        0.9019607843137255,
        0.9294117647058824,
        0.9361702127659574,
        0.9450980392156862,
        0.9513274336283186,
        0.9542857142857143,
        0.9647058823529412,
        0.9683257918552036,
        0.9819277108433736,
        0.9891304347826088,
        0.9897959183673469,
        0.9903846153846154,
        0.9913793103448276,
        0.9915254237288136,
        0.9920634920634921,
        0.9941520467836258,
        0.9942528735632185,
        0.9943820224719101,
        0.9944134078212291,
        0.9945054945054945,
        0.9945652173913043,
        0.9946808510638298,
        0.9947643979057592,
        1.0
      ],
      "variance": 0.45875559436375074
    },
    {
      "hues": [
        0.26306861622094796,
        0.30552563550315953,
        0.30825393859240924,
        0.3106716317789855,
        0.3125680463282947,
        0.31570756578135745,
        0.31831235141826747,
        0.32013814881364927,
        0.3249356903626466,
        0.3306105846723508,
        0.33890473982522934,
        0.34076247668101023,
        0.3427873922824733,
        0.34308801490758434,
        0.34480746999296713,
        0.34719108842963037,
        0.3497081562283677,
        0.3516666196807412,
        0.3636707902208767,
        0.3709290632075221,
        0.3712924633582026,
        0.38859178314006587,
        0.3903469080057756,
        0.395420536639491,
        0.40251782531194297,
        0.41433748360885886,
        0.41798018195836284,
        0.42309391795643214,
        0.43330963103608183,
        0.4697383747546313,
        0.49174040971005306,
        0.49313631501202887,
        0.5008193779075242
      ],
      "lightness": 0.39904931669637556,
      "sats": [
        0.8274509803921568,
        0.8117647058823529,
        0.792156862745098,
        0.78359343737495,
        0.7803921568627451,
        0.7607843137254902,
        0.7562189055,
        0.7510913799482057,
        0.7438236138669492,
        0.7330882352941176,
        0.73216,
        0.7178936871475806,
        0.7142344153813559,
        0.7134374999649999,
        0.697920604907826,
        0.6951721865411764,
        0.68125,
        0.6763368398076923,
        0.6759571513422535,
        0.6709747941944444,
        0.6586289610426965,
        0.6579763160181102,
        0.6485403275356061,
        0.6388518354046243,
        0.6303539165195876,
        0.6172204418597403,
        0.5964013841129412,
        0.5939697133523257,
        0.5851211072211765,
        0.5771852933891891,
        0.5205704099821746,
        0.5177777778399999,
        0.4814814815333334
      ],
      "vals": [
        0.6274509803921569,
        0.6428571428571429,
        0.6554054054054054,
        0.6707317073170732,
        0.6784313725490196,
        0.7142857142857142,
        0.7175141242937854,
        0.7292817679558011,
        0.7798165137614679,
        0.787037037037037,
        0.8040540540540541,
        0.8043478260869564,
        0.8156028368794327,
        0.8372093023255813,
        0.855072463768116,
        0.8651685393258427,
        0.8671328671328671,
        0.8686868686868687,
        0.8765432098765433,
        0.9137931034482758,
        0.9176470588235294,
        0.9259259259259259,
        0.9270833333333333,
        0.9423076923076923,
        0.9523809523809523,
        0.959349593495935,
        0.9696969696969696,
        1.0
      ],
      "variance": 0.3627827465122987
    },
    {
      "hues": [
        0.39281045751633986,
        0.3954318645020732,
        0.3974495595339585
      ],
      "lightness": 0.36601307189542487,
      "sats": [
        1.0
      ],
      "vals": [
        0.968421052631579,
        0.9893617021276596,
        1.0
      ],
      "variance": 0.10763506500481411
    },
    {
      "hues": [
        0.09174863880132533,
        0.11271409787751081,
        0.13297718348222823,
        0.13827209594829631,
        0.13862527812342637,
        0.15130882659583564,
        0.15134143051090804,
        0.15400383062672557,
        0.16710320883060112,
        0.1671191023739035,
        0.16719135800999996
      ],
      "lightness": 0.5483065953654189,
      "sats": [
        0.596078431372549,
        0.485594078702798,
        0.4784313725490196,
        0.476092499787699,
        0.47378498984131845,
        0.4730818414323682,
        0.4699033558899229,
        0.46206069690694174,
        0.43779597916538715,
        0.31143025774484695,
        0.2941176470588235
      ],
      "vals": [
        0.9955357143,
        0.9966666667,
        0.9972899729,
        0.9974747475,
        0.9986225895,
        0.9986772487,
        0.9987080103,
        0.9987277354,
        1.0
      ],
      "variance": 0.20498571456973272
    }
  ]
}