{
  "cluster_map": "[0, 0, 0, 0, 0, 0, 0, 0, 0, 0, 0, 0, 0, 0, 0, 0, 0, 0, 0, 0, 0, 0, 0, 0, 0, 0, 0, 0, 0, 0, 0, 0, 0, 0, 0, 0, 0, 0, 0, 0, 0, 0, 0, 0, 0, 0, 0, 0, 0, 0, 0, 0, 0, 0, 0, 0, 0, 0, 0, 0, 0, 0, 0, 0, 1, 1, 1, 1, 0, 0, 0, 0, 2, 2, 1, 1, 0, 0, 0, 0, 1, 1, 1, 1, 0, 0, 0, 0, 1, 1, 1, 1, 0, 0, 0, 0, 1, 1, 1, 1, 0, 0, 0, 0, 1, 1, 1, 0, 0, 0, 0, 0, 1, 1, 1, 1, 0, 0, 0, 0, 1, 1, 1, 0, 0, 0, 0, 0, 0, 0, 0, 0, 0, 0, 0, 0, 0, 0, 0, 0, 0, 0, 0, 0, 0, 0, 0, 0, 0, 0, 0, 0, 0, 0, 0, 0, 0, 0, 0, 0, 0, 0, 0, 0, 0, 0, 0, 0, 0, 0, 0, 0, 0, 0, 0, 0, 0, 0, 0, 0, 0, 0, 0, 0, 0, 0, 0, 0, 0, 0, 0, 0, 1, 1, 1, 1, 0, 0, 0, 0, 2, 2, 1, 1, 0, 0, 0, 0, 1, 1, 1, 0, 0, 0, 0, 0, 1, 1, 1, 1, 0, 0, 0, 0, 1, 1, 1, 0, 0, 0, 0, 0, 1, 1, 1, 1, 0, 0, 0, 0, 1, 1, 1, 0, 0, 0, 0, 0, 1, 1, 1, 1, 0, 0, 0, 0]",
  "group_name": "binniecore\\assets\\extratrees\\textures\\blocks\\patterns\\stripedcorner2.1.png",
  "segment_dicts": [
    {
      "hues": [
        0.6666666666666666
      ],
      "lightness": 0.6823529411764706,
      "sats": [
        1.0
      ],
      "vals": [
        0.6274509803921569,
        0.6862745098039216,
        0.7058823529411765
      ],
      "variance": 0.1385085413771884
    },
    {
      "hues": [
        0.6666666666666666
      ],
      "lightness": 0.8146167557932262,
      "sats": [
        1.0
      ],
      "vals": [
        0.6078431372549019,
        0.6274509803921569,
        0.6470588235294118,
        0.6666666666666666,
        0.6862745098039216,
        0.7058823529411765,
        0.8235294117647058,
        0.8431372549019608,
        0.8823529411764706,
        0.9215686274509803,
        0.9607843137254902,
        1.0
      ],
      "variance": 0.41728371467025754
    },
    {
      "hues": [
        0.6666666666666666
      ],
      "lightness": 0.9509803921568627,
      "sats": [
        1.0
      ],
      "vals": [
        0.9215686274509803,
        0.9607843137254902
      ],
      "variance": 0.12403967634266297
    }
  ]
}