{
  "cluster_map": "[0, 0, 0, 0, 0, 0, 0, 0, 0, 0, 0, 0, 0, 0, 0, 0, 0, 0, 0, 0, 0, 0, 0, 0, 0, 0, 0, 0, 0, 0, 0, 0, 0, 0, 0, 2, 2, 2, 2, 2, 0, 2, 0, 2, 0, 0, 0, 0, 0, 0, 0, 2, 2, 2, 2, 2, 2, 2, 0, 2, 0, 0, 0, 0, 0, 0, 0, 0, 2, 2, 2, 2, 2, 2, 2, 2, 2, 0, 0, 0, 0, 0, 0, 0, 0, 1, 1, 2, 2, 2, 1, 2, 2, 2, 0, 0, 0, 0, 0, 0, 0, 0, 2, 2, 2, 2, 2, 2, 2, 2, 0, 0, 0, 0, 0, 0, 0, 2, 2, 2, 2, 2, 2, 2, 2, 2, 0, 0, 0, 0, 0, 0, 2, 2, 2, 2, 2, 2, 2, 2, 2, 2, 0, 0, 0, 0, 0, 0, 2, 2, 2, 2, 2, 2, 2, 2, 2, 2, 0, 0, 0, 0, 0, 0, 2, 2, 2, 2, 2, 2, 2, 2, 2, 2, 0, 0, 0, 0, 0, 0, 2, 2, 2, 2, 2, 2, 2, 2, 2, 2, 0, 0, 0, 0, 0, 0, 0, 2, 2, 2, 2, 2, 2, 2, 2, 0, 0, 0, 0, 0, 0, 0, 0, 0, 2, 2, 2, 2, 2, 2, 0, 0, 0, 0, 0, 0, 0, 0, 0, 0, 0, 0, 0, 0, 0, 0, 0, 0, 0, 0, 0, 0, 0, 0, 0, 0, 0, 0, 0, 0, 0, 0, 0, 0, 0, 0]",
  "group_name": "forbidden\\assets\\forbidden\\textures\\items\\taint_fruit.png",
  "segment_dicts": [
    {
      "hues": [
        0.38308823528242647,
        0.5229512051734274
      ],
      "lightness": 0.5176470588235293,
      "sats": [
        0.9114583333333334,
        0.8888888887999999
      ],
      "vals": [
        0.5,
        0.8470588235294118
      ],
      "variance": 0.10447585612557331
    },
    {
      "hues": [
        0.38308823528242647
      ],
      "lightness": 0.18823529411764706,
      "sats": [
        0.8888888887999999
      ],
      "vals": [
        0.5
      ],
      "variance": 0.10761701026528057
    },
    {
      "hues": [
        0.9304529371178859,
        0.9779716959817543,
        0.9794377510053638,
        0.034253895137879076,
        0.03508813186228332,
        0.07516050367849002,
        0.0852939773631629,
        0.17389824741092394,
        0.17716804496436311,
        0.17833957554756555,
        0.18167467893278091,
        0.19187635426619107,
        0.2044444444746667,
        0.5159574467969669
      ],
      "lightness": 0.35872646088138227,
      "sats": [
        0.8936974789934949,
        0.85359477124183,
        0.7854795972419839,
        0.5816993464052288,
        0.5642631246046806,
        0.5455054748959905,
        0.5407776669857711,
        0.5193992490776875,
        0.4701298701298702,
        0.4354676836912086,
        0.43337774818223296,
        0.2644839067702552,
        0.16339869281045752,
        0.040798611140625
      ],
      "vals": [
        0.746987951807229,
        0.75,
        0.75177304964539,
        0.7529411764705882,
        0.7549019607843138,
        0.8355555556,
        0.835978836,
        0.8368794326,
        0.8369565217,
        0.8409090909,
        0.8484848485,
        0.9791666667
      ],
      "variance": 0.6076460042762518
    }
  ]
}