{
  "cluster_map": "[0, 0, 0, 0, 0, 0, 0, 0, 0, 0, 0, 0, 0, 0, 0, 0, 0, 0, 0, 0, 0, 0, 0, 0, 0, 0, 0, 0, 0, 0, 0, 0, 0, 0, 0, 0, 0, 0, 1, 1, 1, 1, 0, 0, 0, 0, 0, 0, 0, 0, 0, 0, 1, 1, 1, 0, 0, 1, 1, 1, 0, 0, 0, 0, 0, 0, 0, 1, 1, 0, 0, 0, 0, 0, 0, 1, 1, 0, 0, 0, 0, 0, 0, 0, 0, 0, 0, 0, 0, 0, 0, 0, 0, 0, 0, 0, 0, 0, 0, 0, 0, 0, 0, 0, 0, 0, 0, 0, 0, 0, 0, 0, 0, 0, 0, 0, 0, 0, 0, 0, 0, 0, 0, 0, 0, 0, 0, 0, 0, 0, 0, 0, 0, 0, 0, 0, 0, 0, 0, 0, 0, 0, 0, 0, 0, 0, 0, 0, 0, 0, 0, 0, 0, 0, 0, 0, 0, 0, 0, 0, 0, 0, 0, 0, 0, 0, 0, 0, 0, 0, 0, 0, 0, 0, 0, 0, 0, 0, 0, 1, 1, 0, 0, 0, 0, 0, 0, 1, 1, 0, 0, 0, 0, 0, 0, 0, 1, 1, 1, 0, 0, 1, 1, 1, 0, 0, 0, 0, 0, 0, 0, 0, 0, 0, 1, 1, 1, 1, 0, 0, 0, 0, 0, 0, 0, 0, 0, 0, 0, 0, 0, 0, 0, 0, 0, 0, 0, 0, 0, 0, 0, 0, 0, 0, 0, 0, 0, 0, 0, 0, 0, 0, 0, 0, 0, 0]",
  "group_name": "binniecore\\assets\\extrabees\\textures\\items\\machines\\template.blank.png",
  "segment_dicts": [
    {
      "hues": [
        0.7024207254753078,
        0.7235095504827811,
        0.7246567479880047,
        0.7278904652117534,
        0.7345323118852334,
        0.7358316977428853,
        0.7457925442739975,
        0.7686106582155946,
        0.7698091999115815,
        0.7710580201645819,
        0.7749735753539514,
        0.7763171277550684,
        0.7764648625105428,
        0.780031469081362,
        0.7815515919176746,
        0.7864194544193017
      ],
      "lightness": 0.7954828222583444,
      "sats": [
        0.8832453221818626,
        0.8644258034026465,
        0.8584368151935721,
        0.8525841137703782,
        0.8484891353553643,
        0.8468643655809432,
        0.8375346260387811,
        0.8322414407499794,
        0.8304709141274239,
        0.7056786703601108,
        0.6899912308673469,
        0.6834231125326151,
        0.6787657887664605,
        0.6370036934441367,
        0.6239011042325682,
        0.6101420177199801
      ],
      "vals": [
        0.7098039215686275,
        0.7215686274509804,
        0.7254901960784313,
        0.7294117647058823,
        0.7333333333333333,
        0.7372549019607844,
        0.7450980392156863,
        0.7490196078431373,
        0.8549019607843137,
        0.8784313725490196,
        0.8901960784313725,
        0.8941176470588236,
        0.9137254901960784,
        0.9568627450980393
      ],
      "variance": 0.26343933562890015
    },
    {
      "hues": [
        0.7545598531186369,
        0.7550580869542554,
        0.7551841473104818,
        0.7580423477928773,
        0.7583175760875306,
        0.7623165030306569,
        0.7653549429077052,
        0.7687422438014712,
        0.7710580201645819,
        0.7736506111897042,
        0.7776839776300771,
        0.7785504814212096,
        0.7797902233179262,
        0.7815515919176746,
        0.7834656176023005,
        0.7900338655157494,
        0.7910208581355592,
        0.7941271146586647,
        0.8008278805875841
      ],
      "lightness": 0.7664666043095681,
      "sats": [
        0.917678202479339,
        0.9104663410897252,
        0.8999704080992136,
        0.896538809650136,
        0.8832453221818626,
        0.878029336734694,
        0.8723963220116344,
        0.8694744169857292,
        0.867604110329908,
        0.8674818071823517,
        0.8644258034026465,
        0.8638305446778213,
        0.8584368151935721,
        0.8525841137703782,
        0.8483045806067817,
        0.8412743322770484,
        0.8390192166864473,
        0.8373897332341376,
        0.8304709141274239
      ],
      "vals": [
        0.6901960784313725,
        0.6941176470588235,
        0.7,
        0.7019607843137254,
        0.7098039215686275,
        0.7196078431372549,
        0.7215686274509804,
        0.7254901960784313,
        0.7294117647058823,
        0.7372549019607844,
        0.7450980392156863,
        0.7607843137254902,
        0.7803921568627451,
        0.803921568627451,
        0.8313725490196079,
        0.8431372549019608,
        0.8588235294117647,
        0.8666666666666667,
        0.8784313725490196
      ],
      "variance": 0.302891822281681
    }
  ]
}