{
  "cluster_map": "[0, 0, 0, 0, 0, 0, 0, 0, 6, 6, 6, 6, 1, 1, 2, 2, 0, 0, 0, 0, 0, 0, 0, 2, 8, 8, 8, 8, 1, 1, 7, 2, 0, 0, 0, 0, 0, 0, 2, 2, 8, 8, 8, 8, 1, 1, 7, 1, 0, 0, 0, 0, 0, 5, 2, 0, 1, 5, 8, 1, 1, 7, 1, 1, 0, 0, 0, 0, 0, 5, 2, 2, 1, 5, 5, 1, 1, 7, 1, 3, 0, 0, 0, 1, 1, 5, 1, 1, 7, 0, 0, 6, 6, 7, 7, 3, 0, 0, 4, 1, 1, 5, 1, 1, 7, 5, 5, 1, 1, 3, 3, 3, 0, 1, 4, 1, 1, 1, 1, 5, 9, 9, 5, 5, 1, 6, 6, 10, 1, 1, 4, 1, 1, 9, 5, 5, 5, 9, 5, 1, 6, 6, 6, 0, 1, 4, 4, 4, 9, 9, 9, 9, 9, 6, 9, 4, 4, 4, 0, 0, 3, 1, 4, 11, 6, 6, 9, 9, 6, 6, 4, 4, 4, 0, 0, 0, 3, 3, 3, 11, 11, 6, 1, 1, 6, 9, 9, 4, 0, 0, 0, 0, 3, 3, 3, 5, 11, 1, 1, 8, 8, 8, 9, 0, 0, 0, 0, 0, 5, 5, 5, 5, 5, 1, 1, 1, 9, 8, 0, 0, 0, 0, 0, 0, 11, 1, 1, 5, 11, 2, 2, 5, 5, 0, 0, 0, 0, 0, 0, 0, 11, 1, 1, 5, 5, 2, 2, 5, 0, 0, 0, 0, 0, 0, 0, 0]",
  "group_name": "binniecore\\assets\\botany\\textures\\blocks\\ceramic\\thickdiagonal2.0.png",
  "segment_dicts": [
    {
      "hues": [
        0.6597004813497462,
        0.6597787349715646,
        0.677729683830888,
        0.6868945172660924
      ],
      "lightness": 0.9725490196078431,
      "sats": [
        1.0,
        0.9782289461102385,
        0.9647741400728347,
        0.9547587942129966
      ],
      "vals": [
        0.9490196078431372,
        0.9686274509803922,
        0.9764705882352941,
        0.996078431372549
      ],
      "variance": 0.12403853946482779
    },
    {
      "hues": [
        0.6598666666666667,
        0.6627014795532099,
        0.6659811938517121,
        0.6720269216657494,
        0.6757989966436133,
        0.6777465622065225,
        0.6864439324190189,
        0.6866362060379948,
        0.6868920590106494,
        0.6880471901397226,
        0.6895377812154857,
        0.6898008575411643,
        0.6900061544308337,
        0.6912201613133292,
        0.6919362355229395,
        0.6930758988076343,
        0.6960487612650277,
        0.6968731476009683,
        0.6970457502999206,
        0.6989718737097848,
        0.7015996308648628,
        0.7032312925170068,
        0.7037345385273152,
        0.7040176353743169,
        0.7048365621736301,
        0.7071435076336529,
        0.7079025788774963,
        0.7086666666723334,
        0.7102008883504946,
        0.7104838571316261,
        0.7112578671196953,
        0.7119249961464003,
        0.7126402243564204,
        0.712999777692532,
        0.7207810196989747,
        0.720939537887172,
        0.7226335125984898,
        0.72325787837834,
        0.7242105761532454,
        0.7244912363036526,
        0.7247899159583334,
        0.7289205238266995,
        0.7302176612664342,
        0.7350314112298751,
        0.7399918075332508,
        0.7404987406410655,
        0.763482269509454,
        0.766970479313892,
        0.807571821521954,
        0.8267620024968733
      ],
      "lightness": 0.9738039215686274,
      "sats": [
        1.0,
        0.9909963985594238,
        0.9874608664295432,
        0.9830070803831736,
        0.9828675087342112,
        0.9819927971188475,
        0.9803921568627451,
        0.9799225245653816,
        0.978758850478967,
        0.978584385917764,
        0.9778645833333333,
        0.9760971113437173,
        0.9749217328590863,
        0.9740893156531018,
        0.9725490196078431,
        0.9721132965676701,
        0.9718915343915344,
        0.9712101417719069,
        0.9709774973985432,
        0.9705036684513186,
        0.970262390670554,
        0.9676195615942604,
        0.9670973048821794,
        0.9662899068015071,
        0.9654524208708023,
        0.9644274288548578,
        0.9629844679924517,
        0.9611339734796526,
        0.9607843137254902,
        0.960474920949842,
        0.9578623835018838,
        0.957499999966,
        0.9571687718355281,
        0.9568627450980393,
        0.9543932101977107,
        0.9461010665972944,
        0.9450980392156862,
        0.9388,
        0.9383074466540863,
        0.9352391231885208,
        0.9333333333333333,
        0.9317365835222977,
        0.9249023498046995
      ],
      "vals": [
        0.9333333333333333,
        0.9411764705882353,
        0.9529411764705882,
        0.9568627450980393,
        0.9607843137254902,
        0.9647058823529412,
        0.9686274509803922,
        0.9725490196078431,
        0.9764705882352941,
        0.9803921568627451,
        0.984313725490196,
        0.9882352941176471,
        0.9921568627450981,
        0.996078431372549,
        1.0
      ],
      "variance": 0.39652838448237
    },
    {
      "hues": [
        0.7232459857250738,
        0.7294164435026648,
        0.7325373083842891,
        0.7476177518833899,
        0.7551679802027323,
        0.7602161568788639,
        0.7609319656873076,
        0.7756749423344017,
        0.7869648619685244,
        0.7894631120481287,
        0.797932243578446,
        0.8118245289692737,
        0.8157145168195509
      ],
      "lightness": 0.9828054298642535,
      "sats": [
        0.9878573355978476,
        0.98776,
        0.9800809261197644,
        0.9799225245653816,
        0.9751235691987513,
        0.9705036684513186,
        0.9683799367598735,
        0.9617659308621408,
        0.955476897192108,
        0.9456637545280204,
        0.9328073656147312,
        0.9317365835222977,
        0.9176470588235294
      ],
      "vals": [
        0.9607843137254902,
        0.9647058823529412,
        0.9686274509803922,
        0.9725490196078431,
        0.9803921568627451,
        0.984313725490196,
        0.9882352941176471,
        0.9921568627450981,
        0.996078431372549,
        1.0
      ],
      "variance": 0.21956842580971653
    },
    {
      "hues": [
        0.673930528326547,
        0.693277310922619,
        0.7105636695297116,
        0.7232900041647637,
        0.7272135746734438,
        0.7319466550350455,
        0.7365822564930952,
        0.7493746030651364,
        0.7534250670493176,
        0.7536921856138871,
        0.7701663915868521,
        0.7734072218365692
      ],
      "lightness": 0.9738562091503267,
      "sats": [
        0.9913631052177005,
        0.99084314852054,
        0.9825831568881908,
        0.9644274288548578,
        0.9620761451516954,
        0.954023176908325,
        0.9424202835438138,
        0.9402427783592933,
        0.9397675736961452,
        0.9352391231885208,
        0.9333333333333333,
        0.9317365835222977
      ],
      "vals": [
        0.9254901960784314,
        0.9490196078431372,
        0.9529411764705882,
        0.9647058823529412,
        0.9686274509803922,
        0.9764705882352941,
        0.984313725490196,
        0.9882352941176471,
        0.9921568627450981,
        0.996078431372549,
        1.0
      ],
      "variance": 0.21142511589146232
    },
    {
      "hues": [
        0.7005800981666667,
        0.7156276308150824,
        0.715922370510443,
        0.7218898409625987,
        0.7327895771507205,
        0.7408551685874617,
        0.7472664641626889,
        0.7539212051416234,
        0.7614094553432539,
        0.7800492968017472,
        0.7877843576819653,
        0.8035255447608035,
        0.80756028867588,
        0.810744680845156
      ],
      "lightness": 0.9747899159663864,
      "sats": [
        0.9919048903985651,
        0.99084314852054,
        0.9832811552393909,
        0.978758850478967,
        0.9764705882352941,
        0.9753229786616344,
        0.9644274288548578,
        0.9614518946519752,
        0.9575177009579342,
        0.9494348602022605,
        0.9437830687830687,
        0.9402427783592933,
        0.9317365835222977,
        0.9311915683878033
      ],
      "vals": [
        0.9254901960784314,
        0.9568627450980393,
        0.9607843137254902,
        0.9647058823529412,
        0.9686274509803922,
        0.9764705882352941,
        0.984313725490196,
        0.9882352941176471,
        0.9921568627450981,
        0.996078431372549,
        1.0
      ],