{
  "cluster_map": "[2, 2, 2, 3, 3, 3, 0, 0, 0, 0, 0, 0, 0, 0, 0, 0, 2, 2, 2, 3, 3, 3, 0, 0, 0, 0, 0, 0, 0, 0, 0, 0, 2, 2, 2, 3, 3, 3, 3, 0, 0, 0, 0, 0, 0, 0, 0, 0, 0, 0, 0, 3, 3, 3, 3, 1, 1, 1, 0, 0, 0, 0, 0, 0, 0, 0, 0, 0, 3, 3, 1, 1, 1, 1, 1, 0, 0, 0, 0, 0, 0, 0, 0, 0, 1, 1, 1, 1, 1, 1, 1, 1, 0, 0, 0, 0, 0, 0, 0, 1, 1, 1, 1, 1, 1, 1, 1, 1, 1, 0, 0, 0, 0, 0, 0, 1, 1, 1, 1, 1, 1, 1, 1, 1, 1, 1, 0, 0, 0, 0, 0, 1, 1, 1, 1, 1, 1, 1, 1, 1, 1, 0, 0, 0, 0, 0, 0, 1, 1, 1, 1, 1, 1, 1, 1, 1, 1, 0, 0, 0, 0, 0, 0, 0, 1, 1, 1, 1, 1, 1, 1, 1, 1, 0, 0, 0, 0, 0, 0, 0, 0, 1, 1, 1, 1, 1, 1, 1, 1, 1, 0, 0, 0, 0, 0, 0, 0, 0, 1, 1, 1, 0, 1, 1, 1, 1, 2, 2, 0, 0, 0, 0, 0, 0, 0, 0, 0, 0, 0, 1, 1, 2, 2, 2, 0, 0, 0, 0, 0, 0, 0, 0, 0, 0, 0, 0, 2, 2, 2, 2, 0, 0, 0, 0, 0, 0, 0, 0, 0, 0, 0, 0, 2, 2, 2, 2]",
  "group_name": "binniecore\\assets\\extratrees\\textures\\blocks\\glass\\thickdiagonal2edged.0.png",
  "segment_dicts": [
    {
      "hues": [
        0.6666666666666666
      ],
      "lightness": 1.0000000000000009,
      "sats": [
        1.0
      ],
      "vals": [
        1.0
      ],
      "variance": 0.4970002790177784
    },
    {
      "hues": [
        0.6666666666666666
      ],
      "lightness": 1.0000000000000018,
      "sats": [
        1.0
      ],
      "vals": [
        1.0
      ],
      "variance": 0.46953060004114666
    },
    {
      "hues": [
        0.6666666666666666
      ],
      "lightness": 0.9999999999999999,
      "sats": [
        1.0
      ],
      "vals": [
        1.0
      ],
      "variance": 0.2802717361664391
    },
    {
      "hues": [
        0.6666666666666666
      ],
      "lightness": 0.9999999999999997,
      "sats": [
        1.0
      ],
      "vals": [
        1.0
      ],
      "variance": 0.24206145913796365
    }
  ]
}