{
  "cluster_map": "[0, 0, 0, 0, 0, 0, 0, 0, 0, 0, 0, 0, 0, 0, 0, 0, 0, 0, 0, 0, 0, 0, 0, 0, 0, 0, 0, 0, 0, 0, 0, 0, 2, 4, 4, 4, 4, 4, 4, 4, 0, 4, 4, 0, 0, 10, 7, 7, 3, 3, 2, 0, 0, 0, 0, 2, 0, 4, 2, 0, 0, 10, 2, 2, 3, 4, 4, 4, 0, 0, 4, 4, 4, 4, 4, 2, 10, 10, 10, 9, 2, 9, 9, 2, 3, 9, 9, 4, 4, 2, 0, 0, 10, 9, 9, 9, 2, 4, 9, 3, 3, 9, 9, 9, 2, 2, 3, 2, 9, 9, 9, 9, 4, 4, 4, 2, 3, 4, 4, 2, 3, 3, 3, 3, 5, 5, 9, 9, 11, 11, 11, 4, 3, 4, 2, 2, 3, 3, 3, 3, 5, 9, 9, 9, 0, 11, 11, 4, 9, 3, 3, 3, 3, 4, 4, 2, 2, 3, 3, 3, 0, 2, 4, 4, 9, 9, 8, 3, 3, 4, 1, 1, 1, 2, 6, 6, 5, 5, 2, 1, 1, 1, 1, 4, 4, 4, 4, 1, 1, 1, 1, 2, 5, 5, 5, 1, 8, 4, 4, 4, 8, 8, 8, 4, 4, 1, 1, 1, 5, 5, 8, 1, 1, 4, 8, 4, 4, 5, 5, 4, 4, 4, 1, 1, 0, 0, 3, 4, 4, 8, 4, 4, 4, 8, 3, 3, 3, 4, 0, 0, 0, 0, 3, 8, 8, 8, 8, 4, 4, 8, 3, 3, 4, 4, 0, 0]",
  "group_name": "binniecore\\assets\\botany\\textures\\blocks\\ceramic\\thicktsection2.0.png",
  "segment_dicts": [
    {
      "hues": [
        0.6667739033718392,
        0.6782296267787434,
        0.6863894351861436,
        0.686700484161823,
        0.6889787871737604,
        0.6917558756770634,
        0.6961970337749537,
        0.6990735532266544,
        0.7009459547719677,
        0.7016965481922691,
        0.7019550674084748,
        0.702158429260181,
        0.7036885803671566,
        0.7058009510796271,
        0.7506756534771949,
        0.7800465148154542
      ],
      "lightness": 0.9796568627450981,
      "sats": [
        0.9839380196523053,
        0.9802374604749209,
        0.9796000000000001,
        0.9665623104787818,
        0.9662899068015071,
        0.9660141607663474,
        0.9644274288548578,
        0.9623825992886296,
        0.9620761451516954,
        0.9578623835018838,
        0.9565224130448261,
        0.9473817875906732,
        0.9465331204335415,
        0.9433342327899558,
        0.9357520786092215,
        0.9282913340311518
      ],
      "vals": [
        0.9607843137254902,
        0.9647058823529412,
        0.9686274509803922,
        0.9764705882352941,
        0.9803921568627451,
        0.984313725490196,
        0.9882352941176471,
        0.9921568627450981,
        0.996078431372549
      ],
      "variance": 0.2420819431803879
    },
    {
      "hues": [
        0.6868227922535354,
        0.6902215273720468,
        0.6956055468253709,
        0.7003843959638867,
        0.7019550674084748,
        0.7056694727759654,
        0.7082241794906352,
        0.7110612249436672,
        0.711079149232915,
        0.7196607220470277,
        0.7201531422870402,
        0.7213345529438406,
        0.7242189436045231,
        0.7287540078904785,
        0.7513514108198303,
        0.7617417839667621,
        0.7697278911506803,
        0.8071711908366487,
        0.8098450646359446
      ],
      "lightness": 0.9742002063983487,
      "sats": [
        0.987358715050565,
        0.9784077630442515,
        0.978047898624335,
        0.9753229786616344,
        0.9705036684513186,
        0.9662899068015071,
        0.9660141607663474,
        0.9607843137254902,
        0.9575177009579342,
        0.954023176908325,
        0.9518140589569161,
        0.9510400000000001,
        0.9498434657181727,
        0.9424202835438138,
        0.9372549019607843,
        0.9347200000000001,
        0.9328073656147312,
        0.9322751488071991
      ],
      "vals": [
        0.9450980392156862,
        0.9529411764705882,
        0.9607843137254902,
        0.9647058823529412,
        0.9686274509803922,
        0.9764705882352941,
        0.9803921568627451,
        0.9882352941176471,
        0.9921568627450981,
        0.996078431372549,
        1.0
      ],
      "variance": 0.26216139430934826
    },
    {
      "hues": [
        0.6569298820064896,
        0.6573710988558901,
        0.6575330987095693,
        0.6579664273116653,
        0.660224089632525,
        0.6613549136319371,
        0.6620554074441483,
        0.6669849286199937,
        0.667873881556952,
        0.6681000144096814,
        0.6701383783508308,
        0.6723317293006145,
        0.6742286317280337,
        0.6750351673919962,
        0.6753509815585321,
        0.6754557937886639,
        0.6765957446748226,
        0.6777127164164364,
        0.6845654946674382,
        0.6852406713283776,
        0.692263822919128,
        0.693239896099816,
        0.694241714045441,
        0.6948354496833677
      ],
      "lightness": 0.9875816993464052,
      "sats": [
        1.0,
        0.9901185770434783,
        0.9871794872,
        0.986380387758372,
        0.9841899683799367,
        0.975,
        0.9721132965676701,
        0.963860544217687,
        0.9598450491307633,
        0.9558295540438397,
        0.9551200000000001,
        0.9536486218520721,
        0.9521942226874345,
        0.9518140589569161,
        0.9465331204335415,
        0.9388,
        0.9288548577097154,
        0.9249023498046995,
        0.9215686274509803,
        0.9209498418996838
      ],
      "vals": [
        0.9294117647058824,
        0.9647058823529412,
        0.9764705882352941,
        0.9803921568627451,
        0.9882352941176471,
        0.9921568627450981,
        0.996078431372549,
        1.0
      ],
      "variance": 0.2915153893588595
    },
    {
      "hues": [
        0.6860660014806875,
        0.6986004721495921,
        0.7172137646658738,
        0.7222081646481108,
        0.7264852815629603,
        0.7264883589451673,
        0.7272811864095617,
        0.7282224249407848,
        0.7299325321554729,
        0.7338128159466808,
        0.7385973936841563,
        0.7391400740415314,
        0.7412925886984206,
        0.7427983275130224,
        0.7441722169429908,
        0.7449736495662359,
        0.7451023570066796,
        0.7474142044099104,
        0.7475745507724406,
        0.7480933988389514,
        0.7496097234615112,
        0.7513335284838432,
        0.7529930633359303,
        0.7556264686483586,
        0.7573150671334311,
        0.7659105558182903,
        0.7677469135783731,
        0.7745567375886525,
        0.7771039884520037,
        0.7808123249226191,
        0.794611531003459,
        0.8179494001952663,
        0.8323039288994449
      ],
      "lightness": 0.984194890077243,
      "sats": [
        0.9917743262205448,
        0.9882352941176471,
        0.9839380196523053,
        0.9832811552393909,
        0.9802374604749209,
        0.9792696409989593,
        0.9782289461102385,
        0.9686274509803922,
        0.9676195615942604,
        0.9662899068015071,
        0.9644274288548578,
        0.9635720067935429,
        0.9611339734796526,
        0.9595244519928255,
        0.9547587942129966,
        0.9536486218520721,
        0.9529411764705882,
        0.9502471383975026,
        0.9486173972347944,
        0.9465331204335415,
        0.9446648893297787,
        0.9402427783592933,
        0.9347200000000001,
        0.9333333333333333,
        0.927721088435374,
        0.9254901960784314,
        0.9215686274509803
      ],
      "vals": [
        0.9490196078431372,
        0.9529411764705882,
        0.9647058823529412,
        0.9686274509803922,
        0.9725490196078431,
        0.9764705882352941,
        0.9803921568627451,
        0.984313725490196,
        0.9882352941176471,
        0.9921568627450981,
        0.996078431372549,
        1.0
      ],