{
  "cluster_map": "[0, 0, 0, 0, 0, 0, 0, 0, 0, 0, 0, 0, 0, 0, 0, 0, 0, 0, 0, 0, 0, 0, 0, 0, 0, 0, 0, 0, 0, 0, 0, 0, 0, 0, 0, 0, 0, 0, 0, 0, 0, 0, 0, 0, 0, 0, 0, 0, 0, 0, 0, 0, 0, 0, 0, 0, 0, 0, 0, 0, 0, 0, 0, 0, 0, 0, 0, 0, 0, 0, 0, 0, 0, 0, 0, 5, 5, 3, 3, 7, 0, 0, 0, 0, 0, 0, 0, 0, 0, 1, 3, 3, 0, 3, 3, 7, 0, 0, 0, 0, 0, 0, 0, 0, 1, 1, 0, 3, 1, 1, 7, 5, 0, 0, 0, 0, 0, 0, 0, 2, 2, 2, 3, 3, 0, 1, 1, 5, 0, 0, 0, 0, 0, 0, 1, 1, 2, 5, 3, 0, 6, 0, 0, 5, 0, 0, 0, 0, 0, 0, 1, 1, 5, 5, 3, 3, 6, 6, 0, 0, 0, 0, 0, 0, 0, 1, 0, 0, 0, 3, 3, 3, 2, 6, 0, 0, 0, 0, 0, 0, 6, 1, 0, 3, 3, 0, 6, 2, 2, 6, 6, 6, 0, 0, 0, 0, 6, 1, 0, 3, 3, 2, 6, 2, 2, 0, 6, 6, 0, 0, 0, 0, 5, 1, 1, 1, 2, 2, 2, 2, 0, 0, 3, 3, 0, 0, 0, 0, 5, 5, 3, 2, 2, 2, 2, 4, 4, 4, 0, 3, 0, 0, 0, 0, 5, 0, 3, 3, 6, 6, 7, 4, 4, 4, 0, 0]",
  "group_name": "binniecore\\assets\\botany\\textures\\blocks\\ceramic\\thincurvedcorner.1.png",
  "segment_dicts": [
    {
      "hues": [
        0.6598119385171207,
        0.6689243634219356,
        0.6694202196922951,
        0.6716128787946428,
        0.6734014024464389,
        0.6747851002923418,
        0.6780050704147884,
        0.6796164523913033,
        0.6803772901416089,
        0.6804191772669791,
        0.6819836931528981,
        0.6823865252327246,
        0.6834144624440635,
        0.6839746057229251,
        0.6872599663067894,
        0.6883721313424768,
        0.6911208738291276,
        0.6996551117028839,
        0.704555842662343,
        0.7053212851405622,
        0.7071608594444426,
        0.7083272321951548,
        0.7112334397820285,
        0.7208733361101235
      ],
      "lightness": 0.9789215686274508,
      "sats": [
        1.0,
        0.987358715050565,
        0.9839380196523053,
        0.9800809261197644,
        0.9794358155513622,
        0.9776789622030426,
        0.9764705882352941,
        0.9695205245543337,
        0.9678760393046107,
        0.9657350174684224,
        0.9617659308621408,
        0.9578623835018838,
        0.9558295540438397,
        0.955476897192108,
        0.9525699051398102,
        0.9482104079113874,
        0.9433342327899558,
        0.9424202835438138,
        0.9419549947970863,
        0.9383074466540863,
        0.936759873519747,
        0.9362589635832461,
        0.9352391231885208,
        0.9288548577097154
      ],
      "vals": [
        0.9372549019607843,
        0.9490196078431372,
        0.9568627450980393,
        0.9607843137254902,
        0.9647058823529412,
        0.9725490196078431,
        0.9764705882352941,
        0.984313725490196,
        0.9882352941176471,
        0.9921568627450981,
        0.996078431372549,
        1.0
      ],
      "variance": 0.2915233503259588
    },
    {
      "hues": [
        0.752773253483458,
        0.7580304069423868,
        0.7746841170419012,
        0.7820921985875886,
        0.7862190047200164,
        0.7870017931976606,
        0.7899588503976349,
        0.8012196542559207,
        0.8024348277992622,
        0.8082841361916828,
        0.810239009392899,
        0.8130952380894558,
        0.8207006787434681,
        0.8234176118113411,
        0.8243738138992098,
        0.8272781536561292,
        0.8295287862200392
      ],
      "lightness": 0.9852364475201845,
      "sats": [
        0.9872553102873802,
        0.9797622259964127,
        0.9760971113437173,
        0.9753229786616344,
        0.9641456670155759,
        0.9614518946519752,
        0.9607843137254902,
        0.9595244519928255,
        0.9565224130448261,
        0.9529411764705882,
        0.9506459573232691,
        0.94696,
        0.9433342327899558,
        0.9383074466540863,
        0.9322751488071991,
        0.9249023498046995,
        0.9215686274509803
      ],
      "vals": [
        0.9568627450980393,
        0.9607843137254902,
        0.9764705882352941,
        0.9803921568627451,
        0.984313725490196,
        0.9921568627450981,
        0.996078431372549,
        1.0
      ],
      "variance": 0.24901263784994349
    },
    {
      "hues": [
        0.6772648226531482,
        0.6784531733167188,
        0.6878885370103052,
        0.6880576023805401,
        0.6917945829679368,
        0.693489081705077,
        0.693530701754386,
        0.69472961955552,
        0.6965723046676673,
        0.7093728282752029,
        0.7100652447187888,
        0.7139387683304047,
        0.7202511273799574,
        0.7213345529438406,
        0.7264883589451673,
        0.7399203400049332,
        0.7426551058059746,
        0.8283601565837828
      ],
      "lightness": 0.9775599128540304,
      "sats": [
        0.9912915784440953,
        0.9875617845993757,
        0.9839380196523053,
        0.9831449534007535,
        0.9749217328590863,
        0.9736574783492019,
        0.9686274509803922,
        0.9623825992886296,
        0.9598450491307633,
        0.9575177009579342,
        0.9561780374634816,
        0.9514293423913907,
        0.9498434657181727,
        0.9446648893297787,
        0.9397675736961452,
        0.936759873519747,
        0.9347200000000001,
        0.9311915683878033
      ],
      "vals": [
        0.9450980392156862,
        0.9490196078431372,
        0.9607843137254902,
        0.9647058823529412,
        0.9686274509803922,
        0.9725490196078431,
        0.9803921568627451,
        0.984313725490196,
        0.9882352941176471,
        0.9921568627450981,
        0.996078431372549,
        1.0
      ],
      "variance": 0.25570829542578455
    },
    {
      "hues": [
        0.7183406851614021,
        0.7198934918917345,
        0.7220831377398035,
        0.7227549806754944,
        0.7288808870637861,
        0.7297625630436334,
        0.7348031301911183,
        0.7354213892993111,
        0.7359173786376667,
        0.7378470486342783,
        0.7404146185296822,
        0.7408551685874617,
        0.7416892475712462,
        0.7446289698092704,
        0.7461889244253822,
        0.7470205497274032,
        0.7597438112125484,
        0.762883568678497,
        0.7772641605541972,
        0.7820919155124689,
        0.7825630252083333,
        0.7885953699698196,
        0.792548282061022,
        0.7971901356842771,
        0.8337253621933057
      ],
      "lightness": 0.9781960784313725,
      "sats": [
        0.9915724767003768,
        0.99084314852054,
        0.9819927971188475,
        0.9740893156531018,
        0.971667116394978,
        0.9678760393046107,
        0.9668314255983351,
        0.9618524332824719,
        0.9582028880984773,
        0.954023176908325,
        0.9529411764705882,
        0.9525699051398102,
        0.9465331204335415,
        0.9407123814247629,
        0.9397675736961452,
        0.9388,
        0.9383074466540863,
        0.936759873519747,
        0.9333333333333333,
        0.9317365835222977,
        0.9254901960784314,
        0.9249023498046995,
        0.9243075192551048,
        0.9209498418996838
      ],
      "vals": [
        0.9254901960784314,
        0.9333333333333333,
        0.9529411764705882,
        0.962962963,
        0.9647058823529412,
        0.9686274509803922,
        0.9725490196078431,
        0.9764705882352941,
        0.9803921568627451,
        0.984313725490196,
        0.9882352941176471,
        0.9921568627450981,
        0.996078431372549,
        1.0
      ],
      "variance": 0.29692036924906245
    },
    {
      "hues": [
        0.6928994995979872,
        0.7042839923481542,
        0.70499576180854,
        0.7199999999943333,
        0.7382947498068456,
        0.7959567476262449
      ],
      "lightness": 0.9882352941176469,
      "sats": [
        0.9834157127991675,
        0.9803921568627451,
        0.9490196078431372,
        0.9388,
        0.9347200000000001,
        0.9249023498046995
      ],
      "vals": [
        0.9725490196078431,
        0.9803921568627451,
        0.996078431372549,
        1.0
      ],