{
  "cluster_map": "[0, 0, 0, 1, 1, 1, 0, 0, 0, 0, 0, 0, 0, 1, 1, 1, 0, 0, 0, 1, 1, 1, 0, 0, 0, 0, 0, 0, 0, 1, 1, 1, 0, 0, 0, 1, 1, 1, 0, 0, 0, 0, 0, 0, 0, 1, 1, 1, 0, 0, 0, 1, 1, 1, 0, 0, 0, 0, 0, 0, 0, 1, 1, 1, 0, 0, 0, 0, 1, 1, 0, 0, 0, 0, 0, 0, 1, 1, 1, 1, 0, 0, 0, 0, 1, 1, 0, 0, 0, 0, 0, 0, 1, 1, 1, 1, 0, 0, 0, 1, 1, 1, 0, 0, 0, 0, 0, 0, 1, 1, 1, 1, 0, 0, 0, 1, 1, 1, 0, 0, 0, 0, 0, 0, 0, 1, 1, 1, 0, 0, 0, 1, 1, 1, 0, 0, 0, 0, 0, 0, 0, 0, 0, 0, 0, 0, 0, 0, 1, 1, 0, 0, 0, 0, 0, 0, 0, 0, 0, 0, 0, 0, 0, 0, 1, 0, 0, 0, 0, 0, 0, 0, 0, 0, 0, 0, 0, 0, 0, 0, 0, 0, 0, 0, 0, 0, 0, 0, 0, 0, 0, 0, 1, 1, 1, 0, 1, 1, 0, 0, 0, 0, 1, 1, 1, 1, 1, 1, 1, 1, 1, 1, 1, 1, 1, 1, 1, 1, 1, 1, 1, 1, 1, 1, 1, 1, 1, 1, 1, 1, 1, 1, 1, 1, 1, 1, 1, 1, 1, 1, 1, 1, 1, 1, 1, 1, 1, 1, 1, 1, 1, 1, 1, 1, 1, 1]",
  "group_name": "binniecore\\assets\\extratrees\\textures\\blocks\\patterns\\thinbarredend2.1.png",
  "segment_dicts": [
    {
      "hues": [
        0.6666666666666666
      ],
      "lightness": 0.9331026528258363,
      "sats": [
        1.0
      ],
      "vals": [
        0.7254901960784313,
        0.7647058823529411,
        0.8823529411764706,
        0.9215686274509803,
        0.9607843137254902,
        1.0
      ],
      "variance": 0.49117458629836763
    },
    {
      "hues": [
        0.6666666666666666
      ],
      "lightness": 0.8582731338149294,
      "sats": [
        1.0
      ],
      "vals": [
        0.6470588235294118,
        0.6666666666666666,
        0.6862745098039216,
        0.7058823529411765,
        0.7254901960784313,
        0.7450980392156863,
        0.7647058823529411,
        0.8823529411764706,
        0.9215686274509803,
        0.9607843137254902,
        1.0
      ],
      "variance": 0.5050977456962
    }
  ]
}