{
  "cluster_map": "[7, 7, 1, 2, 1, 1, 0, 0, 0, 0, 7, 2, 7, 2, 7, 7, 7, 4, 2, 2, 1, 1, 0, 0, 0, 0, 7, 2, 5, 2, 7, 7, 7, 4, 2, 2, 2, 0, 0, 0, 0, 0, 5, 5, 5, 2, 2, 2, 7, 4, 2, 2, 1, 0, 0, 0, 0, 0, 0, 5, 5, 7, 2, 7, 10, 5, 5, 1, 1, 0, 0, 0, 0, 0, 0, 7, 5, 7, 7, 7, 10, 5, 5, 0, 0, 0, 0, 0, 0, 0, 0, 0, 0, 7, 7, 7, 0, 0, 0, 0, 0, 0, 0, 0, 0, 0, 0, 0, 0, 0, 0, 0, 0, 0, 0, 0, 0, 0, 0, 9, 5, 0, 0, 0, 0, 0, 0, 0, 0, 0, 0, 0, 0, 0, 9, 9, 5, 6, 0, 0, 0, 0, 0, 0, 0, 0, 0, 0, 5, 5, 5, 5, 5, 5, 5, 5, 0, 0, 0, 0, 0, 7, 7, 7, 7, 5, 6, 6, 5, 5, 1, 1, 5, 5, 3, 6, 5, 0, 10, 10, 2, 7, 6, 6, 6, 2, 1, 1, 5, 5, 3, 2, 5, 5, 7, 2, 2, 7, 7, 2, 2, 2, 8, 1, 1, 7, 7, 2, 2, 7, 7, 7, 7, 7, 7, 7, 7, 7, 8, 8, 8, 7, 7, 2, 2, 2, 0, 8, 8, 7, 5, 5, 7, 7, 7, 6, 6, 7, 7, 5, 0, 2, 2, 7, 7, 7, 6, 6, 3, 3, 3, 3, 7, 7, 5, 5]",
  "group_name": "binniecore\\assets\\botany\\textures\\blocks\\ceramic\\thincurvedtsection4.1.png",
  "segment_dicts": [
    {
      "hues": [
        0.657755520072257,
        0.6609841120708543,
        0.661060480532055,
        0.6646589191232048,
        0.6720257351236029
      ],
      "lightness": 0.9811764705882354,
      "sats": [
        1.0,
        0.9861111111,
        0.9682519920318725,
        0.9657350174684224
      ],
      "vals": [
        0.9568627450980393,
        0.9764705882352941,
        0.984313725490196,
        0.9882352941176471,
        1.0
      ],
      "variance": 0.13839779117256515
    },
    {
      "hues": [
        0.6603970998814382,
        0.6618295828997572,
        0.6619116799782466,
        0.6623323013347542,
        0.6744414021646893,
        0.6758865422890565,
        0.6860260244835112,
        0.6867011114504772,
        0.689950437720985,
        0.7004062678477757,
        0.7053683020390888,
        0.7274015579497567,
        0.7375519388684751,
        0.7817462634474511
      ],
      "lightness": 0.9756302521008403,
      "sats": [
        1.0,
        0.9864945978391356,
        0.9800809261197644,
        0.9743589744,
        0.971667116394978,
        0.9658634538493976,
        0.9623825992886296,
        0.9532694710537275,
        0.9514293423913907,
        0.9506459573232691,
        0.9433342327899558,
        0.94288,
        0.9383074466540863
      ],
      "vals": [
        0.9333333333333333,
        0.9607843137254902,
        0.9686274509803922,
        0.9725490196078431,
        0.9764705882352941,
        0.9803921568627451,
        0.984313725490196,
        0.9921568627450981,
        1.0
      ],
      "variance": 0.22739844616572613
    },
    {
      "hues": [
        0.734518728086758,
        0.7426079048933795,
        0.7446188929297995,
        0.7452922555303735,
        0.7466609942244226,
        0.7481258716816597,
        0.7600481801971773,
        0.7609305548481636,
        0.7621895199600189,
        0.7693959075410666,
        0.7708781287903849,
        0.773920942232409,
        0.776802636586209,
        0.7807167518815138,
        0.7811296666525608,
        0.7814051928198597,
        0.7833668122593166,
        0.7840158406312284,
        0.784571320359679,
        0.7867878906657845,
        0.7882810854213781,
        0.7891075830131434,
        0.7898356799480561,
        0.7911880350105172,
        0.7971835726714542,
        0.7999712687337288,
        0.8058864403355668,
        0.8127487033303935,
        0.8238697337902864,
        0.8283748706907365,
        0.8290536256574398
      ],
      "lightness": 0.9808981657179,
      "sats": [
        0.995609579724867,
        0.9915724767003768,
        0.9874608664295432,
        0.9872553102873802,
        0.9841899683799367,
        0.9784077630442515,
        0.96736,
        0.963860544217687,
        0.9598450491307633,
        0.9575177009579342,
        0.9558295540438397,
        0.9551200000000001,
        0.9547587942129966,
        0.9543932101977107,
        0.9518140589569161,
        0.9506459573232691,
        0.9473817875906732,
        0.9442265931353403,
        0.9437830687830687,
        0.9392866779892383,
        0.9388,
        0.9383074466540863,
        0.9372549019607843,
        0.9362589635832461,
        0.9317365835222977,
        0.9311915683878033,
        0.9282913340311518,
        0.9243075192551048
      ],
      "vals": [
        0.9450980392156862,
        0.9529411764705882,
        0.9607843137254902,
        0.9647058823529412,
        0.9686274509803922,
        0.9725490196078431,
        0.9764705882352941,
        0.9803921568627451,
        0.984313725490196,
        0.9882352941176471,
        0.9921568627450981,
        0.996078431372549,
        1.0
      ],
      "variance": 0.3262675287876916
    },
    {
      "hues": [
        0.7685473869097249,
        0.7946832411134301,
        0.8113406951666322,
        0.8126647552325168,
        0.8218016551335471,
        0.8280608642965804
      ],
      "lightness": 0.9771241830065358,
      "sats": [
        0.9912915784440953,
        0.954023176908325,
        0.9521942226874345,
        0.9498434657181727,
        0.9352391231885208,
        0.9176470588235294
      ],
      "vals": [
        0.9490196078431372,
        0.9686274509803922,
        0.984313725490196,
        0.9921568627450981,
        1.0
      ],
      "variance": 0.15131187305393715
    },
    {
      "hues": [
        0.8135219846576919,
        0.8203627687123295,
        0.8277687283780982
      ],
      "lightness": 0.9843137254901959,
      "sats": [
        0.9723324446648892,
        0.971667116394978,
        0.9585392819979188
      ],
      "vals": [
        0.9725490196078431,
        0.984313725490196,
        0.996078431372549
      ],
      "variance": 0.10762219544383464
    },
    {
      "hues": [
        0.6923244508897123,
        0.6973333333333334,
        0.6997133026588992,
        0.7022735774798274,
        0.7110910455882764,
        0.7159505295992101,
        0.7174645718264469,
        0.7280006534180523,
        0.7305622500244211,
        0.7339432624113474,
        0.7342664571676177,
        0.736467400284413,
        0.7410265203436214,
        0.7457223464451515,
        0.746366023682779,
        0.749702575441311,
        0.7510195448366977,
        0.7515230443381403,
        0.7543497466376351,
        0.7651911733013463,
        0.76786735998923,
        0.7680375241101283,
        0.7746987914663096,
        0.7747933884356061,
        0.7779123199173497,
        0.7793950714533785,
        0.7814536427325737,
        0.7820850286898339,
        0.7857267133811098,
        0.7944139194113248,
        0.7965694013225981,
        0.812644481247628,
        0.8174986176041824,
        0.820374723718961,
        0.8223886630673176,
        0.8265899373060556
      ],
      "lightness": 0.9823529411764704,
      "sats": [
        0.9841899683799367,
        0.9803921568627451,
        0.978758850478967,
        0.9749217328590863,
        0.9745106205747605,
        0.9743012631013168,
        0.9723324446648892,
        0.96736,
        0.9668314255983351,
        0.9665623104787818,
        0.9654524208708023,
        0.9651663137763814,
        0.9644274288548578,
        0.9632799999999999,
        0.9578623835018838,
        0.9568627450980393,
        0.9536486218520721,
        0.9529411764705882,
        0.9490196078431372,
        0.9477985638699924,
        0.9473817875906732,
        0.9465331204335415,
        0.9419549947970863,
        0.9397675736961452,
        0.9392866779892383,
        0.936759873519747,
        0.9357520786092215,
        0.9352391231885208,
        0.9317365835222977,
        0.9249023498046995,
        0.9209498418996838,
        0.9176470588235294
      ],