{
  "cluster_map": "[0, 0, 0, 0, 0, 0, 0, 0, 0, 0, 0, 0, 2, 2, 0, 0, 0, 0, 0, 0, 0, 0, 0, 0, 0, 0, 0, 0, 2, 2, 3, 3, 0, 0, 0, 0, 0, 0, 0, 0, 0, 0, 0, 0, 2, 0, 2, 3, 0, 0, 0, 0, 0, 0, 0, 0, 0, 0, 0, 0, 0, 2, 2, 2, 0, 0, 0, 0, 0, 0, 0, 0, 0, 0, 0, 0, 1, 2, 0, 2, 0, 0, 0, 0, 0, 0, 0, 0, 0, 0, 0, 2, 1, 1, 2, 2, 0, 0, 0, 0, 0, 0, 0, 0, 0, 0, 0, 2, 2, 2, 0, 0, 0, 0, 0, 0, 0, 0, 0, 0, 0, 0, 0, 1, 1, 1, 0, 2, 0, 0, 0, 0, 0, 0, 0, 0, 0, 2, 0, 1, 0, 0, 2, 2, 0, 0, 0, 0, 0, 0, 0, 0, 2, 2, 2, 2, 2, 2, 0, 2, 0, 0, 0, 0, 0, 0, 0, 2, 2, 0, 1, 2, 2, 0, 2, 2, 0, 0, 0, 0, 0, 2, 2, 2, 2, 2, 1, 0, 0, 0, 2, 2, 2, 2, 4, 4, 0, 0, 2, 2, 2, 2, 1, 2, 2, 0, 2, 0, 2, 2, 1, 1, 2, 2, 2, 2, 2, 2, 2, 1, 0, 0, 0, 2, 2, 1, 1, 2, 2, 2, 2, 2, 2, 2, 0, 1, 1, 0, 0, 2, 2, 2, 2, 2, 2, 0, 2, 0, 0, 0, 0, 0, 0, 0, 0, 2]",
  "group_name": "binniecore\\assets\\botany\\textures\\blocks\\ceramic\\thincurvedcorner3.0.png",
  "segment_dicts": [
    {
      "hues": [
        0.6572223721316592,
        0.6593900363552408,
        0.659756546999653,
        0.6628032231762181,
        0.6633729100791536,
        0.6641388659860402,
        0.6644716119535227,
        0.6666666666666666,
        0.6681527206296297,
        0.6702001023414031,
        0.670395402217271,
        0.6727400198155965,
        0.6733786425788854,
        0.6746086272698822,
        0.6772470606819431,
        0.6800176372830826,
        0.6803512636247792,
        0.6819065332784396,
        0.6830632716069601,
        0.6841312056737588,
        0.6865461896336554,
        0.6871353620593731,
        0.6891465771599532,
        0.6930071711491799,
        0.6948994637025065,
        0.715641351820039,
        0.732579092123136,
        0.7448217137064036
      ],
      "lightness": 0.9767885532591415,
      "sats": [
        1.0,
        0.987358715050565,
        0.9832677165019685,
        0.9790019763181818,
        0.978047520696281,
        0.9741946365322989,
        0.9718915343915344,
        0.9707360383862399,
        0.9687154950344129,
        0.9678760393046107,
        0.963860544217687,
        0.9623825992886296,
        0.955476897192108,
        0.9553935860058308,
        0.9529411764705882,
        0.9521942226874345,
        0.9521397532857635,
        0.9502471383975026,
        0.9500440787540405,
        0.9494348602022605,
        0.9397675736961452,
        0.9345887428468016,
        0.9311915683878033,
        0.927721088435374,
        0.9215686274509803
      ],
      "vals": [
        0.9294117647058824,
        0.9490196078431372,
        0.9549019607843137,
        0.9607843137254902,
        0.9647058823529412,
        0.9686274509803922,
        0.9705882352941176,
        0.9725490196078431,
        0.984313725490196,
        0.9882352941176471,
        0.9895424836601308,
        0.9921568627450981,
        0.996078431372549,
        1.0
      ],
      "variance": 0.35168227456542744
    },
    {
      "hues": [
        0.7913393051434244,
        0.7927829116861401,
        0.8000700280119047,
        0.8017636428256365,
        0.8051320893032033,
        0.8122205663210383,
        0.8134083450559072,
        0.8175364258185028,
        0.8177683157951517,
        0.8224026078759347,
        0.8226334173429154,
        0.822979957554497,
        0.8296286610937935,
        0.8296641334097882,
        0.8307935464105632,
        0.8342819524989138,
        0.8380149972370061
      ],
      "lightness": 0.9829296424452134,
      "sats": [
        0.986937367666143,
        0.975907029478458,
        0.9718915343915344,
        0.9707420216689341,
        0.960474920949842,
        0.9583217560419325,
        0.9568627450980393,
        0.954023176908325,
        0.9536486218520721,
        0.9465331204335415,
        0.9419549947970863,
        0.9372549019607843,
        0.9355839798678238,
        0.9333333333333333,
        0.9294117647058824,
        0.9254901960784314,
        0.9249023498046995
      ],
      "vals": [
        0.9490196078431372,
        0.9647058823529412,
        0.9686274509803922,
        0.9725490196078431,
        0.9764705882352941,
        0.9833333333000001,
        0.9882352941176471,
        0.9895833333,
        0.996078431372549,
        1.0
      ],
      "variance": 0.24902807393377074
    },
    {
      "hues": [
        0.6940628149446493,
        0.7108838021321132,
        0.7119116538665735,
        0.7170178619629382,
        0.7252885704899453,
        0.7323733910377296,
        0.7337952591482372,
        0.7372179342883377,
        0.7408551685874617,
        0.7425323864325941,
        0.74346157381466,
        0.7505519959843306,
        0.7547246272324646,
        0.7590555547527397,
        0.7629883560583192,
        0.7643257403424161,
        0.7727835726816027,
        0.776201232382313,
        0.7796238477612994,
        0.7814309521850761,
        0.7871158632318439,
        0.7872963888254286,
        0.7931838062435078,
        0.795225106980565,
        0.8007370607885201,
        0.8157243649661371,
        0.8272829221009644,
        0.8295487698180324
      ],
      "lightness": 0.9816821465428276,
      "sats": [
        0.99084314852054,
        0.9835486524410897,
        0.9830070803831736,
        0.9784077630442515,
        0.978047898624335,
        0.9755199999999999,
        0.9707739493046132,
        0.9689286152837586,
        0.9679359213782733,
        0.9666938775510204,
        0.9664801735716883,
        0.965659992688632,
        0.964628766953869,
        0.9627365593153099,
        0.9616490006016527,
        0.9616092338574774,
        0.9589704271631982,
        0.958498666997334,
        0.9486173972347944,
        0.9441782940509651,
        0.9415782276425504,
        0.9415633876498173,
        0.9407984437256944,
        0.9390245058161562,
        0.9366722958785952,
        0.9328326271935811,
        0.9315046686746865,
        0.9254901960784314
      ],
      "vals": [
        0.9254901960784314,
        0.9450980392156862,
        0.9529411764705882,
        0.9588235294117646,
        0.9588235294117647,
        0.9607843137254902,
        0.9633986928104575,
        0.9686274509803922,
        0.9705882352941176,
        0.9735294117647059,
        0.9764705882352941,
        0.9772549019607842,
        0.9777777777777777,
        0.9803921568627451,
        0.9862745098039216,
        0.9872549019607844,
        0.9882352941176471,
        0.9890196078431372,
        0.9908496732026144,
        0.9926470588235294,
        0.9950980392156863,
        0.996078431372549,
        0.9986928104575163,
        1.0
      ],
      "variance": 0.4569646665989112
    },
    {
      "hues": [
        0.7030291481476105,
        0.7322638854190481,
        0.7347868627241806
      ],
      "lightness": 0.9934640522875817,
      "sats": [
        0.9721132965676701,
        0.9486173972347944,
        0.9482104079113874
      ],
      "vals": [
        0.9921568627450981,
        0.996078431372549
      ],
      "variance": 0.10761719879195283
    },
    {
      "hues": [
        0.7068390325330136,
        0.716313863574351
      ],
      "lightness": 0.9764705882352941,
      "sats": [
        0.9709774973985432,
        0.9592
      ],
      "vals": [
        0.9725490196078431,
        0.9803921568627451
      ],
      "variance": 0.08804311926426824
    }
  ]
}