{
  "cluster_map": "[0, 0, 0, 0, 0, 0, 0, 0, 0, 0, 0, 0, 0, 0, 0, 0, 0, 0, 0, 0, 0, 0, 0, 0, 0, 0, 5, 5, 0, 0, 0, 0, 0, 0, 0, 0, 0, 0, 0, 0, 0, 0, 3, 2, 3, 3, 1, 0, 0, 0, 0, 0, 0, 0, 0, 0, 0, 3, 3, 3, 3, 3, 1, 0, 0, 0, 0, 0, 0, 0, 0, 0, 4, 3, 3, 3, 3, 3, 1, 0, 0, 0, 0, 0, 0, 0, 0, 0, 4, 3, 3, 3, 4, 4, 1, 0, 0, 0, 0, 0, 0, 0, 0, 0, 4, 3, 2, 3, 4, 1, 0, 0, 0, 0, 0, 0, 0, 0, 0, 0, 4, 4, 3, 3, 1, 0, 0, 0, 0, 0, 0, 0, 0, 0, 0, 0, 1, 1, 1, 1, 0, 0, 0, 0, 0, 0, 0, 0, 0, 1, 1, 1, 0, 0, 0, 0, 0, 0, 0, 0, 0, 0, 0, 0, 1, 1, 1, 0, 0, 0, 0, 0, 0, 0, 0, 0, 0, 0, 0, 0, 1, 1, 0, 0, 0, 0, 0, 0, 0, 0, 0, 0, 0, 0, 0, 1, 1, 0, 0, 0, 0, 0, 0, 0, 0, 0, 0, 0, 0, 0, 1, 1, 0, 0, 0, 0, 0, 0, 0, 0, 0, 0, 0, 0, 0, 1, 1, 0, 0, 0, 0, 0, 0, 0, 0, 0, 0, 0, 0, 0, 0, 0, 0, 0, 0, 0, 0, 0, 0, 0, 0, 0, 0, 0, 0, 0]",
  "group_name": "appliedenergistics2\\assets\\appliedenergistics2\\textures\\items\\ToolEntropyManipulator.png",
  "segment_dicts": [
    {
      "hues": [
        0.4328640178060969
      ],
      "lightness": 0.21568627450980393,
      "sats": [
        0.64192708321875
      ],
      "vals": [
        0.2909090909090909
      ],
      "variance": 0.22736925329461324
    },
    {
      "hues": [
        0.4328640178060969,
        0.6666666666666666
      ],
      "lightness": 0.25784313725490193,
      "sats": [
        1.0,
        0.64192708321875
      ],
      "vals": [
        0.25098039215686274,
        0.27058823529411763,
        0.2909090909090909
      ],
      "variance": 0.29208214576463615
    },
    {
      "hues": [
        0.6666666666666666
      ],
      "lightness": 1.0,
      "sats": [
        1.0
      ],
      "vals": [
        1.0
      ],
      "variance": 0.08804240366863003
    },
    {
      "hues": [
        0.7874730543592259,
        0.7910973084833334,
        0.7990120855212273,
        0.8165640630870207,
        0.833270306332769,
        0.8653461144116098,
        0.142916449080984,
        0.15033299114253304
      ],
      "lightness": 0.7858823529411766,
      "sats": [
        0.5851393188636141,
        0.5490196078431373,
        0.43598278337265267,
        0.4256874347372085,
        0.34950690335305723,
        0.3131354801135674,
        0.3070652173913043,
        0.2238524700740224
      ],
      "vals": [
        0.6327160494,
        0.6333333333,
        0.7007168459,
        0.7215686274509804,
        0.7647058823529411,
        0.796078431372549,
        0.8666666666666667,
        1.0
      ],
      "variance": 0.27805787678080035
    },
    {
      "hues": [
        0.1035334442297456,
        0.142916449080984,
        0.15033299114253304,
        0.15235494878990283
      ],
      "lightness": 0.27990196078431373,
      "sats": [
        0.7137614678825553,
        0.6290253327846707,
        0.5851393188636141,
        0.43598278337265267
      ],
      "vals": [
        0.6327160494,
        0.6333333333,
        0.6342592593,
        0.6987179487
      ],
      "variance": 0.17829756608168312
    },
    {
      "hues": [
        0.4328640178060969,
        0.7910973084833334
      ],
      "lightness": 0.607843137254902,
      "sats": [
        0.6419270832187499,
        0.5490196078431373
      ],
      "vals": [
        0.2909090909090909,
        1.0
      ],
      "variance": 0.10489654838707074
    }
  ]
}