{
  "cluster_map": "[0, 0, 0, 0, 0, 0, 0, 0, 0, 0, 0, 0, 0, 0, 0, 0, 0, 0, 0, 0, 0, 0, 0, 0, 0, 0, 0, 0, 0, 0, 0, 0, 0, 0, 0, 0, 0, 0, 0, 0, 0, 0, 0, 0, 0, 0, 0, 0, 0, 0, 0, 0, 0, 0, 0, 0, 0, 0, 0, 0, 0, 0, 0, 0, 0, 0, 2, 0, 0, 0, 0, 2, 0, 2, 0, 0, 0, 0, 2, 0, 0, 0, 2, 2, 0, 2, 2, 2, 0, 2, 2, 0, 2, 2, 2, 0, 0, 0, 2, 2, 2, 2, 2, 2, 0, 2, 2, 2, 2, 2, 2, 0, 0, 0, 2, 2, 2, 2, 2, 2, 0, 2, 2, 2, 2, 2, 2, 0, 0, 0, 2, 2, 2, 2, 2, 2, 0, 2, 2, 2, 2, 2, 2, 0, 0, 0, 0, 2, 1, 1, 2, 0, 0, 0, 2, 1, 1, 2, 0, 0, 0, 0, 0, 0, 1, 1, 0, 0, 0, 0, 0, 1, 1, 0, 0, 0, 0, 0, 1, 1, 1, 1, 1, 1, 0, 1, 1, 1, 1, 1, 1, 0, 0, 0, 1, 0, 1, 1, 0, 1, 0, 1, 0, 1, 1, 0, 1, 0, 0, 0, 0, 0, 1, 1, 0, 0, 0, 0, 0, 1, 1, 0, 0, 0, 0, 0, 0, 0, 1, 1, 0, 0, 0, 0, 0, 1, 1, 0, 0, 0, 0, 0, 0, 0, 1, 1, 0, 0, 0, 0, 0, 1, 1, 0, 0, 0]",
  "group_name": "ic2\\assets\\ic2\\textures\\blocks\\crop\\tulip.4.png",
  "segment_dicts": [
    {
      "hues": [
        0.4161197525245884
      ],
      "lightness": 0.40784313725490196,
      "sats": [
        0.848064280508108
      ],
      "vals": [
        0.7115384615384615
      ],
      "variance": 0.12401959270615269
    },
    {
      "hues": [
        0.35299828669274724,
        0.38695834205668916
      ],
      "lightness": 0.4658823529411765,
      "sats": [
        0.6938271604999999,
        0.6936026935999999
      ],
      "vals": [
        1.0
      ],
      "variance": 0.36794982519854025
    },
    {
      "hues": [
        0.25054589735648153,
        0.30062004852278124,
        0.36787535656301423,
        0.4904972423095497,
        0.4904972423095498
      ],
      "lightness": 0.8091503267973856,
      "sats": [
        0.42352941176470593,
        0.2548176259751212,
        0.203822129637805,
        0.20260493713798083
      ],
      "vals": [
        0.9857819905213271,
        0.9879518072289157,
        0.9893617021276596,
        1.0
      ],
      "variance": 0.41612358588376736
    }
  ]
}