{
  "cluster_map": "[0, 0, 0, 0, 0, 0, 0, 0, 0, 0, 0, 0, 0, 0, 0, 0, 0, 0, 0, 0, 0, 0, 0, 0, 0, 0, 0, 0, 0, 0, 0, 0, 0, 0, 0, 0, 0, 0, 0, 0, 0, 0, 0, 0, 0, 0, 0, 0, 0, 0, 0, 0, 0, 0, 0, 2, 0, 0, 0, 0, 0, 0, 0, 0, 0, 0, 0, 0, 0, 0, 0, 2, 2, 0, 0, 0, 2, 0, 0, 0, 0, 0, 0, 2, 0, 0, 0, 2, 2, 0, 0, 0, 2, 0, 0, 0, 0, 0, 2, 2, 2, 2, 2, 2, 2, 2, 2, 2, 2, 0, 0, 0, 0, 0, 0, 2, 2, 2, 2, 2, 2, 2, 2, 2, 0, 0, 0, 0, 0, 0, 0, 0, 2, 2, 1, 1, 1, 2, 2, 0, 0, 0, 0, 0, 0, 0, 0, 0, 0, 1, 1, 1, 1, 1, 0, 0, 0, 0, 0, 0, 0, 0, 0, 0, 0, 0, 1, 1, 1, 0, 0, 0, 0, 0, 0, 0, 0, 0, 0, 0, 0, 1, 1, 1, 1, 1, 0, 0, 0, 0, 0, 0, 0, 0, 0, 0, 1, 0, 0, 1, 0, 1, 0, 0, 0, 0, 0, 0, 0, 0, 0, 0, 0, 0, 1, 0, 0, 0, 1, 0, 0, 0, 0, 0, 0, 0, 0, 0, 0, 0, 0, 0, 0, 0, 0, 0, 0, 0, 0, 0, 0, 0, 0, 0, 0, 0, 0, 0, 0, 0, 0, 0, 0, 0, 0, 0]",
  "group_name": "botania\\assets\\botania\\textures\\blocks\\alt\\vinculotus.png",
  "segment_dicts": [
    {
      "hues": [
        0.6666666666666666
      ],
      "lightness": 1.0,
      "sats": [
        1.0
      ],
      "vals": [
        1.0
      ],
      "variance": 0.1383827311243621
    },
    {
      "hues": [
        0.26373161215376734,
        0.2711750034043665,
        0.28215274262616336,
        0.30302065840742487,
        0.6644431023575078,
        0.7094620449902043
      ],
      "lightness": 0.3254901960784313,
      "sats": [
        0.8382072829131653,
        0.7501730103806229,
        0.6784917043740574,
        0.6188652975983292,
        0.5797537619699042,
        0.44353196998364486
      ],
      "vals": [
        0.8392156862745098,
        0.8666666666666667,
        0.8904109589041096,
        0.8947368421052632,
        0.8958333333333334,
        0.9210526315789475
      ],
      "variance": 0.3204750814327755
    },
    {
      "hues": [
        0.2711750034043665,
        0.5196867797012622,
        0.5417435877326072,
        0.5669345253710584,
        0.6644431023575078,
        0.7039031657233693,
        0.7094620449902044,
        0.7282268914189814,
        0.7282268914189816
      ],
      "lightness": 0.8624999999999999,
      "sats": [
        0.8470588235294119,
        0.8470588235294118,
        0.7501730103806229,
        0.6578935467301588,
        0.6516631377638139,
        0.6188652975983293,
        0.534883721,
        0.44353196998364486,
        0.43629870982938385
      ],
      "vals": [
        0.6,
        0.7411764705882353,
        0.8274509803921568,
        0.8392156862745098,
        0.8666666666666667,
        0.8947368421052632,
        0.9490196078431372,
        1.0
      ],
      "variance": 0.33951340311617795
    }
  ]
}