{
  "cluster_map": "[0, 0, 0, 0, 0, 0, 0, 0, 0, 0, 0, 0, 0, 0, 0, 0, 0, 0, 0, 0, 0, 0, 0, 0, 0, 0, 0, 0, 0, 0, 0, 0, 0, 0, 0, 0, 0, 0, 0, 0, 0, 0, 0, 0, 0, 0, 0, 0, 0, 0, 0, 0, 1, 1, 1, 1, 1, 1, 1, 1, 0, 0, 0, 0, 0, 0, 0, 0, 1, 1, 1, 1, 1, 1, 1, 1, 0, 0, 0, 0, 0, 0, 0, 0, 1, 1, 1, 1, 1, 1, 1, 1, 0, 0, 0, 0, 0, 0, 0, 0, 1, 1, 1, 1, 1, 1, 1, 1, 0, 0, 0, 0, 0, 0, 0, 0, 1, 1, 1, 1, 1, 1, 1, 1, 0, 0, 0, 0, 0, 0, 0, 0, 1, 1, 1, 1, 1, 1, 1, 1, 0, 0, 0, 0, 0, 0, 0, 0, 1, 1, 1, 1, 1, 1, 1, 1, 0, 0, 0, 0, 0, 0, 0, 0, 1, 1, 1, 1, 1, 1, 1, 1, 0, 0, 0, 0, 0, 0, 0, 0, 1, 1, 1, 1, 1, 1, 1, 1, 0, 0, 0, 0, 0, 0, 0, 0, 1, 1, 1, 1, 1, 1, 1, 1, 0, 0, 0, 0, 0, 0, 0, 0, 0, 0, 1, 1, 0, 0, 1, 1, 1, 0, 0, 0, 0, 0, 0, 0, 0, 0, 0, 1, 1, 0, 1, 0, 1, 1, 1, 0, 0, 0, 0, 0, 0, 0, 0, 0, 1, 1, 1, 1, 1, 0, 0, 0]",
  "group_name": "stevescarts\\assets\\stevescarts\\textures\\items\\yellow_gift_ribbon_icon.png",
  "segment_dicts": [
    {
      "hues": [
        0.6666666666666666
      ],
      "lightness": 0.2480868575431223,
      "sats": [
        1.0
      ],
      "vals": [
        0.2235294117647059,
        0.22745098039215686,
        0.23137254901960785,
        0.23529411764705882,
        0.23921568627450981,
        0.24313725490196078,
        0.24705882352941178,
        0.25882352941176473,
        0.26666666666666666,
        0.27058823529411763,
        0.27450980392156865
      ],
      "variance": 0.23562414667229684
    },
    {
      "hues": [
        0.3892952374443377,
        0.40559532731026104,
        0.4089688209626999,
        0.4123388258753526,
        0.41525356529677576,
        0.41712347926833826,
        0.419296036222971,
        0.42140635214055777,
        0.4243039019598919,
        0.43185789167017075,
        0.4400897640398498,
        0.4451867136335577,
        0.4503971197207585,
        0.45121448817377785,
        0.45220058586557693,
        0.46046753857307543,
        0.4706067171164647,
        0.4739699841017791,
        0.4777580216377359,
        0.48285006343459425,
        0.4918901116115664,
        0.49868194406724126,
        0.5108125059554968,
        0.5402086687228542,
        0.5484296626776008,
        0.5708693283313552,
        0.5813773698683914,
        0.5968048430779557
      ],
      "lightness": 0.580923202614379,
      "sats": [
        0.8612444865741479,
        0.8600078014183664,
        0.858423459723403,
        0.8457519543623369,
        0.841129260280606,
        0.8410975025555395,
        0.8410825926648609,
        0.834993872859854,
        0.8321557814029372,
        0.8298868109289509,
        0.825606921434091,
        0.8230851732747937,
        0.8188452596607142,
        0.8157230512407978,
        0.8155284448632812,
        0.8148080936,
        0.8146545200065275,
        0.8128681982068995,
        0.8107602649523554,
        0.8045211333537551,
        0.8015873015714287,
        0.7972017673514284,
        0.7956749828747115,
        0.7924405213,
        0.7866681757074467,
        0.7744224126852465,
        0.7629303669932662,
        0.7449223046144234
      ],
      "vals": [
        0.5421290322580645,
        0.5858879013241429,
        0.6140840220385675,
        0.6482758620689655,
        0.6666666666666666,
        0.6782194133625197,
        0.6862745098039216,
        0.7,
        0.7114460203602346,
        0.7325490196078431,
        0.7429170687452261,
        0.75,
        0.7509803921568627,
        0.7529411764705882,
        0.7554492693598402,
        0.7686274509803922,
        0.783564755685054,
        0.7927927927927928,
        0.8158266129032258,
        0.8290052053209949,
        0.8404907975460123,
        0.872400942079082,
        0.8746640238840704,
        0.8755726212331247,
        0.8995763594694076,
        0.9779445908668649,
        0.9908534890186266,
        0.9984778585763807
      ],
      "variance": 0.4937229517088981
    }
  ]
}