{
  "group_name": "lava_still",
  "segment_dicts": [
    {
      "colorize": true,
      "hues": [
        0.16091954022988508,
        0.16091954022988508,
        0.16091954022988508,
        0.1609848484848485,
        0.16283524904214564,
        0.16283524904214564,
        0.16283524904214564,
        0.1647286821705426,
        0.16475095785440608,
        0.16666666666666663
      ],
      "id": 0,
      "lightness": 0.5091467524509803,
      "sats": [
        0.6692307692307692,
        0.6692307692307692,
        0.6692307692307692,
        0.6692307692307692,
        0.6692307692307692,
        0.6692307692307692,
        0.6666666666666666,
        0.6641221374045801,
        0.6641221374045801,
        0.6641221374045801
      ],
      "vals": [
        0.5098039215686274,
        0.5098039215686274,
        0.5098039215686274,
        0.5098039215686274,
        0.5098039215686274,
        0.5098039215686274,
        0.5098039215686274,
        0.5098039215686274,
        0.5098039215686274,
        0.5098039215686274
      ],
      "variance": 0.007196912308984196
    }
  ]
}