{
  "group_name": "extratic\\assets\\extratic\\textures\\items\\frypan\\metallurgy3\\nether\\kalendrite_frypan_handle.png",
  "segment_dicts": [
    {
      "equivalent": false,
      "hues": [
        0.8166069295101553,
        0.8185840707964601,
        0.8194444444444445
      ],
      "lightness": 0.8156862745098039,
      "sats": [
        0.7635135135135137,
        0.6666666666666666,
        0.22500000000000006
      ],
      "vals": [
        0.5803921568627453,
        0.9176470588235294,
        0.9725490196078431
      ],
      "variance": 0.10521402725949662
    }
  ]
}