{
  "group_name": "extratic\\assets\\extratic\\textures\\items\\frypan\\metallurgy3\\nether\\kalendrite_frypan_handle.png",
  "segment_dicts": [
    {
      "equivalent": false,
      "hues": [
        0.06497175141242938,
        0.06756756756756756,
        0.07051282051282054
      ],
      "lightness": 0.2676786843769766,
      "sats": [
        0.4642857142857143,
        0.4627450980392156,
        0.46249999999999997
      ],
      "vals": [
        0.2196078431372549,
        0.2857142857142857,
        0.3137254901960784
      ],
      "variance": 0.08551918518492628
    }
  ]
}