{
  "group_name": "extratic\\assets\\extratic\\textures\\items\\hammer\\oodmod\\kroostyl_hammer_head.png",
  "segment_dicts": [
    {
      "equivalent": false,
      "hues": [
        0.1494252873563219,
        0.17112299465240643,
        0.18083900226757366
      ],
      "lightness": 0.8484503478810879,
      "sats": [
        0.29743589743589743,
        0.2872503840245775,
        0.2438822065532973
      ],
      "vals": [
        0.7647058823529411,
        0.8509803921568627,
        0.9454901960784313
      ],
      "variance": 0.055940660654672264
    }
  ]
}