{
  "group_name": "extratic\\assets\\extratic\\textures\\items\\bolt\\generic\\sapphire_bolt_shaft.png",
  "segment_dicts": [
    {
      "equivalent": false,
      "hues": [
        0.7047619047619048,
        0.774891774891775,
        0.7765423242467718
      ],
      "lightness": 0.3937611408199644,
      "sats": [
        1.0,
        0.9978525411596277,
        0.8974358974358975
      ],
      "vals": [
        0.15294117647058827,
        0.30196078431372547,
        0.6848039215686275
      ],
      "variance": 0.1741676820560324
    }
  ]
}