{
  "group_name": "extratic\\assets\\extratic\\textures\\items\\bolt\\generic\\sapphire_bolt_head.png",
  "segment_dicts": [
    {
      "equivalent": false,
      "hues": [
        0.38265306122448983,
        0.43906249999999997,
        0.45100143061516457
      ],
      "lightness": 0.8479302832244009,
      "sats": [
        0.9538002980625931,
        0.9490835030549898,
        0.8672566371681416
      ],
      "vals": [
        0.44313725490196076,
        0.8771241830065359,
        0.9627450980392156
      ],
      "variance": 0.04640491567854448
    }
  ]
}