{
  "group_name": "extratic\\assets\\extratic\\textures\\items\\hammer\\generic\\amethyst_hammer_handle.png",
  "segment_dicts": [
    {
      "equivalent": false,
      "hues": [
        0.03608247422680413,
        0.05555555555555556,
        0.10572687224669604
      ],
      "lightness": 0.7416246498599439,
      "sats": [
        1.0,
        0.9567198177676538,
        0.8901960784313725
      ],
      "vals": [
        0.3803921568627451,
        0.8607843137254902,
        1.0
      ],
      "variance": 0.16338348505275035
    }
  ]
}