{
  "group_name": "extratic\\assets\\extratic\\textures\\items\\trident\\generic\\sapphire_trident_handle.png",
  "segment_dicts": [
    {
      "equivalent": false,
      "hues": [
        0.57981220657277,
        0.586682427107959,
        0.5964912280701754
      ],
      "lightness": 0.7671191553544494,
      "sats": [
        0.36224489795918374,
        0.33176470588235296,
        0.15702479338842967
      ],
      "vals": [
        0.4745098039215686,
        0.7686274509803922,
        1.0
      ],
      "variance": 0.06673935120063482
    }
  ]
}