{
  "group_name": "binniecore\\assets\\extrabees\\textures\\items\\misc\\dyeWhite.png",
  "segment_dicts": [
    {
      "equivalent": false,
      "hues": [
        0.17204968944099375,
        0.17228338201153295,
        0.1726190476190476
      ],
      "lightness": 0.7493715434891906,
      "sats": [
        1.0,
        0.8953932810299738,
        0.7347125038028596
      ],
      "vals": [
        0.5490196078431372,
        0.7797647058823529,
        0.8889790398918187
      ],
      "variance": 0.47315985535549454
    },
    {
      "equivalent": false,
      "hues": [
        0.1726190476190476
      ],
      "lightness": 0.5490196078431373,
      "sats": [
        1.0
      ],
      "vals": [
        0.5490196078431373
      ],
      "variance": 0.6458285388345829
    }
  ]
}