{
  "group_name": "extratic\\assets\\extratic\\textures\\items\\longsword\\natura\\darkwood_longsword_blade.png",
  "segment_dicts": [
    {
      "equivalent": false,
      "hues": [
        0.0
      ],
      "lightness": 0.42151835093011564,
      "sats": [
        0.6,
        0.5952380952380951,
        0.3592233009708736
      ],
      "vals": [
        0.16470588235294115,
        0.7058823529411765,
        0.807843137254902
      ],
      "variance": 0.5633507148840715
    }
  ]
}