{
  "group_name": "botania\\assets\\botania\\textures\\items\\auraRingGreater.png",
  "segment_dicts": [
    {
      "equivalent": true,
      "hues": [
        0.2770995190529042,
        0.2787469660194175,
        0.28746763509196677
      ],
      "lightness": 0.7132586367880485,
      "sats": [
        0.9983885587672476,
        0.8873334230717459,
        0.48623853211009166
      ],
      "vals": [
        0.5990346907993966,
        0.7666666666666667,
        0.9478260869565217
      ],
      "variance": 0.2440089921927667
    },
    {
      "equivalent": true,
      "hues": [
        0.8173913043478261,
        0.817524115755627,
        0.8176818950930627
      ],
      "lightness": 0.9143790849673201,
      "sats": [
        0.9334415584415584,
        0.8614958448753463,
        0.5338753387533876
      ],
      "vals": [
        0.8052287581699346,
        0.9437908496732026,
        0.9647058823529412
      ],
      "variance": 0.19033847558057232
    }
  ]
}