{
  "group_name": "minecraft\\assets\\minecraft\\textures\\items\\dye_powder_white.png",
  "segment_dicts": [
    {
      "equivalent": false,
      "hues": [
        0.2856633380884451,
        0.46551724137931033,
        0.7631578947368424
      ],
      "lightness": 0.8126502213788741,
      "sats": [
        0.6712962962962963,
        0.5150624540778839,
        0.17335766423357651
      ],
      "vals": [
        0.7163398692810456,
        0.8211161387631976,
        0.8470588235294118
      ],
      "variance": 0.43182086425449856
    },
    {
      "equivalent": false,
      "hues": [
        0.05493005800068237,
        0.291247997670016,
        0.3101441241685144
      ],
      "lightness": 0.5430438842203549,
      "sats": [
        0.8577699736611062,
        0.7066995986415561,
        0.5272541283062984
      ],
      "vals": [
        0.4032368502956738,
        0.638095238095238,
        0.7667226890756302
      ],
      "variance": 0.6462080342480018
    }
  ]
}