{
  "group_name": "minecraft\\assets\\minecraft\\textures\\items\\ender_eye.png",
  "segment_dicts": [
    {
      "equivalent": false,
      "hues": [
        0.9458657103008568,
        0.06540447504302926,
        0.15489851941856805
      ],
      "lightness": 0.7416302058013289,
      "sats": [
        0.9093922651933705,
        0.8253576714356192,
        0.153460116217644
      ],
      "vals": [
        0.5151802656546489,
        0.9243046055631556,
        0.9279411764705883
      ],
      "variance": 0.5002066581121781
    }
  ]
}