{
  "group_name": "witchery\\assets\\witchery\\textures\\items\\ingredient.attunedStone.png",
  "segment_dicts": [
    {
      "equivalent": false,
      "hues": [
        0.0,
        0.47154471544715443
      ],
      "lightness": 0.9915966386554622,
      "sats": [
        0.16399999999999998,
        0.0
      ],
      "vals": [
        0.9803921568627451,
        1.0
      ],
      "variance": 0.43807620436072287
    },
    {
      "equivalent": false,
      "hues": [
        0.47297297297297297
      ],
      "lightness": 0.5568627450980392,
      "sats": [
        0.7816901408450704
      ],
      "vals": [
        0.5568627450980392
      ],
      "variance": 0.7800753337208043
    },
    {
      "equivalent": false,
      "hues": [
        0.47044500419815277,
        0.47117619711761966,
        0.47297297297297297
      ],
      "lightness": 0.8550245098039215,
      "sats": [
        0.78169014084507,
        0.6024197613846414,
        0.1715347390252333
      ],
      "vals": [
        0.5568627450980392,
        0.9334901960784314,
        0.9655402586566542
      ],
      "variance": 0.5080496368678995
    }
  ]
}