{
  "group_name": "botania\\assets\\botania\\textures\\items\\rune0.png",
  "segment_dicts": [
    {
      "equivalent": false,
      "hues": [
        0.6674537583628494,
        0.12504113195129976,
        0.1381039197812215
      ],
      "lightness": 0.7652287581699346,
      "sats": [
        0.22707774798927607,
        0.15427962229667977,
        0.10852789869410376
      ],
      "vals": [
        0.6437254901960784,
        0.8089635854341737,
        0.9142156862745098
      ],
      "variance": 0.3484571414322198
    },
    {
      "equivalent": false,
      "hues": [
        0.6670079635949943,
        0.08225108225108257,
        0.12321232123212321
      ],
      "lightness": 0.8595924644367552,
      "sats": [
        0.3134360290971331,
        0.165302782324059,
        0.016975308641975384
      ],
      "vals": [
        0.7188235294117648,
        0.8085561497326204,
        0.9647058823529412
      ],
      "variance": 0.31020447089231273
    }
  ]
}