{
  "group_name": "botania\\assets\\botania\\textures\\items\\rune0.png",
  "segment_dicts": [
    {
      "equivalent": false,
      "hues": [
        0.018234165067178527,
        0.07004954724073136,
        0.1409897292250234
      ],
      "lightness": 0.7279178338001868,
      "sats": [
        0.6416256157635468,
        0.2218305855599773,
        0.10939734422880493
      ],
      "vals": [
        0.4549019607843137,
        0.6762783544790465,
        0.8168544013350021
      ],
      "variance": 0.3852405980697922
    },
    {
      "equivalent": false,
      "hues": [
        0.0004145936981757951,
        0.014500170590242223,
        0.09888059701492541
      ],
      "lightness": 0.6667435601691657,
      "sats": [
        0.7430683918669131,
        0.5244229736983359,
        0.1408056042031523
      ],
      "vals": [
        0.3535947712418301,
        0.6641711229946524,
        0.799719887955182
      ],
      "variance": 0.42058674187674605
    }
  ]
}