{
  "group_name": "botania\\assets\\botania\\textures\\items\\rune0.png",
  "segment_dicts": [
    {
      "equivalent": false,
      "hues": [
        0.003179650238473756,
        0.11025183422565922,
        0.14561403508771925
      ],
      "lightness": 0.7659010270774977,
      "sats": [
        0.8507664562669072,
        0.1733525832731773,
        0.10058823529411769
      ],
      "vals": [
        0.67906162464986,
        0.8333333333333334,
        0.9664488017429194
      ],
      "variance": 0.3486871351113471
    },
    {
      "equivalent": false,
      "hues": [
        0.0012923351158645364,
        0.026504297994269326,
        0.09933082392304461
      ],
      "lightness": 0.8624375240292195,
      "sats": [
        0.9345327336331836,
        0.4771018455228981,
        0.13911677430616154
      ],
      "vals": [
        0.8023809523809524,
        0.8196078431372549,
        0.9808823529411764
      ],
      "variance": 0.3096570214881362
    }
  ]
}