{
  "group_name": "botania\\assets\\botania\\textures\\items\\rune0.png",
  "segment_dicts": [
    {
      "equivalent": true,
      "hues": [
        0.12050456253354809,
        0.12882582081246535,
        0.15443645083932864
      ],
      "lightness": 0.750326797385621,
      "sats": [
        0.20142718131689913,
        0.13430493273542599,
        0.08699461759919883
      ],
      "vals": [
        0.6045098039215686,
        0.7287581699346405,
        0.8467408585055644
      ],
      "variance": 0.3498304894919073
    },
    {
      "equivalent": true,
      "hues": [
        0.7512410369553226,
        0.7706131078224101,
        0.7772435897435899
      ],
      "lightness": 0.6827374086889657,
      "sats": [
        0.8830979055041402,
        0.3984835720303285,
        0.08843537414965985
      ],
      "vals": [
        0.6649859943977591,
        0.6709150326797385,
        0.7686274509803921
      ],
      "variance": 0.38446288055659783
    }
  ]
}