{
  "group_name": "botania\\assets\\botania\\textures\\items\\terraAxe0.png",
  "segment_dicts": [
    {
      "equivalent": true,
      "hues": [
        0.24798512089274646,
        0.2643419884598313,
        0.2791770870549006
      ],
      "lightness": 0.6043808514396749,
      "sats": [
        0.8640222256521068,
        0.8622273249138919,
        0.4920683343502136
      ],
      "vals": [
        0.4269607843137254,
        0.7699346405228757,
        0.9182072829131653
      ],
      "variance": 0.5050057929015893
    }
  ]
}