{
  "group_name": "botania\\assets\\botania\\textures\\items\\unholyCloak.png",
  "segment_dicts": [
    {
      "equivalent": true,
      "hues": [
        0.0
      ],
      "lightness": 0.0988235294117647,
      "sats": [
        0.890649762282092,
        0.1705882352941169,
        0.12379421221864981
      ],
      "vals": [
        0.0465116279069767,
        0.06418988648090818,
        0.35350140056022417
      ],
      "variance": 4.403527912183891
    },
    {
      "equivalent": true,
      "hues": [
        0.0
      ],
      "lightness": 0.35350140056022405,
      "sats": [
        0.8916083916083916,
        0.8884297520661157,
        0.8883928571428571
      ],
      "vals": [
        0.31633986928104574,
        0.35137254901960785,
        0.3738562091503268
      ],
      "variance": 1.231033793517018
    },
    {
      "equivalent": true,
      "hues": [
        0.0
      ],
      "lightness": 0.2003137254901961,
      "sats": [
        0.8900091659028414,
        0.20930232558139517,
        0.11888111888111864
      ],
      "vals": [
        0.04215686274509803,
        0.062309368191721115,
        0.3565359477124183
      ],
      "variance": 2.17245308118704
    }
  ]
}