{
  "group_name": "binniecore\\assets\\botany\\textures\\blocks\\flowers\\pollen.0.png",
  "segment_dicts": [
    {
      "equivalent": true,
      "hues": [
        0.0
      ],
      "lightness": 0.9745098039215687,
      "sats": [
        0.0
      ],
      "vals": [
        0.9411764705882353,
        0.9921568627450981
      ],
      "variance": 0.22533796254486438
    },
    {
      "equivalent": true,
      "hues": [
        0.0
      ],
      "lightness": 0.9411764705882353,
      "sats": [
        0.0
      ],
      "vals": [
        0.9411764705882353
      ],
      "variance": 0.23331868205166167
    }
  ]
}