{
  "group_name": "ic2\\assets\\ic2\\textures\\items\\resources\\itemCasingBronze.png",
  "segment_dicts": [
    {
      "equivalent": false,
      "hues": [
        0.19277448489980223,
        0.21432800473653071,
        0.3333333333333361
      ],
      "lightness": 0.4935375333565378,
      "sats": [
        0.151515151515152,
        0.14762499999999978,
        0.14576051779935276
      ],
      "vals": [
        0.25882352941176445,
        0.6585677749360614,
        0.8044243338360983
      ],
      "variance": 0.6849299917723214
    }
  ]
}