{
  "group_name": "ic2\\assets\\ic2\\textures\\items\\resources\\itemCrushedSilverOre.png",
  "segment_dicts": [
    {
      "equivalent": false,
      "hues": [
        0.0,
        0.3333333333333333,
        0.5595238095238116
      ],
      "lightness": 0.604163640764948,
      "sats": [
        0.0032110091743117984,
        1.1750041044311654e-16,
        0.0
      ],
      "vals": [
        0.4724336793540946,
        0.5699346405228758,
        0.9280276816608997
      ],
      "variance": 0.24107266202583863
    },
    {
      "equivalent": false,
      "hues": [
        0.5416666666666665,
        0.5555555555555545
      ],
      "lightness": 0.5343137254901961,
      "sats": [
        0.03252032520325203,
        0.03225806451612903,
        0.010067114093959885
      ],
      "vals": [
        0.4823529411764706,
        0.48627450980392156,
        0.5843137254901961
      ],
      "variance": 0.27258767692109553
    },
    {
      "equivalent": false,
      "hues": [
        0.555555555555555,
        0.5555555555555561,
        0.0
      ],
      "lightness": 0.6879551820728291,
      "sats": [
        0.01967213114754128,
        0.01195219123505983,
        0.0
      ],
      "vals": [
        0.49215686274509807,
        0.5980392156862746,
        0.8784313725490196
      ],
      "variance": 0.2117105023318362
    },
    {
      "equivalent": false,
      "hues": [
        0.0
      ],
      "lightness": 0.8784313725490196,
      "sats": [
        0.0
      ],
      "vals": [
        0.8784313725490196
      ],
      "variance": 0.16580388830580028
    }
  ]
}