{
  "group_name": "railcraft\\assets\\railcraft\\textures\\items\\dust.saltpeter.png",
  "segment_dicts": [
    {
      "equivalent": false,
      "hues": [
        0.07483370288248337,
        0.07558097704870853,
        0.07658822515300406
      ],
      "lightness": 0.7331509347925216,
      "sats": [
        0.8376423793165793,
        0.8137626262626262,
        0.7782571182053495
      ],
      "vals": [
        0.6211764705882352,
        0.7746498599439776,
        0.8116246498599441
      ],
      "variance": 0.47807114961471603
    },
    {
      "equivalent": false,
      "hues": [
        0.07575757575757576,
        0.07874015748031495
      ],
      "lightness": 0.6176470588235294,
      "sats": [
        0.8354430379746836,
        0.8089171974522292
      ],
      "vals": [
        0.615686274509804,
        0.6196078431372549
      ],
      "variance": 0.5674734546700186
    }
  ]
}