{
  "group_name": "ic2\\assets\\ic2\\textures\\items\\resources\\itemPurifiedCrushedTinOre.png",
  "segment_dicts": [
    {
      "equivalent": false,
      "hues": [
        0.07000778650810506,
        0.07824960127591707,
        0.07868410927279719
      ],
      "lightness": 0.71639549436796,
      "sats": [
        0.780578898225957,
        0.7565874035989717,
        0.5902793549852373
      ],
      "vals": [
        0.6596714361420244,
        0.7347517730496455,
        0.84
      ],
      "variance": 0.17223255723405737
    }
  ]
}