{
  "group_name": "extratic\\assets\\extratic\\textures\\items\\longsword\\natura\\netherquartz_longsword_accessory.png",
  "segment_dicts": [
    {
      "equivalent": false,
      "hues": [
        0.8333333333333334
      ],
      "lightness": 0.28294117647058825,
      "sats": [
        0.21733668341708523,
        0.1965811965811964,
        0.1756756756756757
      ],
      "vals": [
        0.2081045751633987,
        0.45882352941176463,
        0.5803921568627451
      ],
      "variance": 0.6931967539237078
    }
  ]
}