{
  "group_name": "extratic\\assets\\extratic\\textures\\items\\scythe\\metallurgy3\\nether\\kalendrite_scythe_head_broken.png",
  "segment_dicts": [
    {
      "equivalent": false,
      "hues": [
        0.3493589743589744,
        0.34942363112391933,
        0.34974747474747475
      ],
      "lightness": 0.3434640522875817,
      "sats": [
        1.0,
        0.8859060402684564
      ],
      "vals": [
        0.20392156862745098,
        0.3887955182072829,
        0.5843137254901961
      ],
      "variance": 0.5664460375909305
    }
  ]
}