{
  "group_name": "extratic\\assets\\extratic\\textures\\items\\scythe\\metallurgy3\\precious\\brass_scythe_binding.png",
  "segment_dicts": [
    {
      "equivalent": false,
      "hues": [
        0.5829307568438002,
        0.5833333333333334
      ],
      "lightness": 0.5105882352941177,
      "sats": [
        1.0,
        0.9241071428571429
      ],
      "vals": [
        0.3215686274509804,
        0.5803921568627451,
        0.8784313725490196
      ],
      "variance": 0.2042281102019186
    }
  ]
}