{
  "group_name": "extratic\\assets\\extratic\\textures\\items\\trident\\generic\\sapphire_trident_handle.png",
  "segment_dicts": [
    {
      "equivalent": false,
      "hues": [
        0.17135549872122757,
        0.17320261437908493,
        0.17500000000000004
      ],
      "lightness": 0.5315233785822021,
      "sats": [
        0.9357798165137614,
        0.9265402843601896,
        0.9090909090909091
      ],
      "vals": [
        0.25882352941176473,
        0.5516339869281045,
        0.8549019607843137
      ],
      "variance": 0.11695649200536117
    }
  ]
}