{
  "group_name": "extratic\\assets\\extratic\\textures\\items\\trident\\metallurgy3\\precious\\brass_trident_head.png",
  "segment_dicts": [
    {
      "equivalent": false,
      "hues": [
        0.16987179487179485,
        0.17225950782997765,
        0.17320261437908502
      ],
      "lightness": 0.3618300653594771,
      "sats": [
        1.0,
        0.9357798165137614,
        0.93125
      ],
      "vals": [
        0.20392156862745087,
        0.6274509803921569,
        0.8549019607843138
      ],
      "variance": 0.5270975315970742
    }
  ]
}