{
  "group_name": "extratic\\assets\\extratic\\textures\\items\\bolt\\generic\\sapphire_bolt_shaft.png",
  "segment_dicts": [
    {
      "equivalent": false,
      "hues": [
        0.0
      ],
      "lightness": 0.38360071301247767,
      "sats": [
        0.0
      ],
      "vals": [
        0.2013071895424837,
        0.45343137254901966,
        0.6
      ],
      "variance": 0.38494813389805954
    }
  ]
}