{
  "group_name": "extratic\\assets\\extratic\\textures\\items\\bolt\\generic\\sapphire_bolt_head.png",
  "segment_dicts": [
    {
      "equivalent": false,
      "hues": [
        0.0
      ],
      "lightness": 0.3555555555555555,
      "sats": [
        0.0
      ],
      "vals": [
        0.23529411764705882,
        0.4470588235294118,
        0.5647058823529412
      ],
      "variance": 0.28298263058998524
    }
  ]
}