{
  "group_name": "extratic\\assets\\extratic\\textures\\items\\parts\\bop\\mud_shovel_head.png",
  "segment_dicts": [
    {
      "equivalent": false,
      "hues": [
        0.0
      ],
      "lightness": 0.24196078431372547,
      "sats": [
        0.0
      ],
      "vals": [
        0.047058823529411764,
        0.225,
        0.5999999999999999
      ],
      "variance": 0.9105962388180596
    }
  ]
}