{
  "group_name": "extratic\\assets\\extratic\\textures\\items\\excavator\\metallurgy3\\precious\\brass_excavator_head.png",
  "segment_dicts": [
    {
      "equivalent": true,
      "hues": [
        0.09956709956709957,
        0.1002133534136546,
        0.1020408163265306
      ],
      "lightness": 0.5839489284085726,
      "sats": [
        0.7903225806451616,
        0.7674082635076568,
        0.326271186440678
      ],
      "vals": [
        0.24313725490196086,
        0.7540305010893247,
        0.9254901960784314
      ],
      "variance": 0.3354608905666444
    }
  ]
}