{
  "group_name": "extratic\\assets\\extratic\\textures\\items\\excavator\\metallurgy3\\precious\\platinum_excavator_grip.png",
  "segment_dicts": [
    {
      "equivalent": true,
      "hues": [
        0.525,
        0.5258620689655172,
        0.5263157894736841
      ],
      "lightness": 0.6643790849673202,
      "sats": [
        0.5178571428571429,
        0.3174603174603175,
        0.07949790794979075
      ],
      "vals": [
        0.4392156862745098,
        0.7411764705882353,
        0.9372549019607843
      ],
      "variance": 0.12581876425161467
    }
  ]
}