{
  "group_name": "extratic\\assets\\extratic\\textures\\items\\excavator\\generic\\amethyst_excavator_handle.png",
  "segment_dicts": [
    {
      "equivalent": false,
      "hues": [
        0.524896265560166,
        0.525,
        0.5258620689655172
      ],
      "lightness": 0.6833333333333333,
      "sats": [
        0.5178571428571429,
        0.3174603174603175,
        0.10290350128095642
      ],
      "vals": [
        0.4392156862745097,
        0.7411764705882353,
        0.9184313725490196
      ],
      "variance": 0.18559041667050694
    }
  ]
}