{
  "group_name": "extratic\\assets\\extratic\\textures\\items\\excavator\\erebus\\jade_excavator_binding.png",
  "segment_dicts": [
    {
      "equivalent": false,
      "hues": [
        0.5231481481481483,
        0.525,
        0.5276338514680484
      ],
      "lightness": 0.5857843137254902,
      "sats": [
        0.5202156334231806,
        0.3174603174603175,
        0.16143497757847539
      ],
      "vals": [
        0.36372549019607847,
        0.7411764705882353,
        0.8745098039215686
      ],
      "variance": 0.19869030717104097
    }
  ]
}