{
  "group_name": "extratic\\assets\\extratic\\textures\\items\\excavator\\generic\\amethyst_excavator_handle.png",
  "segment_dicts": [
    {
      "equivalent": false,
      "hues": [
        0.0,
        0.5
      ],
      "lightness": 0.8208333333333333,
      "sats": [
        0.0039215686274509665,
        0.0
      ],
      "vals": [
        0.6784313725490196,
        0.8558069381598793,
        1.0
      ],
      "variance": 0.0897612405660219
    }
  ]
}