{
  "group_name": "extratic\\assets\\extratic\\textures\\items\\dagger\\metallurgy3\\precious\\brass_dagger_handle.png",
  "segment_dicts": [
    {
      "equivalent": false,
      "hues": [
        0.6777777777777777,
        0.7162162162162162,
        0.718213058419244
      ],
      "lightness": 0.18179271708683475,
      "sats": [
        0.47317073170731716,
        0.4545454545454546,
        0.45121951219512196
      ],
      "vals": [
        0.12941176470588237,
        0.1607843137254902,
        0.3215686274509804
      ],
      "variance": 0.498124813899169
    }
  ]
}