{
  "group_name": "extratic\\assets\\extratic\\textures\\items\\pickmattock\\aoa\\jade_pickmattock_head_broken.png",
  "segment_dicts": [
    {
      "equivalent": false,
      "hues": [
        0.16904761904761903,
        0.16979166666666665,
        0.1834030683403068
      ],
      "lightness": 0.6220588235294118,
      "sats": [
        1.0,
        0.9859154929577465
      ],
      "vals": [
        0.5568627450980392,
        0.6274509803921569,
        0.9372549019607843
      ],
      "variance": 0.0991811621871291
    }
  ]
}