{
  "group_name": "extratic\\assets\\extratic\\textures\\items\\hammer\\generic\\amethyst_hammer_handle.png",
  "segment_dicts": [
    {
      "equivalent": false,
      "hues": [
        0.8386666666666667,
        0.843939393939394,
        0.8752620545073375
      ],
      "lightness": 0.787563025210084,
      "sats": [
        1.0,
        0.5681818181818183
      ],
      "vals": [
        0.6235294117647059,
        0.8627450980392157
      ],
      "variance": 0.10988602366879201
    }
  ]
}