{
  "group_name": "extratic\\assets\\extratic\\textures\\items\\javelin\\aoa\\limonite_javelin_handle.png",
  "segment_dicts": [
    {
      "equivalent": false,
      "hues": [
        0.09114583333333333,
        0.09289617486338797,
        0.09523809523809519
      ],
      "lightness": 0.386159169550173,
      "sats": [
        0.5925925925925926,
        0.5922330097087378,
        0.5697674418604651
      ],
      "vals": [
        0.33725490196078434,
        0.403921568627451,
        0.4235294117647059
      ],
      "variance": 0.26294200149480434
    }
  ]
}