{
  "group_name": "extratic\\assets\\extratic\\textures\\items\\parts\\ae\\certus_quartz_hammer_head.png",
  "segment_dicts": [
    {
      "equivalent": false,
      "hues": [
        0.7475247524752476
      ],
      "lightness": 0.39607843137254894,
      "sats": [
        1.0
      ],
      "vals": [
        0.396078431372549
      ],
      "variance": 0.5384358373469885
    },
    {
      "equivalent": false,
      "hues": [
        0.7479452054794521,
        0.7505216484089723,
        0.7570921985815602
      ],
      "lightness": 0.6429308565531475,
      "sats": [
        1.0,
        0.967448902346707,
        0.4034334763948498
      ],
      "vals": [
        0.4771241830065359,
        0.7400560224089636,
        0.9137254901960785
      ],
      "variance": 0.3317041322211463
    }
  ]
}