{
  "group_name": "extratic\\assets\\extratic\\textures\\items\\parts\\twilightforest\\knightmetal_rod.png",
  "segment_dicts": [
    {
      "equivalent": false,
      "hues": [
        0.7451499118165784,
        0.7527777777777778,
        0.7570921985815603
      ],
      "lightness": 0.7902813299232736,
      "sats": [
        0.9944751381215469,
        0.9086538461538463,
        0.40343347639484983
      ],
      "vals": [
        0.7098039215686275,
        0.8156862745098039,
        0.9137254901960784
      ],
      "variance": 0.1874168137541418
    },
    {
      "equivalent": false,
      "hues": [
        0.7475247524752476
      ],
      "lightness": 0.39607843137254894,
      "sats": [
        1.0
      ],
      "vals": [
        0.396078431372549
      ],
      "variance": 0.37394616089128163
    }
  ]
}