{
  "group_name": "extratic\\assets\\extratic\\textures\\items\\parts\\aoa\\limonite_crossbow_limb.png",
  "segment_dicts": [
    {
      "equivalent": false,
      "hues": [
        0.2706855791962175,
        0.27306179418855475,
        0.27333333333333326
      ],
      "lightness": 0.48123249299719884,
      "sats": [
        0.7362668161434978,
        0.7352941176470588,
        0.6778846153846153
      ],
      "vals": [
        0.2666666666666666,
        0.4997198879551821,
        0.8156862745098039
      ],
      "variance": 0.4234226764169538
    }
  ]
}