{
  "group_name": "extratic\\assets\\extratic\\textures\\items\\parts\\bop\\mud_large_guard.png",
  "segment_dicts": [
    {
      "equivalent": false,
      "hues": [
        0.2713178294573644,
        0.2733333333333334,
        0.27340823970037453
      ],
      "lightness": 0.27168627450980387,
      "sats": [
        0.7413793103448275,
        0.7355371900826446,
        0.7352941176470589
      ],
      "vals": [
        0.2274509803921569,
        0.26666666666666666,
        0.4745098039215686
      ],
      "variance": 0.802386286725711
    }
  ]
}