{
  "group_name": "extratic\\assets\\extratic\\textures\\items\\parts\\bop\\mud_binding.png",
  "segment_dicts": [
    {
      "equivalent": false,
      "hues": [
        0.6223776223776224,
        0.6228956228956228,
        0.6238165197518772
      ],
      "lightness": 0.40911764705882353,
      "sats": [
        0.7385171790235081,
        0.7371134020618557,
        0.4520547945205479
      ],
      "vals": [
        0.32857991681521087,
        0.7607843137254902,
        0.8588235294117647
      ],
      "variance": 0.552106789476437
    }
  ]
}