{
  "group_name": "extratic\\assets\\extratic\\textures\\items\\parts\\aoa\\crystalitestone_crossbow_body.png",
  "segment_dicts": [
    {
      "equivalent": false,
      "hues": [
        0.6220510351468463,
        0.6223776223776224,
        0.6227272727272727
      ],
      "lightness": 0.6313725490196078,
      "sats": [
        0.7371134020618557,
        0.7352212389380531,
        0.5116279069767442
      ],
      "vals": [
        0.5035650623885918,
        0.7607843137254902,
        0.8431372549019609
      ],
      "variance": 0.10912666872569304
    }
  ]
}