{
  "group_name": "extratic\\assets\\extratic\\textures\\items\\arrow\\metallurgy3\\nether\\amordrine_arrow_head.png",
  "segment_dicts": [
    {
      "equivalent": false,
      "hues": [
        0.06802721088435375,
        0.0793010752688172,
        0.08176100628930816
      ],
      "lightness": 0.53781512605042,
      "sats": [
        0.6950354609929078,
        0.6358974358974359,
        0.4308943089430894
      ],
      "vals": [
        0.4823529411764706,
        0.5529411764705883,
        0.7647058823529411
      ],
      "variance": 0.0991518474239598
    }
  ]
}