{
  "group_name": "extratic\\assets\\extratic\\textures\\items\\parts\\bop\\mud_frypan_head.png",
  "segment_dicts": [
    {
      "equivalent": false,
      "hues": [
        0.0
      ],
      "lightness": 0.42923351158645273,
      "sats": [
        0.9942857142857143,
        0.9856337515911985,
        0.7362204724409449
      ],
      "vals": [
        0.27297096053611314,
        0.6862745098039216,
        0.996078431372549
      ],
      "variance": 0.8185620570366012
    }
  ]
}