{
  "group_name": "extratic\\assets\\extratic\\textures\\items\\parts\\bop\\mud_crossbar.png",
  "segment_dicts": [
    {
      "equivalent": false,
      "hues": [
        0.0
      ],
      "lightness": 0.3331372549019608,
      "sats": [
        0.9942857142857143,
        0.9798657718120806,
        0.7362204724409449
      ],
      "vals": [
        0.19477124183006536,
        0.6862745098039216,
        0.996078431372549
      ],
      "variance": 0.7789000791948053
    }
  ]
}