{
  "group_name": "extratic\\assets\\extratic\\textures\\items\\parts\\natura\\netherquartz_scythe_head.png",
  "segment_dicts": [
    {
      "equivalent": false,
      "hues": [
        0.0
      ],
      "lightness": 0.42957983193277305,
      "sats": [
        0.9942857142857143,
        0.985198342214328,
        0.7362204724409449
      ],
      "vals": [
        0.26494117647058824,
        0.6862745098039216,
        0.996078431372549
      ],
      "variance": 0.7188768140320129
    }
  ]
}