{
  "group_name": "extratic\\assets\\extratic\\textures\\items\\parts\\bop\\mud_excavator_head.png",
  "segment_dicts": [
    {
      "equivalent": false,
      "hues": [
        0.5076628352490421,
        0.5087719298245613,
        0.5104166666666666
      ],
      "lightness": 0.5436388508891928,
      "sats": [
        0.278846153846154,
        0.2657342657342658,
        0.07529411764705883
      ],
      "vals": [
        0.3058823529411765,
        0.5607843137254902,
        0.8333333333333333
      ],
      "variance": 0.5104717298483844
    }
  ]
}