{
  "group_name": "extratic\\assets\\extratic\\textures\\items\\parts\\bop\\mud_arrowhead.png",
  "segment_dicts": [
    {
      "equivalent": false,
      "hues": [
        0.5077243018419488,
        0.5087719298245613,
        0.51010101010101
      ],
      "lightness": 0.47537063605930174,
      "sats": [
        0.2791044776119402,
        0.2657342657342658,
        0.0782299486369024
      ],
      "vals": [
        0.30316742081447967,
        0.5607843137254902,
        0.8271241830065359
      ],
      "variance": 0.5804327713066327
    }
  ]
}