{
  "group_name": "extratic\\assets\\extratic\\textures\\items\\parts\\bop\\mud_crossbar.png",
  "segment_dicts": [
    {
      "equivalent": false,
      "hues": [
        0.5079365079365079,
        0.5087719298245613,
        0.5093632958801501
      ],
      "lightness": 0.4366666666666667,
      "sats": [
        0.2799999999999998,
        0.2657342657342658,
        0.08607350096711801
      ],
      "vals": [
        0.2941176470588235,
        0.5607843137254902,
        0.8109803921568628
      ],
      "variance": 0.5079693740404183
    }
  ]
}