{
  "group_name": "extratic\\assets\\extratic\\textures\\items\\parts\\thermal\\signalum_large_sword_blade.png",
  "segment_dicts": [
    {
      "equivalent": false,
      "hues": [
        0.14476224957760078,
        0.1461352657004831,
        0.1461538461538462
      ],
      "lightness": 0.4991251885369533,
      "sats": [
        1.0,
        0.9912854030501089
      ],
      "vals": [
        0.2927397986221515,
        0.5411764705882353,
        0.8999999999999999
      ],
      "variance": 0.6562199333805918
    }
  ]
}