{
  "group_name": "extratic\\assets\\extratic\\textures\\items\\parts\\twilightforest\\knightmetal_toughbind.png",
  "segment_dicts": [
    {
      "equivalent": false,
      "hues": [
        0.1453252032520326,
        0.14608233731739706,
        0.14624183006535946
      ],
      "lightness": 0.5963235294117648,
      "sats": [
        1.0,
        0.9843137254901961
      ],
      "vals": [
        0.3215686274509803,
        0.8,
        1.0
      ],
      "variance": 0.47998586907546126
    }
  ]
}