{
  "group_name": "extratic\\assets\\extratic\\textures\\items\\parts\\metallurgy3\\precious\\silver_sword_blade.png",
  "segment_dicts": [
    {
      "equivalent": false,
      "hues": [
        0.14393939393939392,
        0.1460823373173971,
        0.14624183006535946
      ],
      "lightness": 0.6089635854341736,
      "sats": [
        1.0,
        0.9843137254901961
      ],
      "vals": [
        0.2588235294117648,
        0.8,
        1.0
      ],
      "variance": 0.4658966268503176
    },
    {
      "equivalent": false,
      "hues": [
        0.14393939393939392
      ],
      "lightness": 0.25882352941176473,
      "sats": [
        1.0
      ],
      "vals": [
        0.25882352941176473
      ],
      "variance": 1.0961680376326735
    }
  ]
}