{
  "group_name": "extratic\\assets\\extratic\\textures\\items\\parts\\metallurgy3\\precious\\silver_sword_blade.png",
  "segment_dicts": [
    {
      "equivalent": false,
      "hues": [
        0.5880503144654088,
        0.5911458333333334,
        0.5919540229885056
      ],
      "lightness": 0.4687208216619981,
      "sats": [
        0.5289256198347106,
        0.5087719298245612,
        0.25480769230769235
      ],
      "vals": [
        0.22352941176470578,
        0.4745098039215686,
        0.8156862745098039
      ],
      "variance": 0.6790005126360844
    },
    {
      "equivalent": false,
      "hues": [
        0.5919540229885057
      ],
      "lightness": 0.2235294117647059,
      "sats": [
        0.5087719298245614
      ],
      "vals": [
        0.2235294117647059
      ],
      "variance": 1.4238022445418308
    }
  ]
}