{
  "group_name": "extratic\\assets\\extratic\\textures\\items\\parts\\twilightforest\\knightmetal_toughbind.png",
  "segment_dicts": [
    {
      "equivalent": false,
      "hues": [
        0.5880503144654089,
        0.5911458333333334,
        0.5928571428571429
      ],
      "lightness": 0.44642156862745097,
      "sats": [
        0.5289256198347108,
        0.5147058823529412,
        0.25480769230769224
      ],
      "vals": [
        0.2666666666666667,
        0.4745098039215686,
        0.8156862745098039
      ],
      "variance": 0.7059545452623472
    }
  ]
}