{
  "group_name": "extratic\\assets\\tinker\\textures\\items\\parts\\signalum_knife_blade.png",
  "segment_dicts": [
    {
      "equivalent": false,
      "hues": [
        0.5880503144654088,
        0.5911458333333334,
        0.5919540229885057
      ],
      "lightness": 0.3979716024340771,
      "sats": [
        0.5289256198347108,
        0.5087719298245615,
        0.25480769230769235
      ],
      "vals": [
        0.22352941176470595,
        0.4745098039215686,
        0.8156862745098039
      ],
      "variance": 0.7500284633120922
    }
  ]
}