{
  "group_name": "extratic\\assets\\extratic\\textures\\items\\bolt\\generic\\sapphire_bolt_shaft.png",
  "segment_dicts": [
    {
      "equivalent": false,
      "hues": [
        0.04006410256410244,
        0.14044943820224723,
        0.14102564102564102
      ],
      "lightness": 0.7889483065953655,
      "sats": [
        0.6691729323308269,
        0.32155477031802115,
        0.0686922060766182
      ],
      "vals": [
        0.5215686274509803,
        0.8631808278867102,
        0.9895424836601308
      ],
      "variance": 0.09723589622337311
    }
  ]
}