{
  "group_name": "extratic\\assets\\extratic\\textures\\items\\parts\\bop\\mud_arrowhead.png",
  "segment_dicts": [
    {
      "equivalent": false,
      "hues": [
        0.14102564102564102,
        0.14136904761904756,
        0.14141414141414135
      ],
      "lightness": 0.5625059780009565,
      "sats": [
        0.6709677419354839,
        0.6666666666666664,
        0.2931937172774869
      ],
      "vals": [
        0.388235294117647,
        0.607843137254902,
        0.8738562091503268
      ],
      "variance": 0.4213533779343253
    }
  ]
}