{
  "group_name": "extratic\\assets\\tinker\\textures\\items\\parts\\signalum_chisel_head.png",
  "segment_dicts": [
    {
      "equivalent": false,
      "hues": [
        0.14069264069264076,
        0.1414141414141414,
        0.14285714285714285
      ],
      "lightness": 0.5652287581699347,
      "sats": [
        0.6666666666666665,
        0.3548387096774192,
        0.2121212121212121
      ],
      "vals": [
        0.3882352941176471,
        0.8509803921568626,
        0.9058823529411765
      ],
      "variance": 0.4484741819941971
    }
  ]
}