{
  "group_name": "extratic\\assets\\extratic\\textures\\items\\parts\\bop\\mud_crossbar.png",
  "segment_dicts": [
    {
      "equivalent": false,
      "hues": [
        0.14098972922502342,
        0.14141414141414144,
        0.14145658263305325
      ],
      "lightness": 0.5219607843137255,
      "sats": [
        0.672316384180791,
        0.6666666666666666,
        0.32484076433121
      ],
      "vals": [
        0.388235294117647,
        0.6941176470588235,
        0.8619607843137254
      ],
      "variance": 0.36690245251768
    }
  ]
}