{
  "group_name": "extratic\\assets\\extratic\\textures\\items\\parts\\bop\\mud_binding.png",
  "segment_dicts": [
    {
      "equivalent": false,
      "hues": [
        0.23809523809523805,
        0.23840579710144935,
        0.23873873873873874
      ],
      "lightness": 0.42137254901960786,
      "sats": [
        0.7184466019417476,
        0.7179487179487178,
        0.2876797998749218
      ],
      "vals": [
        0.30588235294117644,
        0.403921568627451,
        0.895798319327731
      ],
      "variance": 0.2984930803932669
    }
  ]
}