{
  "group_name": "extratic\\assets\\extratic\\textures\\items\\bolt\\generic\\sapphire_bolt_shaft.png",
  "segment_dicts": [
    {
      "equivalent": false,
      "hues": [
        0.23737373737373738,
        0.2380410022779044,
        0.23873873873873874
      ],
      "lightness": 0.7158645276292336,
      "sats": [
        0.7184466019417477,
        0.6470588235294118,
        0.2351365827530798
      ],
      "vals": [
        0.40392156862745104,
        0.8,
        0.9151960784313726
      ],
      "variance": 0.09127633943492235
    }
  ]
}