{
  "group_name": "extratic\\assets\\extratic\\textures\\items\\parts\\bop\\mud_shovel_head.png",
  "segment_dicts": [
    {
      "equivalent": false,
      "hues": [
        0.23703703703703707,
        0.238237243207422,
        0.23873873873873874
      ],
      "lightness": 0.5780392156862745,
      "sats": [
        0.7180585296216988,
        0.32888888888888884,
        0.18987341772151903
      ],
      "vals": [
        0.32318339100346016,
        0.8823529411764706,
        0.9294117647058824
      ],
      "variance": 0.18110406892875394
    }
  ]
}