{
  "group_name": "extratic\\assets\\extratic\\textures\\items\\parts\\twilightforest\\knightmetal_toughrod.png",
  "segment_dicts": [
    {
      "equivalent": false,
      "hues": [
        0.23809523809523814
      ],
      "lightness": 0.3058823529411765,
      "sats": [
        0.717948717948718
      ],
      "vals": [
        0.3058823529411765
      ],
      "variance": 0.3381215886226765
    },
    {
      "equivalent": false,
      "hues": [
        0.23737373737373738,
        0.23809523809523805,
        0.23873873873873866
      ],
      "lightness": 0.7559249786871269,
      "sats": [
        0.7184466019417476,
        0.6470588235294118,
        0.2575757575757576
      ],
      "vals": [
        0.40392156862745093,
        0.8,
        0.9058823529411765
      ],
      "variance": 0.13681969775326078
    }
  ]
}