{
  "group_name": "extratic\\assets\\tinker\\textures\\items\\parts\\terrasteel_chunk.png",
  "segment_dicts": [
    {
      "equivalent": false,
      "hues": [
        0.573208722741433,
        0.5767888307155324,
        0.5781786941580757
      ],
      "lightness": 0.41252067091897004,
      "sats": [
        0.33739130434782594,
        0.30615164520743926,
        0.22684085510688862
      ],
      "vals": [
        0.2254901960784314,
        0.3915966386554622,
        0.6603921568627452
      ],
      "variance": 0.8018701154583542
    }
  ]
}