{
  "group_name": "extratic\\assets\\tinker\\textures\\items\\parts\\signalum_knife_blade.png",
  "segment_dicts": [
    {
      "equivalent": false,
      "hues": [
        0.041198501872659166,
        0.04166666666666663,
        0.04973821989528795
      ],
      "lightness": 0.3786342123056119,
      "sats": [
        0.8565022421524664,
        0.7478991596638654,
        0.7272727272727273
      ],
      "vals": [
        0.17254901960784316,
        0.4666666666666667,
        0.8745098039215686
      ],
      "variance": 0.8336388598665778
    }
  ]
}