{
  "group_name": "extratic\\assets\\extratic\\textures\\items\\parts\\bop\\mud_binding.png",
  "segment_dicts": [
    {
      "equivalent": false,
      "hues": [
        0.04166666666666661,
        0.04193548387096776,
        0.04973821989528795
      ],
      "lightness": 0.2664705882352941,
      "sats": [
        0.8565022421524664,
        0.7451923076923078,
        0.7272727272727274
      ],
      "vals": [
        0.1725490196078432,
        0.40784313725490196,
        0.8745098039215686
      ],
      "variance": 1.2448205413627442
    }
  ]
}