{
  "group_name": "extratic\\assets\\extratic\\textures\\items\\bolt\\generic\\sapphire_bolt_head.png",
  "segment_dicts": [
    {
      "equivalent": false,
      "hues": [
        0.04185022026431717,
        0.04973821989528795,
        0.050906555090655524
      ],
      "lightness": 0.7289760348583878,
      "sats": [
        0.8565022421524664,
        0.7467105263157896,
        0.5010482180293501
      ],
      "vals": [
        0.3973856209150327,
        0.8745098039215686,
        0.9352941176470588
      ],
      "variance": 0.07395205432729653
    }
  ]
}