{
  "group_name": "extratic\\assets\\extratic\\textures\\items\\bolt\\generic\\sapphire_bolt_head.png",
  "segment_dicts": [
    {
      "equivalent": false,
      "hues": [
        0.5122222222222222,
        0.5138339920948617,
        0.5142857142857142
      ],
      "lightness": 0.9455337690631807,
      "sats": [
        0.9433962264150944,
        0.336884154460719,
        0.06876227897838898
      ],
      "vals": [
        0.6235294117647059,
        0.9816993464052287,
        0.9980392156862745
      ],
      "variance": 0.02292922393798495
    }
  ]
}