{
  "group_name": "extratic\\assets\\extratic\\textures\\items\\parts\\twilightforest\\knightmetal_toughrod.png",
  "segment_dicts": [
    {
      "equivalent": false,
      "hues": [
        0.512962962962963
      ],
      "lightness": 0.37254901960784315,
      "sats": [
        0.9473684210526316
      ],
      "vals": [
        0.37254901960784315
      ],
      "variance": 0.6151803913928772
    },
    {
      "equivalent": false,
      "hues": [
        0.5122222222222222,
        0.5129629629629631,
        0.5136612021857924
      ],
      "lightness": 0.7341858482523445,
      "sats": [
        0.9473684210526317,
        0.9433962264150941,
        0.3659999999999999
      ],
      "vals": [
        0.3725490196078432,
        0.6235294117647059,
        0.980392156862745
      ],
      "variance": 0.3121619032033062
    }
  ]
}