{
  "group_name": "extratic\\assets\\extratic\\textures\\items\\parts\\bop\\mud_arrowhead.png",
  "segment_dicts": [
    {
      "equivalent": false,
      "hues": [
        0.5125603864734299,
        0.5129629629629631,
        0.5135845749342681
      ],
      "lightness": 0.6004782400765184,
      "sats": [
        0.9473684210526317,
        0.9452054794520548,
        0.3805870580386924
      ],
      "vals": [
        0.37254901960784326,
        0.7156862745098039,
        0.9797385620915031
      ],
      "variance": 0.3971374706952752
    }
  ]
}