{
  "group_name": "extratic\\assets\\extratic\\textures\\items\\parts\\bop\\mud_lumberaxe_head.png",
  "segment_dicts": [
    {
      "equivalent": false,
      "hues": [
        0.51267217630854,
        0.5129629629629631,
        0.5131720430107527
      ],
      "lightness": 0.6750938673341677,
      "sats": [
        0.9473684210526319,
        0.9458051068264721,
        0.29026217228464407
      ],
      "vals": [
        0.3725490196078431,
        0.7525490196078432,
        0.9854671280276818
      ],
      "variance": 0.3289838073950245
    }
  ]
}