{
  "group_name": "extratic\\assets\\extratic\\textures\\items\\parts\\aoa\\crystalitestone_crossbow_body.png",
  "segment_dicts": [
    {
      "equivalent": false,
      "hues": [
        0.5127354627354627,
        0.512962962962963,
        0.5135699373695198
      ],
      "lightness": 0.8695562435500515,
      "sats": [
        0.9511568123393315,
        0.9473684210526316,
        0.23642645607107607
      ],
      "vals": [
        0.37254901960784315,
        0.7990662931839403,
        0.9931372549019608
      ],
      "variance": 0.0690158626402464
    }
  ]
}