{
  "group_name": "extratic\\assets\\extratic\\textures\\items\\parts\\bop\\mud_pickaxe_head.png",
  "segment_dicts": [
    {
      "equivalent": false,
      "hues": [
        0.2626262626262627,
        0.26294820717131473,
        0.26427622841965465
      ],
      "lightness": 0.22564102564102562,
      "sats": [
        0.5492341356673961,
        0.5397849462365591,
        0.32999999999999996
      ],
      "vals": [
        0.1280112044817927,
        0.40522875816993464,
        0.7843137254901961
      ],
      "variance": 1.6691105337462493
    }
  ]
}