{
  "group_name": "extratic\\assets\\tinker\\textures\\items\\parts\\signalum_chisel_head.png",
  "segment_dicts": [
    {
      "equivalent": false,
      "hues": [
        0.2626262626262626,
        0.2626262626262627,
        0.2647058823529413
      ],
      "lightness": 0.29320261437908496,
      "sats": [
        0.5483870967741934,
        0.540983606557377,
        0.32999999999999996
      ],
      "vals": [
        0.12156862745098035,
        0.4784313725490196,
        0.7843137254901961
      ],
      "variance": 1.2812974203047525
    }
  ]
}