{
  "group_name": "extratic\\assets\\extratic\\textures\\items\\parts\\metallurgy3\\precious\\silver_sword_blade.png",
  "segment_dicts": [
    {
      "equivalent": false,
      "hues": [
        0.0787037037037037,
        0.07921810699588477,
        0.07927927927927932
      ],
      "lightness": 0.591783380018674,
      "sats": [
        0.8852459016393442,
        0.8780487804878048,
        0.8008658008658008
      ],
      "vals": [
        0.3215686274509804,
        0.7176470588235294,
        0.9058823529411764
      ],
      "variance": 0.44145914045896584
    },
    {
      "equivalent": false,
      "hues": [
        0.07870370370370368
      ],
      "lightness": 0.3215686274509804,
      "sats": [
        0.8780487804878048
      ],
      "vals": [
        0.3215686274509804
      ],
      "variance": 0.8124181278248911
    }
  ]
}