{
  "group_name": "extratic\\assets\\tinker\\textures\\items\\parts\\signalum_chisel_head.png",
  "segment_dicts": [
    {
      "equivalent": false,
      "hues": [
        0.07870370370370368,
        0.07921810699588477,
        0.07927927927927929
      ],
      "lightness": 0.4918954248366013,
      "sats": [
        0.8852459016393442,
        0.878048780487805,
        0.8008658008658008
      ],
      "vals": [
        0.32156862745098047,
        0.7176470588235294,
        0.9058823529411765
      ],
      "variance": 0.5750638776115921
    }
  ]
}