{
  "group_name": "extratic\\assets\\extratic\\textures\\items\\parts\\bop\\mud_arrowhead.png",
  "segment_dicts": [
    {
      "equivalent": false,
      "hues": [
        0.07891607203533808,
        0.07927927927927929,
        0.07934969853574504
      ],
      "lightness": 0.4914395026303205,
      "sats": [
        0.8850771869639794,
        0.8782452999104744,
        0.8008658008658008
      ],
      "vals": [
        0.3369532428355958,
        0.6858823529411765,
        0.9058823529411765
      ],
      "variance": 0.5346967339272256
    }
  ]
}