{
  "group_name": "extratic\\assets\\extratic\\textures\\items\\parts\\bop\\mud_arrowhead.png",
  "segment_dicts": [
    {
      "equivalent": false,
      "hues": [
        0.31744604316546754,
        0.3181818181818181,
        0.3189655172413793
      ],
      "lightness": 0.3428981348637016,
      "sats": [
        0.36065573770491816,
        0.3352601156069364,
        0.33433553818400485
      ],
      "vals": [
        0.2392156862745098,
        0.3392156862745098,
        0.5434640522875817
      ],
      "variance": 0.8915148018804749
    }
  ]
}