{
  "group_name": "extratic\\assets\\extratic\\textures\\items\\parts\\aoa\\limonite_crossbow_limb.png",
  "segment_dicts": [
    {
      "equivalent": false,
      "hues": [
        0.31752873563218387,
        0.3186274509803922,
        0.32051282051282054
      ],
      "lightness": 0.4968487394957983,
      "sats": [
        0.33766233766233755,
        0.3341188792877716,
        0.17989417989417986
      ],
      "vals": [
        0.3019607843137254,
        0.5348739495798319,
        0.7411764705882353
      ],
      "variance": 0.44071702113611066
    }
  ]
}