{
  "group_name": "extratic\\assets\\extratic\\textures\\items\\parts\\twilightforest\\knightmetal_rod.png",
  "segment_dicts": [
    {
      "equivalent": false,
      "hues": [
        0.47303921568627455,
        0.4770114942528736,
        0.4777777777777776
      ],
      "lightness": 0.637851662404092,
      "sats": [
        0.6666666666666665,
        0.41232227488151657,
        0.12552301255230128
      ],
      "vals": [
        0.3999999999999999,
        0.8274509803921568,
        0.9372549019607843
      ],
      "variance": 0.42362861491783727
    },
    {
      "equivalent": false,
      "hues": [
        0.47385620915032683
      ],
      "lightness": 0.3019607843137254,
      "sats": [
        0.6623376623376623
      ],
      "vals": [
        0.30196078431372547
      ],
      "variance": 0.8948586382877636
    }
  ]
}