{
  "group_name": "extratic\\assets\\extratic\\textures\\items\\parts\\bop\\mud_large_guard.png",
  "segment_dicts": [
    {
      "equivalent": false,
      "hues": [
        0.47303921568627455,
        0.47385620915032683,
        0.47450980392156866
      ],
      "lightness": 0.34572549019607846,
      "sats": [
        0.6666666666666667,
        0.6640625,
        0.6623376623376623
      ],
      "vals": [
        0.30196078431372547,
        0.4,
        0.5019607843137255
      ],
      "variance": 0.8201902063423362
    }
  ]
}