{
  "group_name": "extratic\\assets\\extratic\\textures\\items\\parts\\ae\\certus_quartz_hammer_head.png",
  "segment_dicts": [
    {
      "equivalent": false,
      "hues": [
        0.05000000000000001
      ],
      "lightness": 0.23529411764705882,
      "sats": [
        1.0
      ],
      "vals": [
        0.23529411764705882
      ],
      "variance": 1.2873128909347047
    },
    {
      "equivalent": false,
      "hues": [
        0.04827235772357726,
        0.04957264957264956,
        0.0497512437810945
      ],
      "lightness": 0.8167182662538699,
      "sats": [
        0.9999999999999998,
        0.7647058823529411,
        0.2572549019607844
      ],
      "vals": [
        0.6130718954248365,
        1.0
      ],
      "variance": 0.3708710375702713
    }
  ]
}