{
  "group_name": "extratic\\assets\\extratic\\textures\\items\\bolt\\generic\\sapphire_bolt_shaft.png",
  "segment_dicts": [
    {
      "equivalent": false,
      "hues": [
        0.04839809134287667,
        0.04957264957264956,
        0.049586776859504154
      ],
      "lightness": 0.8327985739750445,
      "sats": [
        0.9999999999999999,
        0.7647058823529411,
        0.2397058823529412
      ],
      "vals": [
        0.47450980392156855,
        1.0
      ],
      "variance": 0.08703824951280044
    }
  ]
}