{
  "group_name": "extratic\\assets\\extratic\\textures\\items\\battleaxe\\oodmod\\kroostyl_battleaxe_back.png",
  "segment_dicts": [
    {
      "equivalent": false,
      "hues": [
        0.8333333333333334
      ],
      "lightness": 0.29455337690631805,
      "sats": [
        0.2199999999999998,
        0.20547945205479448,
        0.1965811965811965
      ],
      "vals": [
        0.196078431372549,
        0.28627450980392155,
        0.4588235294117647
      ],
      "variance": 0.4453255050934923
    }
  ]
}