{
  "group_name": "tinker\\assets\\tinker\\textures\\items\\fishingrod\\slime_fishingrod_bobber.png",
  "segment_dicts": [
    {
      "equivalent": false,
      "hues": [
        0.0
      ],
      "lightness": 0.07563025210084033,
      "sats": [
        0.0
      ],
      "vals": [
        0.047058823529411764,
        0.24705882352941178
      ],
      "variance": 1.7462691712672818
    }
  ]
}