{
  "group_name": "extratic\\assets\\extratic\\textures\\items\\chisel\\generic\\amethyst_chisel_handle.png",
  "segment_dicts": [
    {
      "equivalent": false,
      "hues": [
        0.0
      ],
      "lightness": 0.13574660633484165,
      "sats": [
        0.0
      ],
      "vals": [
        0.08235294117647059,
        0.1435294117647059,
        0.21176470588235294
      ],
      "variance": 1.4002821031697983
    }
  ]
}