{
  "group_name": "extratic\\assets\\extratic\\textures\\items\\pickmattock\\metallurgy3\\nether\\ceruclase_pickmattock_handle.png",
  "segment_dicts": [
    {
      "equivalent": false,
      "hues": [
        0.0818266110338433,
        0.5490620490620489,
        0.5943223443223443
      ],
      "lightness": 0.5124536301006889,
      "sats": [
        0.3435260391782131,
        0.3008264462809916,
        0.15078328981723235
      ],
      "vals": [
        0.2965686274509804,
        0.5461675579322638,
        0.8207843137254902
      ],
      "variance": 0.38837836588331737
    }
  ]
}