{
  "group_name": "extratic\\assets\\extratic\\textures\\items\\mattock\\natura\\netherquartz_mattock_head_broken.png",
  "segment_dicts": [
    {
      "equivalent": false,
      "hues": [
        0.03750774953502791,
        0.13138825324180017,
        0.1315470784135634
      ],
      "lightness": 0.9554621848739495,
      "sats": [
        0.9920049200492005,
        0.7196078431372549,
        0.42843137254901964
      ],
      "vals": [
        0.9109243697478991,
        1.0
      ],
      "variance": 0.31350201736864847
    }
  ]
}