{
  "group_name": "extratic\\assets\\extratic\\textures\\items\\longsword\\natura\\darkwood_longsword_blade.png",
  "segment_dicts": [
    {
      "equivalent": false,
      "hues": [
        0.8333333333333334,
        0.8666666666666667,
        0.8703703703703703
      ],
      "lightness": 0.869079939668175,
      "sats": [
        0.5142857142857142,
        0.16393442622950818,
        0.01185770750988138
      ],
      "vals": [
        0.8235294117647058,
        0.9568627450980393,
        0.9921568627450981
      ],
      "variance": 0.36068759279938284
    }
  ]
}