{
  "group_name": "extratic\\assets\\extratic\\textures\\items\\longsword\\natura\\netherquartz_longsword_accessory.png",
  "segment_dicts": [
    {
      "equivalent": false,
      "hues": [
        0.3538011695906433,
        0.35537190082644626,
        0.35642135642135636
      ],
      "lightness": 0.3274509803921569,
      "sats": [
        0.8716981132075471,
        0.8636363636363638,
        0.8581560283687943
      ],
      "vals": [
        0.25882352941176473,
        0.4156862745098039,
        0.5529411764705883
      ],
      "variance": 0.2820037646924972
    }
  ]
}