{
  "group_name": "tinker\\assets\\tinker\\textures\\items\\longsword\\blaze_longsword_effect.png",
  "segment_dicts": [
    {
      "equivalent": false,
      "hues": [
        0.5952380952380952,
        0.596774193548387,
        0.5990099009900991
      ],
      "lightness": 0.5311372549019608,
      "sats": [
        0.7560975609756099,
        0.4139344262295082,
        0.2755905511811024
      ],
      "vals": [
        0.32156862745098036,
        0.9568627450980393,
        0.996078431372549
      ],
      "variance": 0.4726149279263986
    },
    {
      "equivalent": false,
      "hues": [
        0.5952380952380952,
        0.596774193548387,
        0.5990099009900991
      ],
      "lightness": 0.7865546218487395,
      "sats": [
        0.7560975609756098,
        0.4139344262295082,
        0.2755905511811024
      ],
      "vals": [
        0.3215686274509804,
        0.9568627450980393,
        0.996078431372549
      ],
      "variance": 0.3191429920715527
    },
    {
      "equivalent": false,
      "hues": [
        0.5952380952380952,
        0.5990099009900991
      ],
      "lightness": 0.9764705882352942,
      "sats": [
        0.4139344262295082,
        0.2755905511811024
      ],
      "vals": [
        0.9568627450980393,
        0.996078431372549
      ],
      "variance": 0.2570721519612507
    }
  ]
}