{
  "group_name": "extratic\\assets\\extratic\\textures\\items\\longsword\\natura\\darkwood_longsword_blade.png",
  "segment_dicts": [
    {
      "equivalent": false,
      "hues": [
        0.7173659673659674,
        0.7297297297297297,
        0.7341954022988505
      ],
      "lightness": 0.45148315736551026,
      "sats": [
        0.5471698113207547,
        0.4805194805194805,
        0.4062499999999996
      ],
      "vals": [
        0.25098039215686263,
        0.6039215686274509,
        0.8313725490196078
      ],
      "variance": 0.41499000339995484
    }
  ]
}