{
  "group_name": "extratic\\assets\\extratic\\textures\\items\\longsword\\natura\\netherquartz_longsword_accessory.png",
  "segment_dicts": [
    {
      "equivalent": false,
      "hues": [
        0.7115384615384617,
        0.7255266418835192,
        0.7297297297297297
      ],
      "lightness": 0.33529411764705885,
      "sats": [
        0.4805194805194805,
        0.4719298245614035,
        0.4062500000000001
      ],
      "vals": [
        0.25098039215686274,
        0.44705882352941173,
        0.6039215686274509
      ],
      "variance": 0.28778129826979526
    }
  ]
}