{
  "group_name": "buildcraft\\assets\\buildcraft\\textures\\blocks\\pipeItemsQuartz.png",
  "segment_dicts": [
    {
      "equivalent": false,
      "hues": [
        0.1111111111111111
      ],
      "lightness": 0.5607843137254902,
      "sats": [
        0.7972027972027972
      ],
      "vals": [
        0.5607843137254902
      ],
      "variance": 0.45688098491292023
    }
  ]
}