{
  "group_name": "buildcraft\\assets\\buildcraft\\textures\\blocks\\pipeItemsLapis_lightgray.png",
  "segment_dicts": [
    {
      "equivalent": false,
      "hues": [
        0.004415011037527616
      ],
      "lightness": 0.7450980392156862,
      "sats": [
        0.7947368421052632
      ],
      "vals": [
        0.7450980392156863
      ],
      "variance": 0.4514885916210063
    },
    {
      "equivalent": false,
      "hues": [
        0.5467091295116773,
        0.004415011037527616
      ],
      "lightness": 0.7274509803921569,
      "sats": [
        0.9127906976744186,
        0.7947368421052632
      ],
      "vals": [
        0.6745098039215687,
        0.7450980392156863
      ],
      "variance": 0.4624411450565562
    },
    {
      "equivalent": false,
      "hues": [
        0.5467091295116773,
        0.004415011037527616
      ],
      "lightness": 0.6785434173669469,
      "sats": [
        0.9127906976744186,
        0.7947368421052632
      ],
      "vals": [
        0.6745098039215687,
        0.7450980392156863
      ],
      "variance": 0.49577264436586704
    }
  ]
}