{
  "group_name": "buildcraft\\assets\\buildcraft\\textures\\blocks\\pipeItemsLapis_lightgray.png",
  "segment_dicts": [
    {
      "equivalent": false,
      "hues": [
        0.5925925925925926
      ],
      "lightness": 1.0,
      "sats": [
        0.6
      ],
      "vals": [
        1.0
      ],
      "variance": 0.36713260063263237
    },
    {
      "equivalent": false,
      "hues": [
        0.5925925925925926,
        0.6194029850746269
      ],
      "lightness": 0.9098039215686274,
      "sats": [
        0.8220858895705521,
        0.6
      ],
      "vals": [
        0.6392156862745098,
        1.0
      ],
      "variance": 0.4035293670746606
    },
    {
      "equivalent": false,
      "hues": [
        0.5925925925925926,
        0.6194029850746269
      ],
      "lightness": 0.6598319327731091,
      "sats": [
        0.8220858895705521,
        0.6
      ],
      "vals": [
        0.6392156862745098,
        1.0
      ],
      "variance": 0.5564032026908209
    }
  ]
}