{
  "group_name": "buildcraft\\assets\\buildcraft\\textures\\blocks\\pipeItemsLapis_lightgray.png",
  "segment_dicts": [
    {
      "equivalent": false,
      "hues": [
        0.06340579710144927
      ],
      "lightness": 0.5372549019607842,
      "sats": [
        0.6715328467153284
      ],
      "vals": [
        0.5372549019607843
      ],
      "variance": 0.5585439606737159
    },
    {
      "equivalent": false,
      "hues": [
        0.6194029850746269,
        0.06340579710144927
      ],
      "lightness": 0.5627450980392157,
      "sats": [
        0.8220858895705521,
        0.6715328467153284
      ],
      "vals": [
        0.5372549019607843,
        0.6392156862745098
      ],
      "variance": 0.5332440600160213
    },
    {
      "equivalent": false,
      "hues": [
        0.6194029850746269,
        0.06340579710144927
      ],
      "lightness": 0.6333893557422968,
      "sats": [
        0.8220858895705521,
        0.6715328467153284
      ],
      "vals": [
        0.5372549019607843,
        0.6392156862745098
      ],
      "variance": 0.4737693775748218
    }
  ]
}