{
  "group_name": "buildcraft\\assets\\buildcraft\\textures\\blocks\\pipeItemsLapis_lightgray.png",
  "segment_dicts": [
    {
      "equivalent": false,
      "hues": [
        0.3517060367454068
      ],
      "lightness": 0.4980392156862745,
      "sats": [
        1.0
      ],
      "vals": [
        0.4980392156862745
      ],
      "variance": 0.621758870850016
    },
    {
      "equivalent": false,
      "hues": [
        0.3517060367454068,
        0.5467091295116773
      ],
      "lightness": 0.5421568627450981,
      "sats": [
        1.0,
        0.9127906976744186
      ],
      "vals": [
        0.4980392156862745,
        0.6745098039215687
      ],
      "variance": 0.5711636643613166
    },
    {
      "equivalent": false,
      "hues": [
        0.3517060367454068,
        0.5467091295116773
      ],
      "lightness": 0.6644257703081233,
      "sats": [
        1.0,
        0.9127906976744186
      ],
      "vals": [
        0.4980392156862745,
        0.6745098039215687
      ],
      "variance": 0.4660570288243374
    }
  ]
}