{
  "group_name": "buildcraft\\assets\\buildcraft\\textures\\blocks\\pipeFluidsIron_standard.png",
  "segment_dicts": [
    {
      "equivalent": false,
      "hues": [
        0.23263888888888892
      ],
      "lightness": 0.207843137254902,
      "sats": [
        0.9056603773584905
      ],
      "vals": [
        0.20784313725490197
      ],
      "variance": 0.754439104855379
    },
    {
      "equivalent": false,
      "hues": [
        0.0
      ],
      "lightness": 0.37647058823529406,
      "sats": [
        0.0
      ],
      "vals": [
        0.3764705882352941
      ],
      "variance": 0.41651325580557397
    }
  ]
}