{
  "group_name": "buildcraft\\assets\\buildcraft\\textures\\blocks\\pipeAllIron_solid.png",
  "segment_dicts": [
    {
      "equivalent": false,
      "hues": [
        0.0,
        0.041666666666666664,
        0.4912739965095985
      ],
      "lightness": 0.8423188405797102,
      "sats": [
        0.9999999999999997,
        4.945098188286722e-16,
        0.0
      ],
      "vals": [
        0.7490196078431374,
        0.8980392156862745,
        0.8980392156862749
      ],
      "variance": 0.4830713436176373
    },
    {
      "equivalent": false,
      "hues": [
        0.0,
        0.49127399650959863
      ],
      "lightness": 0.7780966044954567,
      "sats": [
        1.0,
        0.9999999999999999,
        0.0
      ],
      "vals": [
        0.7490196078431373,
        0.8980392156862745
      ],
      "variance": 0.522942899021052
    }
  ]
}