{
  "group_name": "extratic\\assets\\extratic\\textures\\items\\cutlass\\metallurgy3\\precious\\platinum_cutlass_guard.png",
  "segment_dicts": [
    {
      "equivalent": false,
      "hues": [
        0.5698924731182796
      ],
      "lightness": 0.2627450980392157,
      "sats": [
        0.4626865671641791
      ],
      "vals": [
        0.2627450980392157
      ],
      "variance": 0.45760606810725774
    },
    {
      "equivalent": false,
      "hues": [
        0.5698924731182796
      ],
      "lightness": 0.26274509803921564,
      "sats": [
        0.4626865671641791
      ],
      "vals": [
        0.2627450980392157
      ],
      "variance": 0.45760606810725785
    },
    {
      "equivalent": false,
      "hues": [
        0.5698924731182796
      ],
      "lightness": 0.26274509803921564,
      "sats": [
        0.4626865671641791
      ],
      "vals": [
        0.2627450980392157
      ],
      "variance": 0.45760606810725785
    }
  ]
}