{
  "group_name": "extratic\\assets\\extratic\\textures\\items\\chisel\\generic\\amethyst_chisel_handle.png",
  "segment_dicts": [
    {
      "equivalent": false,
      "hues": [
        0.0
      ],
      "lightness": 0.15233785822021118,
      "sats": [
        0.0
      ],
      "vals": [
        0.10196078431372549,
        0.14901960784313725,
        0.21862745098039216
      ],
      "variance": 1.2238090130024206
    }
  ]
}