{
  "group_name": "extratic\\assets\\extratic\\textures\\items\\rapier\\metallurgy3\\nether\\kalendrite_rapier_handle.png",
  "segment_dicts": [
    {
      "equivalent": false,
      "hues": [
        0.8333333333333334
      ],
      "lightness": 0.4600619195046439,
      "sats": [
        0.20547945205479448,
        0.19038076152304598,
        0.11111111111111117
      ],
      "vals": [
        0.28627450980392155,
        0.4892156862745098,
        0.7058823529411765
      ],
      "variance": 0.3217730190586601
    }
  ]
}