{
  "group_name": "extratic\\assets\\extratic\\textures\\items\\trident\\generic\\sapphire_trident_handle.png",
  "segment_dicts": [
    {
      "equivalent": false,
      "hues": [
        0.1399999999999999,
        0.14583333333333334,
        0.14655172413793105
      ],
      "lightness": 0.8847662141779788,
      "sats": [
        0.6570048309178744,
        0.33868613138686127,
        0.10204081632653059
      ],
      "vals": [
        0.8117647058823529,
        0.8954248366013071,
        0.9607843137254902
      ],
      "variance": 0.027741410246812703
    }
  ]
}