{
  "group_name": "extratic\\assets\\extratic\\textures\\items\\broadsword\\metallurgy3\\precious\\brass_sword_blade_broken.png",
  "segment_dicts": [
    {
      "equivalent": true,
      "hues": [
        0.09956709956709954,
        0.09959349593495938,
        0.10204081632653073
      ],
      "lightness": 0.4894922071392659,
      "sats": [
        0.7903225806451613,
        0.7592592592592593,
        0.3262711864406779
      ],
      "vals": [
        0.24313725490196067,
        0.8470588235294116,
        0.9254901960784314
      ],
      "variance": 0.45008586633659237
    }
  ]
}