{
  "group_name": "extratic\\assets\\extratic\\textures\\items\\broadsword\\metallurgy3\\nether\\inolashite_sword_blade.png",
  "segment_dicts": [
    {
      "equivalent": false,
      "hues": [
        0.5231481481481483,
        0.5263157894736841,
        0.5284552845528455
      ],
      "lightness": 0.6458387799564271,
      "sats": [
        0.5189873417721521,
        0.16143497757847539,
        0.07949790794979075
      ],
      "vals": [
        0.3098039215686274,
        0.8745098039215686,
        0.9372549019607843
      ],
      "variance": 0.2860952579379989
    }
  ]
}