{
  "group_name": "extratic\\assets\\extratic\\textures\\items\\throwingknife\\aoa\\jade_knife_blade.png",
  "segment_dicts": [
    {
      "equivalent": false,
      "hues": [
        0.6666666666666669,
        0.7093333333333334,
        0.7142857142857143
      ],
      "lightness": 0.12424677187948352,
      "sats": [
        0.4789272030651342,
        0.42857142857142855,
        0.2608695652173914
      ],
      "vals": [
        0.09019607843137256,
        0.146218487394958,
        0.19215686274509802
      ],
      "variance": 1.3290544251954812
    }
  ]
}