{
  "group_name": "minecraft\\assets\\minecraft\\textures\\blocks\\leaves_birch.png",
  "segment_dicts": [
    {
      "equivalent": false,
      "hues": [
        0.19128754088611358,
        0.19143383481731657,
        0.19145363408521301
      ],
      "lightness": 0.5294623655913979,
      "sats": [
        0.7417444773400137,
        0.7412774495596922,
        0.7409120951751487
      ],
      "vals": [
        0.33763936947327955,
        0.5705128205128205,
        0.6765460030165911
      ],
      "variance": 0.5323920470718266
    }
  ]
}