{
  "group_name": "minecraft\\assets\\minecraft\\textures\\blocks\\sapling_oak.png",
  "segment_dicts": [
    {
      "equivalent": false,
      "hues": [
        0.5438666666666666,
        0.5739514348785876,
        0.5758367189011414
      ],
      "lightness": 0.442843137254902,
      "sats": [
        0.6490134994807892,
        0.505426811381637,
        0.08516638465877047
      ],
      "vals": [
        0.31830065359477133,
        0.49663865546218494,
        0.6294117647058823
      ],
      "variance": 0.5408291548430529
    },
    {
      "equivalent": false,
      "hues": [
        0.5449275362318842,
        0.5719424460431655,
        0.5720720720720721
      ],
      "lightness": 0.46302521008403363,
      "sats": [
        0.6538734896943853,
        0.40922473012757604,
        0.08409090909090924
      ],
      "vals": [
        0.33300653594771246,
        0.49299719887955185,
        0.6130718954248366
      ],
      "variance": 0.5172558090436324
    }
  ]
}