{
  "group_name": "ic2\\assets\\ic2\\textures\\blocks\\crop\\coffee.3.png",
  "segment_dicts": [
    {
      "equivalent": false,
      "hues": [
        0.10810810810810811
      ],
      "lightness": 0.40784313725490196,
      "sats": [
        0.7115384615384615
      ],
      "vals": [
        0.40784313725490196
      ],
      "variance": 0.9863100799692395
    },
    {
      "equivalent": false,
      "hues": [
        0.12537171587111806,
        0.3366319444444444,
        0.33795529801324503
      ],
      "lightness": 0.7840031061929722,
      "sats": [
        0.9999999999999998,
        0.7068461088355765,
        0.48805287239450934
      ],
      "vals": [
        0.49644153957879444,
        0.8570806100217865,
        0.9072173550271172
      ],
      "variance": 0.5130844433437447
    }
  ]
}