{
  "group_name": "ic2\\assets\\ic2\\textures\\blocks\\crop\\carrots.2.png",
  "segment_dicts": [
    {
      "equivalent": true,
      "hues": [
        0.10810810810810811,
        0.3451327433628319
      ],
      "lightness": 0.4702472293265132,
      "sats": [
        1.0,
        0.7115384615384615
      ],
      "vals": [
        0.40784313725490196,
        0.8862745098039215
      ],
      "variance": 0.6748077883209178
    },
    {
      "equivalent": true,
      "hues": [
        0.34412358329451953,
        0.3451327433628319,
        0.3530524041058887
      ],
      "lightness": 0.738763197586727,
      "sats": [
        1.0,
        0.9799178457325423
      ],
      "vals": [
        0.5370098039215686,
        0.7561274509803921,
        0.8862745098039215
      ],
      "variance": 0.4295374943181456
    }
  ]
}