{
  "group_name": "ic2\\assets\\ic2\\textures\\blocks\\crop\\pumpkin.4.png",
  "segment_dicts": [
    {
      "equivalent": false,
      "hues": [
        0.16351351351351348,
        0.16666666666666666,
        0.18794365368347496
      ],
      "lightness": 0.6180705882352941,
      "sats": [
        0.9792544570502432,
        0.8737864077669903,
        0.7204823050422801
      ],
      "vals": [
        0.3832076420311715,
        0.648109243697479,
        0.8347712418300653
      ],
      "variance": 0.5392471918698095
    }
  ]
}