{
  "group_name": "ic2\\assets\\ic2\\textures\\blocks\\crop\\terraWart.3.png",
  "segment_dicts": [
    {
      "equivalent": false,
      "hues": [
        0.9954815388587658,
        0.9995277269957343,
        0.025255146168482956
      ],
      "lightness": 0.4493382352941177,
      "sats": [
        0.9176312699211542,
        0.7486227892142651,
        0.650573936529372
      ],
      "vals": [
        0.3139374668786433,
        0.453912050256996,
        0.6762745098039216
      ],
      "variance": 0.5297391566671414
    }
  ]
}