{
  "group_name": "enderio\\assets\\enderio\\textures\\items\\old\\ingotLead.png",
  "segment_dicts": [
    {
      "equivalent": false,
      "hues": [
        0.060207023060796616,
        0.060812288181917584,
        0.10963958621598469
      ],
      "lightness": 0.5497920380273321,
      "sats": [
        0.9121548942273217,
        0.8324914675767918,
        0.6028360343183985
      ],
      "vals": [
        0.29560148383677803,
        0.5419903810580836,
        0.7835667600373484
      ],
      "variance": 0.5604123170035387
    }
  ]
}