{
  "group_name": "harvestcraft\\assets\\harvestcraft\\textures\\items\\sweetpotatoseedboxItem.png",
  "segment_dicts": [
    {
      "equivalent": false,
      "hues": [
        0.27729885057471265,
        0.4753014391287434,
        0.8333333333333334
      ],
      "lightness": 0.36338493292053664,
      "sats": [
        0.9867674858223062,
        0.8713777325876966,
        3.9368242138628867e-16
      ],
      "vals": [
        0.16768968456948008,
        0.4610021786492375,
        0.5640196078431374
      ],
      "variance": 0.5947059629171682
    },
    {
      "equivalent": false,
      "hues": [
        0.27817272248551866,
        0.4714285714285715,
        0.5465753424657535
      ],
      "lightness": 0.3322352941176471,
      "sats": [
        1.0,
        0.860655737704918
      ],
      "vals": [
        0.15947712418300652,
        0.26024955436720143,
        0.4513368983957219
      ],
      "variance": 0.6504642651408765
    }
  ]
}