{
  "group_name": "extratic\\assets\\extratic\\textures\\items\\javelin\\aoa\\limonite_javelin_accessory.png",
  "segment_dicts": [
    {
      "equivalent": false,
      "hues": [
        0.0
      ],
      "lightness": 0.40784313725490196,
      "sats": [
        0.0
      ],
      "vals": [
        0.23529411764705882,
        0.38823529411764707,
        0.6
      ],
      "variance": 0.14185078903783882
    }
  ]
}