{
  "group_name": "extratic\\assets\\extratic\\textures\\items\\javelin\\ae\\certus_quartz_javelin_head_broken.png",
  "segment_dicts": [
    {
      "equivalent": false,
      "hues": [
        0.986111111111111,
        0.9901960784313726
      ],
      "lightness": 0.31176470588235294,
      "sats": [
        1.0
      ],
      "vals": [
        0.2823529411764706,
        0.4
      ],
      "variance": 0.3950140693758205
    },
    {
      "equivalent": false,
      "hues": [
        0.984375
      ],
      "lightness": 0.25098039215686274,
      "sats": [
        1.0
      ],
      "vals": [
        0.25098039215686274
      ],
      "variance": 0.4906815393027771
    },
    {
      "equivalent": false,
      "hues": [
        0.0
      ],
      "lightness": 0.5882352941176471,
      "sats": [
        0.5
      ],
      "vals": [
        0.5882352941176471
      ],
      "variance": 0.20935745676918488
    }
  ]
}