{
  "group_name": "extratic\\assets\\extratic\\textures\\items\\javelin\\aoa\\limonite_javelin_handle.png",
  "segment_dicts": [
    {
      "equivalent": false,
      "hues": [
        0.0,
        0.046113306982872214,
        0.069281045751634
      ],
      "lightness": 0.8795847750865051,
      "sats": [
        1.0,
        0.976470588235294
      ],
      "vals": [
        0.6666666666666666,
        0.9921568627450981,
        1.0
      ],
      "variance": 0.05149410182497338
    }
  ]
}