{
  "group_name": "planks_oak",
  "segment_dicts": [
    {
      "colorize": true,
      "hues": [
        0.04999999999999999,
        0.04999999999999999,
        0.05218855218855217,
        0.05376344086021506,
        0.05740740740740741,
        0.058712121212121215,
        0.060810810810810856,
        0.061111111111111116,
        0.06274509803921569,
        0.0630081300813008,
        0.06321839080459768
      ],
      "id": 0,
      "lightness": 0.7425857843137255,
      "sats": [
        0.6,
        0.569620253164557,
        0.5389221556886228,
        0.5389221556886228,
        0.4728260869565218,
        0.47120418848167545,
        0.45145631067961167,
        0.4207920792079208,
        0.411214953271028,
        0.387434554973822,
        0.3849765258215963
      ],
      "vals": [
        0.6196078431372549,
        0.6470588235294118,
        0.6549019607843137,
        0.6549019607843137,
        0.7215686274509804,
        0.7490196078431373,
        0.7490196078431373,
        0.792156862745098,
        0.807843137254902,
        0.8352941176470589,
        0.8392156862745098
      ],
      "variance": 0.0921837248216754
    }
  ]
}