{
  "group_name": "extratic\\assets\\extratic\\textures\\items\\scythe\\metallurgy3\\nether\\kalendrite_scythe_head_broken.png",
  "segment_dicts": [
    {
      "equivalent": false,
      "hues": [
        0.744107744107744,
        0.7765700483091788,
        0.7766143106457243
      ],
      "lightness": 0.37973856209150325,
      "sats": [
        1.0,
        0.9928057553956835
      ],
      "vals": [
        0.3019607843137255,
        0.5450980392156862,
        0.7490196078431373
      ],
      "variance": 0.48987087683850694
    }
  ]
}