{
  "group_name": "extratic\\assets\\extratic\\textures\\items\\scythe\\metallurgy3\\nether\\kalendrite_scythe_accessory.png",
  "segment_dicts": [
    {
      "equivalent": false,
      "hues": [
        0.0
      ],
      "lightness": 0.36947996589940324,
      "sats": [
        0.0
      ],
      "vals": [
        0.23529411764705885,
        0.4013071895424837,
        0.6
      ],
      "variance": 0.49723881459556163
    }
  ]
}