{
  "group_name": "extratic\\assets\\extratic\\textures\\items\\scythe\\natura\\netherquartz_scythe_head.png",
  "segment_dicts": [
    {
      "equivalent": false,
      "hues": [
        0.0,
        0.0561982115021741
      ],
      "lightness": 0.7891859774212715,
      "sats": [
        1.0,
        0.976470588235294,
        0.900763358778626
      ],
      "vals": [
        0.5137254901960784,
        0.6666666666666666,
        0.9958333333333332
      ],
      "variance": 0.13020608767635247
    }
  ]
}