{
  "group_name": "extratic\\assets\\extratic\\textures\\items\\scythe\\metallurgy3\\precious\\brass_scythe_handle.png",
  "segment_dicts": [
    {
      "equivalent": false,
      "hues": [
        0.10135135135135138,
        0.10144927536231889,
        0.14382402707275802
      ],
      "lightness": 0.9831752055660974,
      "sats": [
        0.7817460317460316,
        0.296,
        0.09200000000000001
      ],
      "vals": [
        0.9803921568627451,
        0.9882352941176471
      ],
      "variance": 0.007568021570257761
    }
  ]
}