{
  "group_name": "extratic\\assets\\extratic\\textures\\items\\scythe\\metallurgy3\\nether\\kalendrite_scythe_head_broken.png",
  "segment_dicts": [
    {
      "equivalent": false,
      "hues": [
        0.38395638629283485,
        0.4347147950089127,
        0.4471014492753623
      ],
      "lightness": 0.8777777777777778,
      "sats": [
        0.9727272727272727,
        0.9571337172104927,
        0.9465020576131686
      ],
      "vals": [
        0.8627450980392157,
        0.8756302521008403,
        0.9529411764705882
      ],
      "variance": 0.04140308363236002
    }
  ]
}