{
  "group_name": "extratic\\assets\\extratic\\textures\\items\\scythe\\natura\\netherquartz_scythe_head.png",
  "segment_dicts": [
    {
      "equivalent": false,
      "hues": [
        0.1494252873563219,
        0.16406249999999992,
        0.18403508771929822
      ],
      "lightness": 0.8736779560308973,
      "sats": [
        0.3018867924528302,
        0.29743589743589743,
        0.2445932028836251
      ],
      "vals": [
        0.7647058823529411,
        0.8313725490196079,
        0.9519607843137254
      ],
      "variance": 0.036944961405587666
    }
  ]
}