{
  "group_name": "extratic\\assets\\extratic\\textures\\items\\scythe\\metallurgy3\\precious\\brass_scythe_handle.png",
  "segment_dicts": [
    {
      "equivalent": false,
      "hues": [
        0.16406249999999994,
        0.16666666666666666,
        0.18549729504785684
      ],
      "lightness": 0.9060721062618595,
      "sats": [
        0.3018867924528303,
        0.25943319838056683,
        0.2088353413654618
      ],
      "vals": [
        0.8313725490196079,
        0.9313725490196079,
        0.9764705882352941
      ],
      "variance": 0.032707542891638346
    }
  ]
}