{
  "group_name": "extratic\\assets\\extratic\\textures\\items\\lumberaxe\\oodmod\\kroostyl_lumberaxe_head_broken.png",
  "segment_dicts": [
    {
      "equivalent": false,
      "hues": [
        0.1330630948184702,
        0.13368421052631582,
        0.13407407407407407
      ],
      "lightness": 0.7482900136798906,
      "sats": [
        0.6561054579093432,
        0.5771567436208991,
        0.3186968838526913
      ],
      "vals": [
        0.6521870286576169,
        0.8802139037433154,
        0.9228758169934641
      ],
      "variance": 0.08304998947516212
    }
  ]
}