{
  "group_name": "stone",
  "segment_dicts": [
    {
      "colorize": true,
      "hues": [
        0.411764705882353,
        0.42424242424242425,
        0.4266666666666667,
        0.4270833333333333,
        0.42982456140350883,
        0.4313725490196079,
        0.4333333333333334,
        0.4351851851851852,
        0.44117647058823534,
        0.44117647058823534,
        0.44117647058823534
      ],
      "id": 0,
      "lightness": 0.10240502450980392,
      "sats": [
        0.6785714285714286,
        0.6538461538461539,
        0.6538461538461539,
        0.6410256410256411,
        0.64,
        0.6296296296296297,
        0.625,
        0.6206896551724138,
        0.6071428571428571,
        0.5862068965517241,
        0.5789473684210527
      ],
      "vals": [
        0.09803921568627451,
        0.10196078431372549,
        0.10196078431372549,
        0.10588235294117647,
        0.10980392156862745,
        0.10980392156862745,
        0.10980392156862745,
        0.10980392156862745,
        0.10980392156862745,
        0.11372549019607843,
        0.11372549019607843
      ],
      "variance": 0.2648132433912678
    }
  ]
}