{
  "group_name": "stone",
  "segment_dicts": [
    {
      "colorize": true,
      "hues": [
        0.24444444444444446,
        0.24603174603174605,
        0.25,
        0.25,
        0.25555555555555554,
        0.2583333333333333,
        0.2592592592592593,
        0.2592592592592593,
        0.26086956521739124,
        0.2628205128205129,
        0.26315789473684215
      ],
      "id": 0,
      "lightness": 0.14206495098039215,
      "sats": [
        0.6052631578947368,
        0.6046511627906977,
        0.6000000000000001,
        0.5945945945945946,
        0.5588235294117647,
        0.5555555555555556,
        0.5454545454545455,
        0.5454545454545455,
        0.5172413793103449,
        0.5172413793103449,
        0.4827586206896552
      ],
      "vals": [
        0.11372549019607843,
        0.11372549019607843,
        0.11372549019607843,
        0.12941176470588237,
        0.12941176470588237,
        0.13333333333333333,
        0.13725490196078433,
        0.1411764705882353,
        0.1450980392156863,
        0.14901960784313725,
        0.16862745098039217
      ],
      "variance": 0.1863022800786105
    }
  ]
}