{
  "group_name": "stone",
  "segment_dicts": [
    {
      "colorize": true,
      "hues": [
        0.09360730593607308,
        0.09433962264150941,
        0.09722222222222221,
        0.10802469135802467,
        0.10897435897435898,
        0.10952380952380952,
        0.10952380952380952,
        0.1105263157894737,
        0.11352657004830913,
        0.1143790849673203,
        0.11752136752136755
      ],
      "id": 0,
      "lightness": 0.2996936274509804,
      "sats": [
        0.9583333333333333,
        0.948051948051948,
        0.9444444444444445,
        0.9333333333333333,
        0.9302325581395348,
        0.9298245614035088,
        0.9298245614035088,
        0.9298245614035088,
        0.9285714285714286,
        0.9285714285714286,
        0.9152542372881357
      ],
      "vals": [
        0.21176470588235294,
        0.2196078431372549,
        0.2235294117647059,
        0.23137254901960785,
        0.2823529411764706,
        0.29411764705882354,
        0.30196078431372547,
        0.32941176470588235,
        0.32941176470588235,
        0.33725490196078434,
        0.4235294117647059
      ],
      "variance": 0.2543939342331593
    }
  ]
}