{
  "group_name": "stone",
  "segment_dicts": [
    {
      "colorize": true,
      "hues": [
        0.2549019607843137,
        0.2549019607843137,
        0.2555555555555556,
        0.2555555555555556,
        0.2555555555555556,
        0.2555555555555556,
        0.25925925925925924,
        0.25925925925925924,
        0.26000000000000006,
        0.26000000000000006,
        0.2608695652173913
      ],
      "id": 0,
      "lightness": 0.12965686274509805,
      "sats": [
        0.6296296296296297,
        0.6296296296296297,
        0.625,
        0.625,
        0.625,
        0.625,
        0.625,
        0.625,
        0.625,
        0.6216216216216217,
        0.6206896551724138
      ],
      "vals": [
        0.09019607843137255,
        0.09411764705882353,
        0.09411764705882353,
        0.09411764705882353,
        0.10588235294117647,
        0.10588235294117647,
        0.10588235294117647,
        0.10588235294117647,
        0.10588235294117647,
        0.11372549019607843,
        0.1450980392156863
      ],
      "variance": 0.23691412247544694
    }
  ]
}