{
  "group_name": "extratic\\assets\\extratic\\textures\\items\\hammer\\generic\\amethyst_hammer_handle.png",
  "segment_dicts": [
    {
      "equivalent": false,
      "hues": [
        0.042735042735042715,
        0.0568502824858757,
        0.13749999999999996
      ],
      "lightness": 0.8430252100840336,
      "sats": [
        1.0,
        0.9691991786447639,
        0.6694560669456067
      ],
      "vals": [
        0.6117647058823529,
        0.9372549019607843,
        0.9549019607843138
      ],
      "variance": 0.08860574945198003
    }
  ]
}