{
  "group_name": "extratic\\assets\\extratic\\textures\\items\\crossbow\\generic\\sapphire_crossbow_bow_1.png",
  "segment_dicts": [
    {
      "equivalent": false,
      "hues": [
        0.3333333333333333,
        0.7389937106918238,
        0.7435897435897436
      ],
      "lightness": 0.17945098039215687,
      "sats": [
        1.0,
        0.7500000000000001,
        0.6794871794871795
      ],
      "vals": [
        1.3877787807814457e-17,
        0.20392156862745098,
        0.3058823529411765
      ],
      "variance": 0.9090428130584095
    }
  ]
}