{
  "group_name": "extratic\\assets\\extratic\\textures\\items\\longsword\\natura\\netherquartz_longsword_accessory.png",
  "segment_dicts": [
    {
      "equivalent": false,
      "hues": [
        0.7573099415204679,
        0.7585899152164212,
        0.7589531680440772
      ],
      "lightness": 0.3811764705882353,
      "sats": [
        0.7323529411764707,
        0.7202380952380952,
        0.5428571428571428
      ],
      "vals": [
        0.2666666666666667,
        0.6588235294117647,
        0.8235294117647058
      ],
      "variance": 0.4609691243843392
    }
  ]
}