{
  "group_name": "extratic\\assets\\extratic\\textures\\items\\cutlass\\metallurgy3\\nether\\ceruclase_cutlass_blade.png",
  "segment_dicts": [
    {
      "equivalent": false,
      "hues": [
        0.0,
        0.014619883040935644,
        0.02777777777777768
      ],
      "lightness": 0.27913165266106443,
      "sats": [
        0.9827586206896549,
        0.09523809523809523,
        1.2986553728413528e-16
      ],
      "vals": [
        0.2274509803921569,
        0.24705882352941178,
        0.42745098039215684
      ],
      "variance": 0.6808666797181195
    }
  ]
}