{
  "group_name": "extratic\\assets\\extratic\\textures\\items\\cutlass\\metallurgy3\\nether\\ceruclase_cutlass_blade.png",
  "segment_dicts": [
    {
      "equivalent": false,
      "hues": [
        0.9958540630182421,
        0.996078431372549,
        0.016666666666666663
      ],
      "lightness": 0.5563725490196079,
      "sats": [
        1.0,
        0.9136363636363637,
        0.748898678414097
      ],
      "vals": [
        0.23529411764705882,
        0.8627450980392157,
        0.8901960784313725
      ],
      "variance": 0.3386285568862318
    }
  ]
}