{
  "group_name": "thaumicexploration\\assets\\thaumicexploration\\textures\\items\\bootsComet.png",
  "segment_dicts": [
    {
      "equivalent": false,
      "hues": [
        0.14165753924790073,
        0.14327485380116953,
        0.3423878205128205
      ],
      "lightness": 0.18477812177502578,
      "sats": [
        1.0,
        0.8916015625,
        0.11949685534591199
      ],
      "vals": [
        0.11995386389850056,
        0.6692810457516339,
        0.9352941176470588
      ],
      "variance": 1.1447992060179184
    },
    {
      "equivalent": false,
      "hues": [
        0.06580796252927405,
        0.07411347517730497,
        0.0897435897435898
      ],
      "lightness": 0.28442906574394466,
      "sats": [
        0.9077380952380955,
        0.6564245810055865,
        0.4459102902374669
      ],
      "vals": [
        0.19215686274509802,
        0.43197586726998494,
        0.6369747899159663
      ],
      "variance": 0.7437138906470399
    },
    {
      "equivalent": false,
      "hues": [
        0.05834829443447043,
        0.08609271523178808,
        0.10233918128654973
      ],
      "lightness": 0.3027450980392157,
      "sats": [
        0.5745085605580216,
        0.5138376383763839,
        0.14285714285714277
      ],
      "vals": [
        0.15182072829131654,
        0.47571644042232275,
        0.7823529411764706
      ],
      "variance": 0.6987193135993601
    },
    {
      "equivalent": false,
      "hues": [
        0.5555555555555554,
        0.611111111111111,
        0.0
      ],
      "lightness": 0.3156862745098039,
      "sats": [
        0.13749999999999987,
        0.06293706293706292,
        0.06060606060606068
      ],
      "vals": [
        0.1568627450980392,
        0.38823529411764707,
        0.5607843137254902
      ],
      "variance": 0.6700761616132994
    }
  ]
}