{
  "group_name": "minecraft\\assets\\thaumcraft\\textures\\items\\el_arrow_earth.png",
  "segment_dicts": [
    {
      "equivalent": false,
      "hues": [
        0.1331561854148214,
        0.14198855507868377,
        0.15909090909090912
      ],
      "lightness": 0.4871148459383753,
      "sats": [
        0.6082974137931034,
        0.6005154639175259,
        0.28605200945626474
      ],
      "vals": [
        0.2535947712418301,
        0.6065359477124183,
        0.8294117647058823
      ],
      "variance": 0.4271897522964003
    },
    {
      "equivalent": false,
      "hues": [
        0.0
      ],
      "lightness": 0.6054901960784314,
      "sats": [
        0.0
      ],
      "vals": [
        0.24705882352941178,
        0.7764705882352941,
        0.8784313725490196
      ],
      "variance": 0.34367273281062183
    }
  ]
}