{
  "group_name": "minecraft\\assets\\thaumcraft\\textures\\items\\focus.png",
  "segment_dicts": [
    {
      "equivalent": false,
      "hues": [
        0.6678554446029481,
        0.6857506361323155,
        0.7189211967973032
      ],
      "lightness": 0.3985749336460712,
      "sats": [
        0.15519149878237767,
        0.13816593886462872,
        0.13561076604554875
      ],
      "vals": [
        0.2228373702422146,
        0.3768877763871506,
        0.575666163901458
      ],
      "variance": 0.5466395398152935
    }
  ]
}