{
  "group_name": "binniecore\\assets\\extratrees\\textures\\blocks\\patterns\\thickdiagonal4edged.0.png",
  "segment_dicts": [
    {
      "equivalent": false,
      "hues": [
        0.7340425531914901,
        0.7440863715277778,
        0.145440251572327
      ],
      "lightness": 0.2297167376228917,
      "sats": [
        0.7890818858560794,
        0.44200626959247713,
        0.3881728582259287
      ],
      "vals": [
        0.08158567774936062,
        0.2795972443031266,
        0.7294117647058823
      ],
      "variance": 0.8000165409401587
    }
  ]
}