{
  "group_name": "binniecore\\assets\\extratrees\\textures\\blocks\\patterns\\thickdiagonal4edged.0.png",
  "segment_dicts": [
    {
      "equivalent": false,
      "hues": [
        0.7340811965811964,
        0.7350658513640639,
        0.7808988764044943
      ],
      "lightness": 0.30113003039760405,
      "sats": [
        0.49398353388220406,
        0.45133213034709685,
        0.02222222222222223
      ],
      "vals": [
        0.15289276204308883,
        0.3269477702585459,
        0.713903743315508
      ],
      "variance": 0.6444483036541238
    }
  ]
}