{
  "group_name": "minecraft\\assets\\minecraft\\textures\\items\\iron_shovel.png",
  "segment_dicts": [
    {
      "equivalent": false,
      "hues": [
        0.7105263157894738
      ],
      "lightness": 0.1607843137254902,
      "sats": [
        0.4634146341463415
      ],
      "vals": [
        0.1607843137254902
      ],
      "variance": 1.750299426336291
    },
    {
      "equivalent": false,
      "hues": [
        0.7071428571428572,
        0.7080231596360629,
        0.7105263157894738
      ],
      "lightness": 0.4032395566922421,
      "sats": [
        0.4635761589403974,
        0.4634146341463416,
        0.4632183908045977
      ],
      "vals": [
        0.16078431372549024,
        0.4264705882352941,
        0.592156862745098
      ],
      "variance": 0.6978995175624196
    },
    {
      "equivalent": false,
      "hues": [
        0.10576923076923078,
        0.10867293625914316,
        0.10919540229885057
      ],
      "lightness": 0.2996078431372549,
      "sats": [
        0.7249999999999999,
        0.7144456886898096,
        0.7123287671232877
      ],
      "vals": [
        0.15686274509803919,
        0.28627450980392155,
        0.5002801120448179
      ],
      "variance": 0.9392968125626692
    }
  ]
}