{
  "group_name": "forbidden\\assets\\forbidden\\textures\\items\\wand_rod_witchwood.png",
  "segment_dicts": [
    {
      "equivalent": false,
      "hues": [
        0.2269193391642371,
        0.2274666666666667,
        0.2277621722846442
      ],
      "lightness": 0.5916096671226629,
      "sats": [
        0.5229526257803893,
        0.48962005483744614,
        0.28323699421965315
      ],
      "vals": [
        0.4853832442067736,
        0.6674509803921569,
        0.7915032679738562
      ],
      "variance": 0.3835478447274498
    }
  ]
}