{
  "group_name": "forbidden\\assets\\forbidden\\textures\\items\\wand_rod_witchwood.png",
  "segment_dicts": [
    {
      "equivalent": false,
      "hues": [
        0.5137931034482758,
        0.5139035550862373,
        0.51442721791559
      ],
      "lightness": 0.6750569995440037,
      "sats": [
        0.3697774306911363,
        0.23490136570561465,
        0.0937904269081501
      ],
      "vals": [
        0.5579520697167756,
        0.7178649237472767,
        0.8661064425770308
      ],
      "variance": 0.36812393929744547
    }
  ]
}