{
  "group_name": "extratic\\assets\\extratic\\textures\\items\\arrow\\metallurgy3\\fantasy\\mithril_arrow_shaft.png",
  "segment_dicts": [
    {
      "equivalent": false,
      "hues": [
        0.7585034013605444,
        0.7604166666666666,
        0.7681159420289855
      ],
      "lightness": 0.38962681846932323,
      "sats": [
        0.41071428571428564,
        0.2722222222222222,
        0.1553398058252427
      ],
      "vals": [
        0.21960784313725484,
        0.7058823529411764,
        0.807843137254902
      ],
      "variance": 0.22362252043813535
    }
  ]
}