{
  "group_name": "extratic\\assets\\extratic\\textures\\items\\excavator\\erebus\\jade_excavator_binding.png",
  "segment_dicts": [
    {
      "equivalent": false,
      "hues": [
        0.10176991150442476,
        0.12830687830687829,
        0.16862745098039214
      ],
      "lightness": 0.9857843137254902,
      "sats": [
        1.0,
        0.226
      ],
      "vals": [
        0.9803921568627451,
        0.9882352941176471,
        1.0
      ],
      "variance": 0.0038586884159820716
    }
  ]
}