{
  "group_name": "book_enchanted",
  "segment_dicts": [
    {
      "colorize": true,
      "hues": [
        0.10784313725490197,
        0.11025641025641025,
        0.1111111111111111,
        0.1111111111111111,
        0.1111111111111111,
        0.1111111111111111,
        0.1111111111111111,
        0.1111111111111111,
        0.1111111111111111,
        0.11217948717948717,
        0.11594202898550726
      ],
      "id": 0,
      "lightness": 0.28505146212969656,
      "sats": [
        0.895734597156398,
        0.8360655737704918,
        0.8292682926829269,
        0.7931034482758621,
        0.7857142857142857,
        0.7857142857142857,
        0.7738095238095237,
        0.7722772277227722,
        0.7722772277227722,
        0.7722772277227722,
        0.7647058823529411
      ],
      "vals": [
        0.11372549019607843,
        0.1607843137254902,
        0.2196078431372549,
        0.2196078431372549,
        0.23921568627450981,
        0.26666666666666666,
        0.32941176470588235,
        0.396078431372549,
        0.396078431372549,
        0.396078431372549,
        0.8274509803921568
      ],
      "variance": 1.2578150220896323
    },
    {
      "colorize": false,
      "id": 1
    },
    {
      "colorize": true,
      "hues": [
        0.9647266313932981,
        0.964769647696477,
        0.9648526077097506,
        0.9648526077097506,
        0.9648526077097506,
        0.9649122807017544,
        0.9649122807017544,
        0.9649122807017544,
        0.9649122807017544,
        0.9649122807017544,
        0.9651416122004357,
        0.9652777777777778,
        0.9652777777777778
      ],
      "id": 2,
      "lightness": 0.7423831070889895,
      "sats": [
        0.8947368421052632,
        0.8796296296296297,
        0.8796296296296297,
        0.8790697674418605,
        0.8773584905660378,
        0.8743961352657005,
        0.8647058823529411,
        0.8647058823529411,
        0.8647058823529411,
        0.7278106508875739,
        0.718562874251497,
        0.718562874251497,
        0.6374269005847952
      ],
      "vals": [
        0.6549019607843137,
        0.6549019607843137,
        0.6627450980392157,
        0.6666666666666666,
        0.6666666666666666,
        0.6666666666666666,
        0.6705882352941176,
        0.6705882352941176,
        0.8117647058823529,
        0.8313725490196079,
        0.8431372549019608,
        0.8470588235294118,
        0.8470588235294118
      ],
      "variance": 0.4829608967548447
    }
  ]
}