{
  "group_name": "extratic\\assets\\extratic\\textures\\items\\trident\\generic\\sapphire_trident_handle.png",
  "segment_dicts": [
    {
      "equivalent": false,
      "hues": [
        0.0
      ],
      "lightness": 0.6717948717948719,
      "sats": [
        0.0
      ],
      "vals": [
        0.5294117647058824,
        0.6967320261437909,
        0.8117647058823529
      ],
      "variance": 0.038496348978190514
    }
  ]
}