{
  "group_name": "extratic\\assets\\extratic\\textures\\items\\cutlass\\metallurgy3\\nether\\amordrine_cutlass_blade_broken.png",
  "segment_dicts": [
    {
      "equivalent": false,
      "hues": [
        0.6666666666666665,
        0.7142857142857143,
        0.7162162162162162
      ],
      "lightness": 0.16123680241327304,
      "sats": [
        0.451219512195122,
        0.4285714285714286,
        0.26086956521739146
      ],
      "vals": [
        0.09019607843137255,
        0.19215686274509805,
        0.3215686274509804
      ],
      "variance": 1.060419930194736
    }
  ]
}