{
  "group_name": "extratic\\assets\\extratic\\textures\\items\\lumberaxe\\oodmod\\kroostyl_lumberaxe_head_broken.png",
  "segment_dicts": [
    {
      "equivalent": false,
      "hues": [
        0.6666666666666666
      ],
      "lightness": 0.1897856817145463,
      "sats": [
        1.0,
        0.9741379310344828
      ],
      "vals": [
        0.12654600301659125,
        0.23469079939668175,
        0.4549019607843137
      ],
      "variance": 1.610831549916382
    }
  ]
}