{
  "group_name": "extratic\\assets\\extratic\\textures\\items\\lumberaxe\\oodmod\\kroostyl_lumberaxe_head_broken.png",
  "segment_dicts": [
    {
      "equivalent": false,
      "hues": [
        0.45455945779420825,
        0.45501285347043696,
        0.4560416666666667
      ],
      "lightness": 0.4116735066119471,
      "sats": [
        0.5983545250560957,
        0.5974599668691333,
        0.5695461200585652
      ],
      "vals": [
        0.27315233785822024,
        0.4766488413547237,
        0.8928104575163399
      ],
      "variance": 0.5772629395316664
    }
  ]
}