{
  "group_name": "extratic\\assets\\extratic\\textures\\items\\battlesign\\natura\\netherquartz_battlesign_handle.png",
  "segment_dicts": [
    {
      "equivalent": false,
      "hues": [
        0.5444444444444446,
        0.545751633986928,
        0.5467289719626168
      ],
      "lightness": 0.48444444444444446,
      "sats": [
        0.5964912280701754,
        0.5955334987593053,
        0.2442922374429224
      ],
      "vals": [
        0.3160784313725491,
        0.6705882352941176,
        0.8588235294117648
      ],
      "variance": 0.2788794411069722
    }
  ]
}