{
  "group_name": "extratic\\assets\\extratic\\textures\\items\\battlesign\\natura\\netherquartz_battlesign_handle.png",
  "segment_dicts": [
    {
      "equivalent": false,
      "hues": [
        0.06459948320413433,
        0.06547619047619037,
        0.06696428571428571
      ],
      "lightness": 0.3304575163398693,
      "sats": [
        0.5048923679060665,
        0.2970822281167109,
        0.14893617021276603
      ],
      "vals": [
        0.2003921568627451,
        0.4928104575163399,
        0.7372549019607844
      ],
      "variance": 0.4979876388074982
    }
  ]
}