{
  "group_name": "extratic\\assets\\extratic\\textures\\items\\battlesign\\natura\\netherquartz_battlesign_handle.png",
  "segment_dicts": [
    {
      "equivalent": false,
      "hues": [
        0.07070707070707093,
        0.07650273224043723,
        0.08823529411764704
      ],
      "lightness": 0.4447058823529412,
      "sats": [
        0.293103448275862,
        0.28571428571428564,
        0.07603686635944713
      ],
      "vals": [
        0.22745098039215686,
        0.4186274509803921,
        0.8509803921568627
      ],
      "variance": 0.3261396505722983
    }
  ]
}