{
  "group_name": "extratic\\assets\\extratic\\textures\\items\\pickmattock\\metallurgy3\\nether\\ceruclase_pickmattock_handle.png",
  "segment_dicts": [
    {
      "equivalent": false,
      "hues": [
        0.9689708141321045,
        0.9705882352941176,
        0.970873786407767
      ],
      "lightness": 0.7413884472708002,
      "sats": [
        0.6242424242424243,
        0.6040609137055838,
        0.4674709177078845
      ],
      "vals": [
        0.6470588235294118,
        0.7725490196078432,
        0.8274509803921569
      ],
      "variance": 0.12893805482527348
    }
  ]
}