{
  "group_name": "extratic\\assets\\extratic\\textures\\items\\battleaxe\\metallurgy3\\nether\\kalendrite_battleaxe_handle.png",
  "segment_dicts": [
    {
      "equivalent": false,
      "hues": [
        0.7554890219560878,
        0.7695824706694272,
        0.7761194029850746
      ],
      "lightness": 0.7196078431372548,
      "sats": [
        1.0,
        0.912568306010929,
        0.898186889818689
      ],
      "vals": [
        0.5254901960784314,
        0.7176470588235294,
        0.9372549019607843
      ],
      "variance": 0.10019327069195266
    }
  ]
}