{
  "group_name": "extratic\\assets\\extratic\\textures\\items\\battleaxe\\metallurgy3\\nether\\kalendrite_battleaxe_handle.png",
  "segment_dicts": [
    {
      "equivalent": false,
      "hues": [
        0.9927536231884058,
        0.017316017316017323,
        0.027777777777778012
      ],
      "lightness": 0.47661064425770305,
      "sats": [
        0.9871794871794872,
        0.8846153846153846,
        0.03994673768308941
      ],
      "vals": [
        0.3058823529411765,
        0.3272331154684096,
        0.8156862745098039
      ],
      "variance": 0.23432655461640178
    }
  ]
}