{
  "group_name": "extratic\\assets\\extratic\\textures\\items\\battleaxe\\metallurgy3\\nether\\kalendrite_battleaxe_handle.png",
  "segment_dicts": [
    {
      "equivalent": false,
      "hues": [
        0.9953041467995954,
        0.996078431372549,
        0.016666666666666663
      ],
      "lightness": 0.6249299719887955,
      "sats": [
        1.0,
        0.9129402453502177,
        0.748898678414097
      ],
      "vals": [
        0.3137254901960785,
        0.7622926093514328,
        0.8901960784313725
      ],
      "variance": 0.16393007768693696
    }
  ]
}