{
  "group_name": "extratic\\assets\\extratic\\textures\\items\\battleaxe\\metallurgy3\\nether\\kalendrite_battleaxe_handle.png",
  "segment_dicts": [
    {
      "equivalent": false,
      "hues": [
        0.6142806832188765,
        0.6254789272030651,
        0.6270833333333333
      ],
      "lightness": 0.6098039215686275,
      "sats": [
        1.0,
        0.9522132796780685
      ],
      "vals": [
        0.3137254901960785,
        0.6823529411764706,
        0.8662309368191721
      ],
      "variance": 0.13855107600187383
    }
  ]
}