{
  "group_name": "extratic\\assets\\extratic\\textures\\items\\battleaxe\\metallurgy3\\precious\\brass_battleaxe_fronthead.png",
  "segment_dicts": [
    {
      "equivalent": false,
      "hues": [
        0.09210526315789476,
        0.10674157303370789,
        0.11111111111111116
      ],
      "lightness": 0.5581699346405229,
      "sats": [
        0.2916666666666665,
        0.21965317919075147,
        0.21707317073170737
      ],
      "vals": [
        0.2823529411764706,
        0.6784313725490196,
        0.803921568627451
      ],
      "variance": 0.15166126346774358
    }
  ]
}