{
  "group_name": "extratic\\assets\\extratic\\textures\\items\\longbow\\metallurgy3\\nether\\ceruclase_bow_top_2.png",
  "segment_dicts": [
    {
      "equivalent": false,
      "hues": [
        0.5829307568438002,
        0.5833333333333334
      ],
      "lightness": 0.5514536849222448,
      "sats": [
        1.0,
        0.9241071428571429
      ],
      "vals": [
        0.3215686274509804,
        0.5803921568627451,
        0.8784313725490196
      ],
      "variance": 0.28417611968631223
    }
  ]
}