{
  "group_name": "natura\\assets\\natura\\textures\\items\\impmeat_raw.png",
  "segment_dicts": [
    {
      "equivalent": false,
      "hues": [
        0.008103561463975062,
        0.008417508417508398,
        0.010534107732604511
      ],
      "lightness": 0.696078431372549,
      "sats": [
        0.8821110349554487,
        0.7436155606407322,
        0.5886967015285599
      ],
      "vals": [
        0.3575980392156862,
        0.8239064856711915,
        0.8862745098039214
      ],
      "variance": 0.5441795461595008
    }
  ]
}