{
  "group_name": "witchery\\assets\\witchery\\textures\\items\\ingredient.bookBiomes.png",
  "segment_dicts": [
    {
      "equivalent": false,
      "hues": [
        0.03838771593090214,
        0.04004004004004005,
        0.04047619047619048
      ],
      "lightness": 0.41960784313725485,
      "sats": [
        0.9090909090909091,
        0.7726218097447796,
        0.7453505007153076
      ],
      "vals": [
        0.30196078431372547,
        0.42254901960784313,
        0.4568627450980392
      ],
      "variance": 0.5896133314625536
    },
    {
      "equivalent": false,
      "hues": [
        0.0
      ],
      "lightness": 0.6596638655462185,
      "sats": [
        0.0
      ],
      "vals": [
        0.32941176470588235,
        0.5882352941176471,
        0.7363321799307959
      ],
      "variance": 0.37504915946110623
    },
    {
      "equivalent": false,
      "hues": [
        0.03900865229505792,
        0.04047619047619048,
        0.08379373848987114
      ],
      "lightness": 0.2943584451324389,
      "sats": [
        0.9666221628838454,
        0.9090909090909091,
        0.762751677852349
      ],
      "vals": [
        0.08159041394335514,
        0.30196078431372547,
        0.4328249818445896
      ],
      "variance": 0.8404935628351324
    }
  ]
}