{
  "group_name": "minecraft\\assets\\minecraft\\textures\\items\\carrot_golden.png",
  "segment_dicts": [
    {
      "equivalent": true,
      "hues": [
        0.0
      ],
      "lightness": 1.0,
      "sats": [
        0.0
      ],
      "vals": [
        1.0
      ],
      "variance": 0.33749031829668374
    },
    {
      "equivalent": true,
      "hues": [
        0.07638888888888894,
        0.10204081632653063,
        0.11052009456264776
      ],
      "lightness": 0.3764705882352941,
      "sats": [
        1.0,
        0.9368029739776952,
        0.8532526475037822
      ],
      "vals": [
        0.18823529411764703,
        0.410239651416122,
        0.8640522875816994
      ],
      "variance": 0.8964586579755662
    },
    {
      "equivalent": true,
      "hues": [
        0.10821174710063598,
        0.11347517730496455,
        0.1614054866591507
      ],
      "lightness": 0.8194014447884417,
      "sats": [
        0.948663101604278,
        0.9306930693069306,
        0.8433506862281117
      ],
      "vals": [
        0.39607843137254894,
        0.9206971677559912,
        1.0
      ],
      "variance": 0.41187420457114177
    }
  ]
}