{
  "group_name": "minecraft\\assets\\minecraft\\textures\\items\\gold_sword.png",
  "segment_dicts": [
    {
      "equivalent": false,
      "hues": [
        0.44652867615351405,
        0.4547297297297297,
        0.47105949095369515
      ],
      "lightness": 0.4309523809523809,
      "sats": [
        0.7832822914790126,
        0.6788990825688074,
        0.6320523303352417
      ],
      "vals": [
        0.19184313725490218,
        0.4749455337690632,
        0.8707450980392155
      ],
      "variance": 0.621893819568505
    }
  ]
}