{
  "group_name": "agricraft\\assets\\agricraft\\textures\\items\\seedTulipRed.png",
  "segment_dicts": [
    {
      "equivalent": false,
      "hues": [
        0.6853932584269663,
        0.9434611602753197,
        0.0
      ],
      "lightness": 0.20784313725490194,
      "sats": [
        1.0,
        0.15967969853980185,
        0.1569664902998237
      ],
      "vals": [
        2.7755575615628914e-17,
        0.19335038363171356,
        0.46252723311546834
      ],
      "variance": 0.6434299076661094
    }
  ]
}