{
  "group_name": "binniecore\\assets\\extrabees\\textures\\items\\misc\\dyeWhite.png",
  "segment_dicts": [
    {
      "equivalent": false,
      "hues": [
        0.9142786561264822,
        0.9144144144144145,
        0.9149797570850203
      ],
      "lightness": 0.7778783308195072,
      "sats": [
        0.5781249999999998,
        0.3785300168318683,
        0.28016446902027503
      ],
      "vals": [
        0.5019607843137255,
        0.8387450980392156,
        0.9537525354969575
      ],
      "variance": 0.4799986364415549
    },
    {
      "equivalent": false,
      "hues": [
        0.9144144144144144
      ],
      "lightness": 0.5019607843137255,
      "sats": [
        0.578125
      ],
      "vals": [
        0.5019607843137255
      ],
      "variance": 0.7438440407676018
    }
  ]
}