{
  "group_name": "minecraft\\assets\\minecraft\\textures\\items\\ender_eye.png",
  "segment_dicts": [
    {
      "equivalent": false,
      "hues": [
        0.47105341689048047,
        0.4720319634703196,
        0.4725149442287546
      ],
      "lightness": 0.346524064171123,
      "sats": [
        0.8338214891321106,
        0.7156862745098039,
        0.6357427433124645
      ],
      "vals": [
        0.267781217750258,
        0.5333333333333333,
        0.8612745098039216
      ],
      "variance": 0.6165672118988741
    }
  ]
}