{
  "group_name": "thermalfoundation\\assets\\thermalfoundation\\textures\\items\\armor\\nickel\\NickelHelmet.png",
  "segment_dicts": [
    {
      "equivalent": false,
      "hues": [
        0.0
      ],
      "lightness": 1.0,
      "sats": [
        0.0
      ],
      "vals": [
        1.0
      ],
      "variance": 0.2982851948284794
    },
    {
      "equivalent": false,
      "hues": [
        0.04545454545454406,
        0.11916666666666668,
        0.17108167770419436
      ],
      "lightness": 0.4330980392156863,
      "sats": [
        0.9132420091324202,
        0.6344537815126051,
        0.1660377358490581
      ],
      "vals": [
        0.13554987212276237,
        0.8588235294117645,
        0.9333333333333335
      ],
      "variance": 0.6887244176137473
    }
  ]
}