{
  "group_name": "minecraft\\assets\\minecraft\\textures\\items\\iron_shovel.png",
  "segment_dicts": [
    {
      "equivalent": false,
      "hues": [
        0.16666666666666666
      ],
      "lightness": 0.23921568627450984,
      "sats": [
        0.4098360655737705
      ],
      "vals": [
        0.23921568627450981
      ],
      "variance": 0.9431028181924651
    },
    {
      "equivalent": false,
      "hues": [
        0.16666666666666674,
        0.1707988980716253,
        0.17108167770419427
      ],
      "lightness": 0.6695652173913043,
      "sats": [
        0.634453781512605,
        0.606516290726817,
        0.4098360655737706
      ],
      "vals": [
        0.23921568627450984,
        0.7823529411764706,
        0.9333333333333333
      ],
      "variance": 0.33694251436822736
    },
    {
      "equivalent": false,
      "hues": [
        0.10576923076923078,
        0.10867293625914316,
        0.10919540229885057
      ],
      "lightness": 0.2996078431372549,
      "sats": [
        0.7249999999999999,
        0.7144456886898096,
        0.7123287671232877
      ],
      "vals": [
        0.15686274509803919,
        0.28627450980392155,
        0.5002801120448179
      ],
      "variance": 0.7530009412269683
    }
  ]
}