{
  "group_name": "thermalfoundation\\assets\\thermalfoundation\\textures\\items\\armor\\copper\\CopperLegs.png",
  "segment_dicts": [
    {
      "equivalent": false,
      "hues": [
        0.0
      ],
      "lightness": 0.42958683473389353,
      "sats": [
        0.0
      ],
      "vals": [
        0.13870733478576636,
        0.5882352941176472,
        0.7981024667931689
      ],
      "variance": 0.6715072316488072
    }
  ]
}