{
  "group_name": "railcraft\\assets\\railcraft\\textures\\items\\cart.energy.batbox.png",
  "segment_dicts": [
    {
      "equivalent": false,
      "hues": [
        0.5,
        0.5087719298245612,
        0.5833333333333336
      ],
      "lightness": 0.11639928698752229,
      "sats": [
        0.04702970297029682,
        0.04444444444444444,
        0.02941176470588225
      ],
      "vals": [
        0.08801742919389977,
        0.17647058823529413,
        0.26666666666666666
      ],
      "variance": 1.6259778994096907
    },
    {
      "equivalent": false,
      "hues": [
        0.5808080808080814,
        0.6062271062271063,
        0.6111111111111113
      ],
      "lightness": 0.3976597090449083,
      "sats": [
        0.07100591715976323,
        0.06431095406360439,
        0.047826086956521165
      ],
      "vals": [
        0.12885154061624643,
        0.5044563279857398,
        0.6627450980392157
      ],
      "variance": 0.47594127301286016
    },
    {
      "equivalent": false,
      "hues": [
        0.0
      ],
      "lightness": 0.13619501854795973,
      "sats": [
        0.0
      ],
      "vals": [
        0.06666666666666665,
        0.22745098039215686,
        0.22745098039215692
      ],
      "variance": 1.3896445711934042
    },
    {
      "equivalent": false,
      "hues": [
        0.0
      ],
      "lightness": 0.22745098039215686,
      "sats": [
        0.0
      ],
      "vals": [
        0.22745098039215686
      ],
      "variance": 0.8321031099643638
    }
  ]
}