{
  "group_name": "minecraft\\assets\\minecraft\\textures\\items\\potato.png",
  "segment_dicts": [
    {
      "equivalent": false,
      "hues": [
        0.08391317666622904,
        0.09095036319612591,
        0.09993141289437586
      ],
      "lightness": 0.7894288150042625,
      "sats": [
        0.9346012269938648,
        0.6770491803278689,
        0.4426229508196722
      ],
      "vals": [
        0.6800166875260742,
        0.8698752228163993,
        0.9360613810741687
      ],
      "variance": 0.5094461153362281
    }
  ]
}