{
  "group_name": "minecraft\\assets\\minecraft\\textures\\items\\record_wait.png",
  "segment_dicts": [
    {
      "equivalent": false,
      "hues": [
        0.0
      ],
      "lightness": 0.20106285504856145,
      "sats": [
        0.0
      ],
      "vals": [
        0.11748018356278678,
        0.2509803921568628,
        0.31764705882352945
      ],
      "variance": 1.0363148206277872
    },
    {
      "equivalent": false,
      "hues": [
        0.7830065359477124,
        0.8333333333333334,
        0.0
      ],
      "lightness": 0.9226381461675579,
      "sats": [
        1.0,
        1.8625452057856241e-16,
        0.0
      ],
      "vals": [
        0.14901960784313728,
        1.0
      ],
      "variance": 0.22583546694883805
    }
  ]
}