{
  "group_name": "extratic\\assets\\extratic\\textures\\items\\pickaxe\\tcon\\glue_pickaxe_accessory.png",
  "segment_dicts": [
    {
      "equivalent": false,
      "hues": [
        0.10215053763440869,
        0.12830687830687829,
        0.14382402707275802
      ],
      "lightness": 0.9852941176470589,
      "sats": [
        1.0,
        0.7817460317460317,
        0.12400000000000001
      ],
      "vals": [
        0.9803921568627451,
        0.9882352941176471
      ],
      "variance": 0.002684774311950864
    }
  ]
}