{
  "group_name": "extratic\\assets\\extratic\\textures\\items\\shovel\\natura\\darkwood_shovel_head.png",
  "segment_dicts": [
    {
      "equivalent": false,
      "hues": [
        0.16927083333333334,
        0.16929133858267717,
        0.18265993265993266
      ],
      "lightness": 0.6405228758169934,
      "sats": [
        1.0,
        0.9900990099009901,
        0.5799086757990868
      ],
      "vals": [
        0.576114081996435,
        0.7764705882352941,
        0.8588235294117647
      ],
      "variance": 0.11809620415598478
    }
  ]
}