{
  "group_name": "stone",
  "segment_dicts": [
    {
      "colorize": true,
      "hues": [
        0.019841269841269882,
        0.01992753623188409,
        0.020155038759689936,
        0.020390070921985803,
        0.020484171322160127,
        0.020512820512820495,
        0.020588235294117685,
        0.020947176684881608,
        0.02105263157894738,
        0.02162162162162168,
        0.02228682170542634
      ],
      "id": 0,
      "lightness": 0.7621323529411765,
      "sats": [
        0.9502762430939227,
        0.9500000000000001,
        0.9497206703910615,
        0.9494949494949495,
        0.9491525423728814,
        0.9491525423728814,
        0.9491525423728814,
        0.9491525423728814,
        0.9487179487179488,
        0.9484536082474228,
        0.9471365638766519
      ],
      "vals": [
        0.6941176470588235,
        0.7019607843137254,
        0.7098039215686275,
        0.7450980392156863,
        0.7529411764705882,
        0.7607843137254902,
        0.7607843137254902,
        0.7647058823529411,
        0.7764705882352941,
        0.7843137254901961,
        0.8117647058823529
      ],
      "variance": 0.07824465906382806
    }
  ]
}