{
  "group_name": "alchemicalwizardryBooks\\assets\\magicbees\\textures\\items\\frameResilient.png",
  "segment_dicts": [
    {
      "equivalent": true,
      "hues": [
        0.11447811447811436,
        0.11574074074074076,
        0.11805555555555573
      ],
      "lightness": 0.9975490196078431,
      "sats": [
        0.2125984251968504,
        0.12992125984251968,
        0.03137254901960784
      ],
      "vals": [
        0.996078431372549,
        1.0
      ],
      "variance": 0.3583165502325302
    },
    {
      "equivalent": true,
      "hues": [
        0.09027307605506653,
        0.09575637642919965,
        0.09778681120144538
      ],
      "lightness": 0.22011060834590246,
      "sats": [
        0.8601398601398601,
        0.8560135516657256,
        0.8444825614636935
      ],
      "vals": [
        0.1672883787661406,
        0.22431372549019607,
        0.3156862745098039
      ],
      "variance": 1.6239032097535837
    },
    {
      "equivalent": true,
      "hues": [
        0.5543161978661493,
        0.5553206483439043,
        0.6000393081761005
      ],
      "lightness": 0.555718954248366,
      "sats": [
        0.7779816513761468,
        0.717966573816156,
        0.5405714285714286
      ],
      "vals": [
        0.4749455337690632,
        0.5631372549019608,
        0.6862745098039216
      ],
      "variance": 0.6431998056952651
    }
  ]
}