{
  "group_name": "forestry\\assets\\forestry\\textures\\items\\grafterProven.png",
  "segment_dicts": [
    {
      "equivalent": false,
      "hues": [
        0.5606060606060606,
        0.5621090259159964,
        0.5650406504065041
      ],
      "lightness": 0.8337254901960784,
      "sats": [
        0.8817204301075269,
        0.6549604916593503,
        0.15802075019952114
      ],
      "vals": [
        0.7294117647058823,
        0.8933333333333333,
        0.9827450980392156
      ],
      "variance": 0.2886654375225083
    },
    {
      "equivalent": false,
      "hues": [
        0.5650406504065041,
        0.04556803995006242,
        0.04726775956284154
      ],
      "lightness": 0.28829131652661066,
      "sats": [
        0.8996865203761756,
        0.8265582655826558,
        0.6863753213367609
      ],
      "vals": [
        0.22262443438914026,
        0.4358543417366947,
        0.6254901960784314
      ],
      "variance": 0.834807431249508
    }
  ]
}