{
  "group_name": "agricraft\\assets\\agricraft\\textures\\items\\nuggetCopper.png",
  "segment_dicts": [
    {
      "equivalent": false,
      "hues": [
        0.5424107142857143,
        0.5733796296296295,
        0.5774739583333334
      ],
      "lightness": 0.5674740484429066,
      "sats": [
        0.3649265078560568,
        0.1914734480179507,
        0.1391304347826088
      ],
      "vals": [
        0.3868627450980392,
        0.7490196078431373,
        0.9019607843137255
      ],
      "variance": 0.44144406454386625
    }
  ]
}