{
  "group_name": "agricraft\\assets\\agricraft\\textures\\items\\nuggetCopper.png",
  "segment_dicts": [
    {
      "equivalent": false,
      "hues": [
        0.5411646586345382,
        0.5424917491749173,
        0.5555555555555559
      ],
      "lightness": 0.6331026528258362,
      "sats": [
        0.1593059936908516,
        0.07692307692307718,
        0.06913785922532287
      ],
      "vals": [
        0.30588235294117655,
        0.5850057670126874,
        0.9415686274509805
      ],
      "variance": 0.38109582307658
    }
  ]
}