{
  "group_name": "extratic\\assets\\extratic\\textures\\items\\battleaxe\\oodmod\\kroostyl_battleaxe_back.png",
  "segment_dicts": [
    {
      "equivalent": false,
      "hues": [
        0.0
      ],
      "lightness": 0.4374727668845316,
      "sats": [
        0.0
      ],
      "vals": [
        0.1568627450980392,
        0.5294117647058824,
        0.6745098039215687
      ],
      "variance": 0.19817042140385488
    }
  ]
}