{
  "group_name": "extratic\\assets\\extratic\\textures\\items\\battleaxe\\oodmod\\kroostyl_battleaxe_back.png",
  "segment_dicts": [
    {
      "equivalent": false,
      "hues": [
        0.06060606060606063,
        0.06111111111111119,
        0.07246376811594196
      ],
      "lightness": 0.5407407407407406,
      "sats": [
        0.32258064516129026,
        0.16058394160583936,
        0.11111111111111113
      ],
      "vals": [
        0.3647058823529411,
        0.5372549019607843,
        0.8117647058823529
      ],
      "variance": 0.16635232519091636
    }
  ]
}