{
  "group_name": "water_still",
  "segment_dicts": [
    {
      "colorize": true,
      "hues": [
        0.22988505747126442,
        0.22988505747126442,
        0.22988505747126442,
        0.22988505747126442,
        0.22988505747126442,
        0.22988505747126442,
        0.22988505747126442,
        0.22988505747126442,
        0.22988505747126442,
        0.23106060606060608,
        0.23106060606060608
      ],
      "id": 0,
      "lightness": 0.7899324832878634,
      "sats": [
        0.435,
        0.435,
        0.435,
        0.435,
        0.435,
        0.435,
        0.435,
        0.435,
        0.435,
        0.435,
        0.435
      ],
      "vals": [
        0.7843137254901961,
        0.7843137254901961,
        0.7843137254901961,
        0.7843137254901961,
        0.7843137254901961,
        0.788235294117647,
        0.788235294117647,
        0.792156862745098,
        0.792156862745098,
        0.792156862745098,
        0.8
      ],
      "variance": 0.009300575345914797
    }
  ]
}