{
  "group_name": "water_still",
  "segment_dicts": [
    {
      "colorize": true,
      "hues": [
        0.16666666666666663,
        0.16666666666666663,
        0.16666666666666663,
        0.16666666666666663,
        0.16666666666666663,
        0.16666666666666663,
        0.16666666666666663,
        0.16666666666666663,
        0.16666666666666663,
        0.16666666666666663,
        0.16666666666666663
      ],
      "id": 0,
      "lightness": 0.9999999999999503,
      "sats": [
        0.34509803921568627,
        0.34509803921568627,
        0.34509803921568627,
        0.34509803921568627,
        0.34509803921568627,
        0.34509803921568627,
        0.34509803921568627,
        0.34509803921568627,
        0.34509803921568627,
        0.34509803921568627,
        0.34509803921568627
      ],
      "vals": [
        1.0,
        1.0,
        1.0,
        1.0,
        1.0,
        1.0,
        1.0,
        1.0,
        1.0,
        1.0,
        1.0
      ],
      "variance": 0.0
    }
  ]
}