{
  "group_name": "extratic\\assets\\extratic\\textures\\items\\broadsword\\metallurgy3\\nether\\kalendrite_sword_handle.png",
  "segment_dicts": [
    {
      "equivalent": false,
      "hues": [
        0.23737373737373738,
        0.23780487804878048,
        0.23873873873873874
      ],
      "lightness": 0.6899896800825593,
      "sats": [
        0.7184466019417476,
        0.6470588235294118,
        0.23462088698140202
      ],
      "vals": [
        0.403921568627451,
        0.8,
        0.9137254901960784
      ],
      "variance": 0.14715601125628325
    }
  ]
}