{
  "group_name": "extratic\\assets\\extratic\\textures\\items\\broadsword\\metallurgy3\\nether\\inolashite_sword_blade.png",
  "segment_dicts": [
    {
      "equivalent": false,
      "hues": [
        0.07870370370370362,
        0.07894736842105267,
        0.0792792792792793
      ],
      "lightness": 0.6629193899782135,
      "sats": [
        0.8780487804878047,
        0.800865800865801,
        0.3909465020576131
      ],
      "vals": [
        0.32156862745098047,
        0.9058823529411765,
        0.9529411764705882
      ],
      "variance": 0.2736029169364159
    }
  ]
}