{
  "group_name": "extratic\\assets\\extratic\\textures\\items\\broadsword\\metallurgy3\\nether\\inolashite_sword_blade.png",
  "segment_dicts": [
    {
      "equivalent": false,
      "hues": [
        0.31699346405228757,
        0.3181818181818183,
        0.3186274509803919
      ],
      "lightness": 0.4890631808278867,
      "sats": [
        0.3606557377049176,
        0.33552631578947373,
        0.17989417989418
      ],
      "vals": [
        0.2392156862745098,
        0.596078431372549,
        0.7411764705882353
      ],
      "variance": 0.4436370200574571
    }
  ]
}