{
  "group_name": "extratic\\assets\\extratic\\textures\\items\\bolt\\generic\\sapphire_bolt_shaft.png",
  "segment_dicts": [
    {
      "equivalent": false,
      "hues": [
        0.0
      ],
      "lightness": 0.1411764705882353,
      "sats": [
        0.0
      ],
      "vals": [
        0.047058823529411764,
        0.14901960784313725,
        0.21666666666666667
      ],
      "variance": 0.3163523640480845
    }
  ]
}