{
  "group_name": "extratic\\assets\\extratic\\textures\\items\\rapier\\metallurgy3\\precious\\brass_rapier_blade.png",
  "segment_dicts": [
    {
      "equivalent": false,
      "hues": [
        0.5427350427350427,
        0.5952380952380952,
        0.6104417670682731
      ],
      "lightness": 0.3810457516339869,
      "sats": [
        0.3710751665080876,
        0.3608695652173914,
        0.3559322033898303
      ],
      "vals": [
        0.2313725490196078,
        0.45098039215686275,
        0.6869281045751634
      ],
      "variance": 0.36226442210028026
    }
  ]
}