{
  "group_name": "forestry\\assets\\forestry\\textures\\blocks\\stained\\10.png",
  "segment_dicts": [
    {
      "equivalent": false,
      "hues": [
        0.756353591160221,
        0.8436426116838488,
        0.8437500000000001
      ],
      "lightness": 0.8769966063348398,
      "sats": [
        0.4429223744292238,
        0.21857263615505382,
        0.20338983050847445
      ],
      "vals": [
        0.8588235294117647,
        0.8776894541600424,
        0.9254901960784314
      ],
      "variance": 0.029451658783911382
    }
  ]
}