{
  "group_name": "extratic\\assets\\extratic\\textures\\items\\battleaxe\\metallurgy3\\nether\\kalendrite_battleaxe_handle.png",
  "segment_dicts": [
    {
      "equivalent": false,
      "hues": [
        0.0,
        0.5
      ],
      "lightness": 0.8201680672268907,
      "sats": [
        0.0039215686274509665,
        0.0
      ],
      "vals": [
        0.6784313725490196,
        0.8600301659125189,
        1.0
      ],
      "variance": 0.08340972417186383
    }
  ]
}