{
  "group_name": "extratic\\assets\\extratic\\textures\\items\\dagger\\metallurgy3\\precious\\brass_dagger_handle.png",
  "segment_dicts": [
    {
      "equivalent": false,
      "hues": [
        0.08333333333333333,
        0.083710407239819,
        0.08432934926958831
      ],
      "lightness": 0.9428571428571428,
      "sats": [
        1.0,
        0.6745098039215687,
        0.24607843137254903
      ],
      "vals": [
        0.8666666666666667,
        1.0
      ],
      "variance": 0.02139432088340587
    }
  ]
}