{
  "group_name": "extratic\\assets\\extratic\\textures\\items\\dagger\\metallurgy3\\precious\\brass_dagger_handle.png",
  "segment_dicts": [
    {
      "equivalent": false,
      "hues": [
        0.8005050505050506,
        0.8010204081632653,
        0.8020833333333334
      ],
      "lightness": 0.6504201680672268,
      "sats": [
        0.5945945945945945,
        0.5185185185185185,
        0.19555555555555562
      ],
      "vals": [
        0.43529411764705883,
        0.7411764705882353,
        0.8823529411764706
      ],
      "variance": 0.14082366312945627
    }
  ]
}