{
  "group_name": "extratic\\assets\\extratic\\textures\\items\\dagger\\ae\\certus_quartz_dagger_accessory.png",
  "segment_dicts": [
    {
      "equivalent": false,
      "hues": [
        0.08796296296296295,
        0.09962756052141526,
        0.09984639016897083
      ],
      "lightness": 0.5333333333333333,
      "sats": [
        1.0,
        0.9908256880733946,
        0.8509803921568628
      ],
      "vals": [
        0.4274509803921569,
        0.7019607843137254,
        1.0
      ],
      "variance": 0.23123756089124742
    }
  ]
}