{
  "group_name": "extratic\\assets\\extratic\\textures\\items\\dagger\\metallurgy3\\fantasy\\astral_silver_dagger_blade_broken.png",
  "segment_dicts": [
    {
      "equivalent": false,
      "hues": [
        0.061728395061728426,
        0.0654761904761902,
        0.06666666666666658
      ],
      "lightness": 0.3620098039215687,
      "sats": [
        0.5510204081632654,
        0.2836879432624114,
        0.14893617021276603
      ],
      "vals": [
        0.19215686274509802,
        0.5529411764705883,
        0.7372549019607844
      ],
      "variance": 0.6233848586327695
    }
  ]
}