{
  "group_name": "extratic\\assets\\extratic\\textures\\items\\mattock\\metallurgy3\\precious\\brass_mattock_head.png",
  "segment_dicts": [
    {
      "equivalent": false,
      "hues": [
        0.08596491228070176,
        0.09923664122137404,
        0.11020446445319831
      ],
      "lightness": 0.674142156862745,
      "sats": [
        0.7987804878048781,
        0.7364341085271319,
        0.5780741704619388
      ],
      "vals": [
        0.5058823529411764,
        0.6431372549019608,
        0.8610644257703081
      ],
      "variance": 0.13864556054697047
    }
  ]
}