{
  "group_name": "extratic\\assets\\extratic\\textures\\items\\longbow\\metallurgy3\\nether\\ceruclase_bow_bottom_2.png",
  "segment_dicts": [
    {
      "equivalent": false,
      "hues": [
        0.657894736842105,
        0.661111111111111,
        0.6625
      ],
      "lightness": 0.6333965844402276,
      "sats": [
        0.18269230769230776,
        0.1789264413518887,
        0.165289256198347
      ],
      "vals": [
        0.4078431372549019,
        0.657516339869281,
        0.9490196078431372
      ],
      "variance": 0.1660752631996436
    }
  ]
}