{
  "group_name": "extratic\\assets\\extratic\\textures\\items\\mattock\\natura\\netherquartz_mattock_head_broken.png",
  "segment_dicts": [
    {
      "equivalent": true,
      "hues": [
        0.06060606060606063,
        0.06111111111111104,
        0.07388316151202733
      ],
      "lightness": 0.5327731092436974,
      "sats": [
        0.3225806451612902,
        0.16058394160583936,
        0.11547619047619034
      ],
      "vals": [
        0.36470588235294116,
        0.5372549019607843,
        0.8235294117647058
      ],
      "variance": 0.2995236846658491
    }
  ]
}