{
  "group_name": "dust",
  "segment_dicts": [
    {
      "colorize": true,
      "hues": [
        0.03921568627450983,
        0.039855072463768126,
        0.03993055555555558,
        0.04326923076923078,
        0.044270833333333315,
        0.046875,
        0.05102040816326536,
        0.05813953488372092,
        0.06666666666666665,
        0.06989247311827962,
        0.0714285714285714
      ],
      "id": 0,
      "lightness": 0.5938057040998217,
      "sats": [
        0.6753246753246753,
        0.6618705035971223,
        0.6464646464646464,
        0.6357615894039735,
        0.6126126126126126,
        0.5632183908045977,
        0.5549132947976879,
        0.46994535519125685,
        0.34653465346534645,
        0.34146341463414637,
        0.2870370370370371
      ],
      "vals": [
        0.38823529411764707,
        0.43529411764705883,
        0.5450980392156862,
        0.592156862745098,
        0.6039215686274509,
        0.6784313725490196,
        0.6823529411764706,
        0.7176470588235294,
        0.792156862745098,
        0.803921568627451,
        0.8470588235294118
      ],
      "variance": 0.590605712459271
    }
  ]
}