{
  "group_name": "dust",
  "segment_dicts": [
    {
      "colorize": true,
      "hues": [
        0.44444444444444436,
        0.4500000000000002,
        0.4509803921568629,
        0.5476190476190478,
        0.5694444444444443,
        0.5873015873015873,
        0.5909090909090908,
        0.6145833333333334,
        0.6666666666666666,
        0.6666666666666666,
        0.6666666666666666
      ],
      "id": 0,
      "lightness": 0.3753565062388592,
      "sats": [
        0.25925925925925924,
        0.2444444444444445,
        0.13793103448275862,
        0.11038961038961037,
        0.10144927536231879,
        0.0916030534351144,
        0.08536585365853662,
        0.07692307692307687,
        0.06896551724137931,
        0.05607476635514025,
        0.05172413793103442
      ],
      "vals": [
        0.17647058823529413,
        0.22745098039215686,
        0.22745098039215686,
        0.27058823529411763,
        0.3176470588235294,
        0.4196078431372549,
        0.4549019607843137,
        0.5098039215686274,
        0.5137254901960784,
        0.6039215686274509,
        0.6431372549019608
      ],
      "variance": 1.0854899052916378
    }
  ]
}