{
  "group_name": "dust",
  "segment_dicts": [
    {
      "colorize": true,
      "hues": [
        0.7083333333333334,
        0.7083333333333334,
        0.7111111111111111,
        0.7115384615384616,
        0.7129629629629629,
        0.7202380952380952,
        0.7202380952380952,
        0.7311827956989246,
        0.7374999999999999,
        0.7395833333333334,
        0.7416666666666667
      ],
      "id": 0,
      "lightness": 0.27290552584670236,
      "sats": [
        0.4477611940298507,
        0.43333333333333335,
        0.4242424242424243,
        0.4186046511627907,
        0.4081632653061225,
        0.4067796610169491,
        0.380952380952381,
        0.3773584905660377,
        0.36363636363636354,
        0.36363636363636354,
        0.3604651162790698
      ],
      "vals": [
        0.16862745098039217,
        0.19215686274509805,
        0.23529411764705882,
        0.25882352941176473,
        0.2627450980392157,
        0.30196078431372547,
        0.30196078431372547,
        0.33725490196078434,
        0.4117647058823529,
        0.41568627450980394,
        0.4627450980392157
      ],
      "variance": 1.4884876347354243
    }
  ]
}