{
  "group_name": "extratic\\assets\\extratic\\textures\\items\\throwingknife\\aoa\\jade_knife_blade.png",
  "segment_dicts": [
    {
      "equivalent": false,
      "hues": [
        0.9846813725490196,
        0.9901960784313726,
        0.016666666666666663
      ],
      "lightness": 0.31219512195121957,
      "sats": [
        1.0,
        0.7843137254901961
      ],
      "vals": [
        0.256,
        0.4
      ],
      "variance": 0.5665475116884706
    }
  ]
}