{
  "group_name": "extratic\\assets\\extratic\\textures\\items\\axe\\natura\\ghostwood_axe_handle.png",
  "segment_dicts": [
    {
      "equivalent": false,
      "hues": [
        0.58130081300813,
        0.5971014492753622,
        0.6058558558558559
      ],
      "lightness": 0.5063348416289593,
      "sats": [
        0.6788990825688073,
        0.5661040787623066,
        0.24260355029585798
      ],
      "vals": [
        0.42745098039215684,
        0.506951871657754,
        0.6627450980392157
      ],
      "variance": 0.29937229259944065
    }
  ]
}