{
  "group_name": "extratic\\assets\\extratic\\textures\\items\\chisel\\metallurgy3\\fantasy\\astral_silver_chisel_head_broken.png",
  "segment_dicts": [
    {
      "equivalent": false,
      "hues": [
        0.8333333333333334
      ],
      "lightness": 0.3091118800461361,
      "sats": [
        0.22000000000000003,
        0.21999999999999992,
        0.1756756756756757
      ],
      "vals": [
        0.19607843137254902,
        0.19607843137254904,
        0.5803921568627451
      ],
      "variance": 0.5753415468714391
    }
  ]
}