{
  "group_name": "extratic\\assets\\extratic\\textures\\items\\mattock\\metallurgy3\\nether\\vyroxeres_mattock_back.png",
  "segment_dicts": [
    {
      "equivalent": false,
      "hues": [
        0.34139784946236557,
        0.3428571428571428,
        0.3452380952380952
      ],
      "lightness": 0.3821078431372549,
      "sats": [
        0.6885245901639344,
        0.6862745098039216,
        0.6587957497048406
      ],
      "vals": [
        0.23921568627450984,
        0.4,
        0.6643137254901961
      ],
      "variance": 0.2041067766405672
    }
  ]
}