{
  "group_name": "extratic\\assets\\extratic\\textures\\items\\pickmattock\\aoa\\jade_pickmattock_head.png",
  "segment_dicts": [
    {
      "equivalent": false,
      "hues": [
        0.10208333333333332,
        0.11111111111111127,
        0.11728395061728396
      ],
      "lightness": 0.4,
      "sats": [
        0.29347826086956524,
        0.29166666666666646,
        0.1932367149758454
      ],
      "vals": [
        0.28235294117647053,
        0.3607843137254902,
        0.8117647058823529
      ],
      "variance": 0.21448091642201456
    }
  ]
}