{
  "group_name": "boat",
  "segment_dicts": [
    {
      "colorize": true,
      "hues": [
        0.08219178082191775,
        0.08333333333333331,
        0.08333333333333331,
        0.08333333333333331,
        0.08333333333333331,
        0.08333333333333331,
        0.08333333333333331,
        0.08333333333333331,
        0.08333333333333331,
        0.08333333333333331,
        0.08333333333333331
      ],
      "id": 0,
      "lightness": 0.20394998579141804,
      "sats": [
        0.6293103448275862,
        0.6292134831460674,
        0.6241134751773049,
        0.6222222222222222,
        0.6206896551724138,
        0.6194029850746269,
        0.618705035971223,
        0.6022727272727272,
        0.0,
        0.0,
        0.0
      ],
      "vals": [
        0.0,
        0.0,
        0.0,
        0.22745098039215686,
        0.34509803921568627,
        0.34901960784313724,
        0.35294117647058826,
        0.4549019607843137,
        0.5254901960784314,
        0.5450980392156862,
        0.5529411764705883
      ],
      "variance": 1.1290868880213525
    }
  ]
}