{
  "group_name": "boat",
  "segment_dicts": [
    {
      "colorize": true,
      "hues": [
        0.6020408163265306,
        0.6020408163265306,
        0.6021505376344086,
        0.6022222222222222,
        0.6027397260273973,
        0.6030701754385964,
        0.6031746031746031,
        0.6231884057971014,
        0.0,
        0.0,
        0.0
      ],
      "id": 0,
      "lightness": 0.19855546083167563,
      "sats": [
        0.5632183908045977,
        0.5575221238938053,
        0.5572519083969466,
        0.5568181818181818,
        0.5555555555555556,
        0.5547445255474451,
        0.5535714285714286,
        0.5348837209302326,
        0.0,
        0.0,
        0.0
      ],
      "vals": [
        0.0,
        0.0,
        0.0,
        0.2196078431372549,
        0.33725490196078434,
        0.3411764705882353,
        0.34509803921568627,
        0.44313725490196076,
        0.5137254901960784,
        0.5294117647058824,
        0.5372549019607843
      ],
      "variance": 1.1287207287434555
    }
  ]
}