{
  "group_name": "extratic\\assets\\extratic\\textures\\items\\hammer\\metallurgy3\\nether\\kalendrite_hammer_handle_broken.png",
  "segment_dicts": [
    {
      "equivalent": false,
      "hues": [
        0.0
      ],
      "lightness": 0.49594771241830066,
      "sats": [
        0.6014492753623188,
        0.6,
        0.35922330097087374
      ],
      "vals": [
        0.3865546218487395,
        0.7058823529411765,
        0.807843137254902
      ],
      "variance": 0.350508642123193
    }
  ]
}