{
  "group_name": "extratic\\assets\\extratic\\textures\\items\\cleaver\\natura\\netherquartz_cleaver_guard.png",
  "segment_dicts": [
    {
      "equivalent": false,
      "hues": [
        0.6666666666666666,
        0.6901041666666666,
        0.7142857142857143
      ],
      "lightness": 0.13226381461675582,
      "sats": [
        0.4637681159420291,
        0.4285714285714286,
        0.2608695652173913
      ],
      "vals": [
        0.09019607843137255,
        0.13529411764705884,
        0.19215686274509805
      ],
      "variance": 0.6763714756410032
    }
  ]
}