{
  "group_name": "extratic\\assets\\extratic\\textures\\items\\scythe\\metallurgy3\\nether\\kalendrite_scythe_accessory.png",
  "segment_dicts": [
    {
      "equivalent": false,
      "hues": [
        0.0
      ],
      "lightness": 0.6564364876385336,
      "sats": [
        0.0
      ],
      "vals": [
        0.5294117647058824,
        0.6745098039215687,
        0.7676470588235295
      ],
      "variance": 0.09972666283918337
    }
  ]
}