{
  "group_name": "extratic\\assets\\extratic\\textures\\items\\chisel\\metallurgy3\\fantasy\\astral_silver_chisel_head_broken.png",
  "segment_dicts": [
    {
      "equivalent": false,
      "hues": [
        0.7585034013605442,
        0.7681159420289857
      ],
      "lightness": 0.36262975778546713,
      "sats": [
        0.4107142857142857,
        0.27222222222222237
      ],
      "vals": [
        0.21960784313725487,
        0.7058823529411765
      ],
      "variance": 0.46509721472466464
    }
  ]
}