{
  "group_name": "extratic\\assets\\extratic\\textures\\items\\trident\\generic\\sapphire_trident_accessory.png",
  "segment_dicts": [
    {
      "equivalent": false,
      "hues": [
        0.8386666666666667,
        0.8473953339725152,
        0.8752620545073375
      ],
      "lightness": 0.7336898395721926,
      "sats": [
        1.0,
        0.5681818181818182
      ],
      "vals": [
        0.6235294117647059,
        0.8180392156862745,
        0.8627450980392157
      ],
      "variance": 0.05414687327136245
    }
  ]
}