{
  "group_name": "binniecore\\assets\\extratrees\\textures\\items\\grainWheat.png",
  "segment_dicts": [
    {
      "equivalent": false,
      "hues": [
        0.10196779964221829,
        0.10306666666666663,
        0.1154188948306595
      ],
      "lightness": 0.857107843137255,
      "sats": [
        0.3363417569193743,
        0.3158958807177154,
        0.272
      ],
      "vals": [
        0.8147058823529412,
        0.8620915032679739,
        0.8986928104575164
      ],
      "variance": 0.06081929267129883
    }
  ]
}