{
  "group_name": "binniecore\\assets\\extratrees\\textures\\items\\grainWheat.png",
  "segment_dicts": [
    {
      "equivalent": false,
      "hues": [
        0.102460024600246,
        0.10398505603985057,
        0.11812990720913634
      ],
      "lightness": 0.7615196078431372,
      "sats": [
        0.7316414686825053,
        0.6784004505773022,
        0.5758323057953144
      ],
      "vals": [
        0.7262745098039216,
        0.7736383442265795,
        0.7950980392156862
      ],
      "variance": 0.05155507659804421
    }
  ]
}