{
  "group_name": "minecraft\\assets\\thaumcraft\\textures\\blocks\\jar_side.png",
  "segment_dicts": [
    {
      "equivalent": true,
      "hues": [
        0.5853658536585367,
        0.5879605147188437,
        0.5885416666666666
      ],
      "lightness": 0.7816512423266242,
      "sats": [
        0.34754625905068376,
        0.3402098950524739,
        0.2685589519650654
      ],
      "vals": [
        0.5734717416378315,
        0.6735294117647058,
        0.9210162938414804
      ],
      "variance": 0.5206139916071287
    },
    {
      "equivalent": true,
      "hues": [
        0.07638888888888884,
        0.07757296466973888,
        0.08333333333333333
      ],
      "lightness": 0.2709150326797385,
      "sats": [
        0.5090909090909091,
        0.47071583514099774,
        0.46006389776357826
      ],
      "vals": [
        0.21568627450980393,
        0.2582633053221288,
        0.30686274509803924
      ],
      "variance": 1.5020893055919724
    }
  ]
}