{
  "group_name": "minecraft\\assets\\thaumcraft\\textures\\blocks\\wandpedestal_focus_top.png",
  "segment_dicts": [
    {
      "equivalent": true,
      "hues": [
        0.3398692810457516,
        0.3407079646017699,
        0.34117647058823525
      ],
      "lightness": 0.46078431372549017,
      "sats": [
        1.0
      ],
      "vals": [
        0.2,
        0.44313725490196076,
        1.0
      ],
      "variance": 0.6741310699668205
    },
    {
      "equivalent": true,
      "hues": [
        0.12761657283095137,
        0.1279439847231063,
        0.12851873422636384
      ],
      "lightness": 0.7179738562091503,
      "sats": [
        0.8589393110989612,
        0.8430083972252647,
        0.8137440758293839
      ],
      "vals": [
        0.4781699346405228,
        0.716078431372549,
        0.9193899782135077
      ],
      "variance": 0.4326467039841679
    },
    {
      "equivalent": true,
      "hues": [
        0.0
      ],
      "lightness": 0.13039215686274508,
      "sats": [
        0.0
      ],
      "vals": [
        0.10196078431372549,
        0.12745098039215685,
        0.16470588235294117
      ],
      "variance": 2.382267690860193
    }
  ]
}