{
  "group_name": "extratic\\assets\\extratic\\textures\\items\\lumberaxe\\oodmod\\kroostyl_lumberaxe_head_broken.png",
  "segment_dicts": [
    {
      "equivalent": false,
      "hues": [
        0.5698924731182795,
        0.5725264169068204,
        0.5737246680642908
      ],
      "lightness": 0.3533059735522116,
      "sats": [
        0.514074074074074,
        0.48524923702950146,
        0.4626865671641791
      ],
      "vals": [
        0.26274509803921564,
        0.3854901960784314,
        0.5294117647058824
      ],
      "variance": 0.6962493292382967
    }
  ]
}