{
  "group_name": "tinker\\assets\\tinker\\textures\\items\\fishingrod\\pigiron_fishingrod_flail.png",
  "segment_dicts": [
    {
      "equivalent": false,
      "hues": [
        0.42924528301886794,
        0.4403508771929825
      ],
      "lightness": 0.8509803921568626,
      "sats": [
        0.5353535353535354,
        0.37254901960784315
      ],
      "vals": [
        0.7764705882352941,
        1.0
      ],
      "variance": 0.21757686235109783
    },
    {
      "equivalent": false,
      "hues": [
        0.42924528301886794,
        0.46710526315789475
      ],
      "lightness": 0.8901960784313726,
      "sats": [
        0.49765258215962443,
        0.29803921568627456
      ],
      "vals": [
        0.8352941176470589,
        1.0
      ],
      "variance": 0.20799197854708465
    }
  ]
}