{
  "group_name": "tinker\\assets\\tinker\\textures\\items\\fishingrod\\pigiron_fishingrod_flail.png",
  "segment_dicts": [
    {
      "equivalent": false,
      "hues": [
        0.8010204081632653,
        0.8333333333333334
      ],
      "lightness": 0.9006535947712418,
      "sats": [
        0.45161290322580644,
        0.2666666666666667
      ],
      "vals": [
        0.8509803921568627,
        1.0
      ],
      "variance": 0.21647465171009558
    },
    {
      "equivalent": false,
      "hues": [
        0.8010204081632653,
        0.8333333333333334
      ],
      "lightness": 0.9398692810457516,
      "sats": [
        0.42241379310344823,
        0.19215686274509802
      ],
      "vals": [
        0.9098039215686274,
        1.0
      ],
      "variance": 0.20744232966377726
    }
  ]
}