{
  "group_name": "tinker\\assets\\tinker\\textures\\items\\fishingrod\\iron_fishingrod.png",
  "segment_dicts": [
    {
      "equivalent": false,
      "hues": [
        0.0
      ],
      "lightness": 0.20784313725490197,
      "sats": [
        0.0
      ],
      "vals": [
        0.20784313725490197
      ],
      "variance": 1.2805468998336411
    },
    {
      "equivalent": false,
      "hues": [
        0.08796296296296295,
        0.09969053934571176,
        0.10000000000000002
      ],
      "lightness": 0.6510695187165776,
      "sats": [
        0.9520202020202021,
        0.8294930875576036,
        0.32098765432098764
      ],
      "vals": [
        0.36470588235294116,
        0.7764705882352941,
        0.7941176470588235
      ],
      "variance": 0.4087933429722178
    },
    {
      "equivalent": false,
      "hues": [
        0.10919540229885057
      ],
      "lightness": 0.15686274509803919,
      "sats": [
        0.725
      ],
      "vals": [
        0.1568627450980392
      ],
      "variance": 1.696724642279575
    },
    {
      "equivalent": false,
      "hues": [
        0.08796296296296297
      ],
      "lightness": 0.42745098039215684,
      "sats": [
        0.9908256880733946
      ],
      "vals": [
        0.42745098039215684
      ],
      "variance": 0.6226512448732384
    }
  ]
}