{
  "group_name": "tinker\\assets\\tinker\\textures\\items\\fishingrod\\iron_fishingrod.png",
  "segment_dicts": [
    {
      "equivalent": false,
      "hues": [
        0.0
      ],
      "lightness": 0.20784313725490197,
      "sats": [
        0.0
      ],
      "vals": [
        0.20784313725490197
      ],
      "variance": 1.1708013486081519
    },
    {
      "equivalent": false,
      "hues": [
        0.2706546275395034,
        0.2708812260536399,
        0.6666666666666666
      ],
      "lightness": 0.5853832442067737,
      "sats": [
        0.9177215189873417,
        0.8283470456245327,
        1.8873791418627658e-16
      ],
      "vals": [
        0.4289592760180996,
        0.5882352941176472,
        0.9532976827094475
      ],
      "variance": 0.41569865178961785
    },
    {
      "equivalent": false,
      "hues": [
        0.10919540229885057
      ],
      "lightness": 0.15686274509803919,
      "sats": [
        0.725
      ],
      "vals": [
        0.1568627450980392
      ],
      "variance": 1.5513117869058015
    },
    {
      "equivalent": false,
      "hues": [
        0.27011494252873564
      ],
      "lightness": 0.34509803921568627,
      "sats": [
        0.9886363636363636
      ],
      "vals": [
        0.34509803921568627
      ],
      "variance": 0.7051417213208188
    }
  ]
}