{
  "group_name": "tinker\\assets\\tinker\\textures\\items\\fishingrod\\iron_fishingrod.png",
  "segment_dicts": [
    {
      "equivalent": false,
      "hues": [
        0.0
      ],
      "lightness": 0.20784313725490197,
      "sats": [
        0.0
      ],
      "vals": [
        0.20784313725490197
      ],
      "variance": 0.7669738337154423
    },
    {
      "equivalent": false,
      "hues": [
        0.5729166666666666,
        0.5751072961373391,
        0.5772357723577235
      ],
      "lightness": 0.3768270944741533,
      "sats": [
        0.3047619047619048,
        0.2869458128078818,
        0.1314102564102565
      ],
      "vals": [
        0.244947209653092,
        0.4117647058823529,
        0.6117647058823529
      ],
      "variance": 0.4230328713870415
    },
    {
      "equivalent": false,
      "hues": [
        0.10919540229885057
      ],
      "lightness": 0.15686274509803919,
      "sats": [
        0.725
      ],
      "vals": [
        0.1568627450980392
      ],
      "variance": 1.0162403296729612
    },
    {
      "equivalent": false,
      "hues": [
        0.5789473684210527
      ],
      "lightness": 0.2196078431372549,
      "sats": [
        0.33928571428571425
      ],
      "vals": [
        0.2196078431372549
      ],
      "variance": 0.7258859497664008
    }
  ]
}