{
  "group_name": "tinker\\assets\\tinker\\textures\\items\\fishingrod\\pigiron_fishingrod_flail.png",
  "segment_dicts": [
    {
      "equivalent": false,
      "hues": [
        0.057884231536926144,
        0.09764309764309764
      ],
      "lightness": 1.0,
      "sats": [
        0.6549019607843137,
        0.388235294117647
      ],
      "vals": [
        1.0
      ],
      "variance": 0.21137108216357317
    },
    {
      "equivalent": false,
      "hues": [
        0.06359649122807016,
        0.1208333333333333
      ],
      "lightness": 1.0,
      "sats": [
        0.596078431372549,
        0.3137254901960784
      ],
      "vals": [
        1.0
      ],
      "variance": 0.21137108216357317
    }
  ]
}