{
  "group_name": "appliedenergistics2\\assets\\appliedenergistics2\\textures\\blocks\\MECable_White.png",
  "segment_dicts": [
    {
      "equivalent": false,
      "hues": [
        0.0
      ],
      "lightness": 0.7032156862745099,
      "sats": [
        0.0
      ],
      "vals": [
        0.6214285714285714,
        0.7411764705882353,
        0.8360613810741689
      ],
      "variance": 0.4945837839451184
    },
    {
      "equivalent": false,
      "hues": [
        0.0
      ],
      "lightness": 0.8380221653878943,
      "sats": [
        0.0
      ],
      "vals": [
        0.8313725490196079,
        0.8470588235294118,
        0.8666666666666667
      ],
      "variance": 0.41502371824046574
    }
  ]
}