{
  "group_name": "appliedenergistics2\\assets\\appliedenergistics2\\textures\\blocks\\MECable_White.png",
  "segment_dicts": [
    {
      "equivalent": false,
      "hues": [
        0.06249999999999998,
        0.08130081300813007,
        0.08850478967097043
      ],
      "lightness": 0.9770196078431372,
      "sats": [
        0.7394233360280247,
        0.33198380566801583,
        0.09411764705882353
      ],
      "vals": [
        0.9686274509803922,
        0.979524886877828,
        1.0
      ],
      "variance": 0.46784941108289957
    },
    {
      "equivalent": false,
      "hues": [
        0.06249999999999998,
        0.08130081300813008
      ],
      "lightness": 0.9727195225916454,
      "sats": [
        0.33198380566801616,
        0.09411764705882353
      ],
      "vals": [
        0.9686274509803922,
        1.0
      ],
      "variance": 0.4699176253068278
    }
  ]
}