{
  "group_name": "appliedenergistics2\\assets\\appliedenergistics2\\textures\\blocks\\MECable_White.png",
  "segment_dicts": [
    {
      "equivalent": false,
      "hues": [
        0.7717948717948718,
        0.776369582992641,
        0.8130081300813009
      ],
      "lightness": 0.7944575163398694,
      "sats": [
        0.7303370786516852,
        0.5908212560386474,
        0.18020092088740083
      ],
      "vals": [
        0.6980392156862745,
        0.8117647058823529,
        0.8146632566069907
      ],
      "variance": 0.47386963264871607
    },
    {
      "equivalent": false,
      "hues": [
        0.6449275362318841,
        0.8130081300813008
      ],
      "lightness": 0.826086956521739,
      "sats": [
        0.20098039215686286,
        0.09019607843137256
      ],
      "vals": [
        0.8,
        1.0
      ],
      "variance": 0.4557259843541401
    }
  ]
}