{
  "group_name": "appliedenergistics2\\assets\\appliedenergistics2\\textures\\blocks\\MEDense_Gray.png",
  "segment_dicts": [
    {
      "equivalent": false,
      "hues": [
        0.5972222222222223,
        0.5973597359735973,
        0.5984126984126984
      ],
      "lightness": 0.807017543859649,
      "sats": [
        0.5172413793103448,
        0.43722943722943725,
        0.2845849802371541
      ],
      "vals": [
        0.796078431372549,
        0.9058823529411765,
        0.9921568627450981
      ],
      "variance": 0.09203869113225022
    },
    {
      "equivalent": false,
      "hues": [
        0.5381642512077295,
        0.5972222222222223,
        0.5978485116416151
      ],
      "lightness": 0.9715370018975332,
      "sats": [
        0.47105372761349446,
        0.2845849802371541,
        0.19327731092436973
      ],
      "vals": [
        0.8559714795008913,
        0.9921568627450981,
        1.0
      ],
      "variance": 0.07645291770929308
    }
  ]
}