{
  "group_name": "appliedenergistics2\\assets\\appliedenergistics2\\textures\\blocks\\MESmart_LightBlue.png",
  "segment_dicts": [
    {
      "equivalent": false,
      "hues": [
        0.15294117647058833,
        0.1823116219667944,
        0.28708000131635236
      ],
      "lightness": 0.9999999999999998,
      "sats": [
        0.7093137254901963,
        0.6823529411764704,
        0.3333333333333334
      ],
      "vals": [
        0.9999999999999998,
        1.0
      ],
      "variance": 0.39644107676141493
    }
  ]
}