{
  "group_name": "appliedenergistics2\\assets\\appliedenergistics2\\textures\\blocks\\MESmart_LightBlue.png",
  "segment_dicts": [
    {
      "equivalent": false,
      "hues": [
        0.0
      ],
      "lightness": 0.6356367789834378,
      "sats": [
        0.0
      ],
      "vals": [
        0.49754901960784326,
        0.6274509803921569,
        0.7254901960784313
      ],
      "variance": 0.4209969186021372
    }
  ]
}