{
  "group_name": "tinker\\assets\\tinker\\textures\\items\\fishingrod\\iron_fishingrod.png",
  "segment_dicts": [
    {
      "equivalent": false,
      "hues": [
        0.7473958333333334
      ],
      "lightness": 0.5019607843137255,
      "sats": [
        1.0
      ],
      "vals": [
        0.5019607843137255
      ],
      "variance": 0.2955189339107554
    },
    {
      "equivalent": false,
      "hues": [
        0.7474813841436706,
        0.7508001828989483,
        0.7584876543209876
      ],
      "lightness": 0.6984848484848485,
      "sats": [
        1.0,
        0.9707057256990679,
        0.45665961945031713
      ],
      "vals": [
        0.4263305322128852,
        0.7362745098039216,
        0.9274509803921569
      ],
      "variance": 0.21237241747931282
    },
    {
      "equivalent": false,
      "hues": [
        0.7492354740061162
      ],
      "lightness": 0.4274509803921568,
      "sats": [
        1.0
      ],
      "vals": [
        0.42745098039215684
      ],
      "variance": 0.34703140862914406
    },
    {
      "equivalent": false,
      "hues": [
        0.7475247524752476
      ],
      "lightness": 0.396078431372549,
      "sats": [
        1.0
      ],
      "vals": [
        0.396078431372549
      ],
      "variance": 0.3745190449562049
    }
  ]
}