{
  "group_name": "tinker\\assets\\tinker\\textures\\items\\fishingrod\\pigiron_fishingrod_flail.png",
  "segment_dicts": [
    {
      "equivalent": false,
      "hues": [
        0.0
      ],
      "lightness": 0.11764705882352938,
      "sats": [
        0.0
      ],
      "vals": [
        0.054901960784313725,
        0.2431372549019608
      ],
      "variance": 1.0831605431111206
    },
    {
      "equivalent": false,
      "hues": [
        0.0
      ],
      "lightness": 0.2875816993464052,
      "sats": [
        0.0
      ],
      "vals": [
        0.1568627450980392,
        0.5490196078431373
      ],
      "variance": 0.4431111312727311
    }
  ]
}