{
  "group_name": "tinker\\assets\\tinker\\textures\\items\\fishingrod\\pigiron_fishingrod_flail.png",
  "segment_dicts": [
    {
      "equivalent": false,
      "hues": [
        0.2713178294573643,
        0.2724358974358974
      ],
      "lightness": 0.3359477124183007,
      "sats": [
        0.7413793103448276,
        0.7375886524822695
      ],
      "vals": [
        0.22745098039215686,
        0.5529411764705883
      ],
      "variance": 0.3191822062123972
    },
    {
      "equivalent": false,
      "hues": [
        0.2706855791962175,
        0.27340823970037453
      ],
      "lightness": 0.5882352941176471,
      "sats": [
        0.7355371900826446,
        0.6778846153846154
      ],
      "vals": [
        0.4745098039215686,
        0.8156862745098039
      ],
      "variance": 0.18228850443685796
    }
  ]
}