{
  "group_name": "tinker\\assets\\tinker\\textures\\items\\fishingrod\\iron_fishingrod.png",
  "segment_dicts": [
    {
      "equivalent": false,
      "hues": [
        0.2708333333333333
      ],
      "lightness": 0.2980392156862745,
      "sats": [
        0.7368421052631579
      ],
      "vals": [
        0.2980392156862745
      ],
      "variance": 0.7048588456106064
    },
    {
      "equivalent": false,
      "hues": [
        0.2711518858307849,
        0.2713450292397661,
        0.2731356693620845
      ],
      "lightness": 0.5105169340463458,
      "sats": [
        0.7398190045248868,
        0.7361111111111112,
        0.7054455445544554
      ],
      "vals": [
        0.24761904761904757,
        0.49411764705882355,
        0.7921568627450981
      ],
      "variance": 0.41149580651568923
    },
    {
      "equivalent": false,
      "hues": [
        0.2733333333333334
      ],
      "lightness": 0.2666666666666666,
      "sats": [
        0.7352941176470589
      ],
      "vals": [
        0.26666666666666666
      ],
      "variance": 0.7877834156824427
    },
    {
      "equivalent": false,
      "hues": [
        0.2713178294573643
      ],
      "lightness": 0.22745098039215686,
      "sats": [
        0.7413793103448276
      ],
      "vals": [
        0.22745098039215686
      ],
      "variance": 0.923608142524243
    }
  ]
}