{
  "group_name": "tinker\\assets\\tinker\\textures\\items\\fishingrod\\pigiron_fishingrod_flail.png",
  "segment_dicts": [
    {
      "equivalent": false,
      "hues": [
        0.0
      ],
      "lightness": 0.34509803921568627,
      "sats": [
        0.6,
        0.5952380952380952
      ],
      "vals": [
        0.16470588235294117,
        0.7058823529411765
      ],
      "variance": 0.18532364779939567
    },
    {
      "equivalent": false,
      "hues": [
        0.0
      ],
      "lightness": 0.5751633986928104,
      "sats": [
        0.5982905982905983,
        0.35922330097087374
      ],
      "vals": [
        0.4588235294117647,
        0.807843137254902
      ],
      "variance": 0.11119418867963742
    }
  ]
}