{
  "group_name": "extratic\\assets\\extratic\\textures\\items\\pickmattock\\metallurgy3\\nether\\ceruclase_pickmattock_handle.png",
  "segment_dicts": [
    {
      "equivalent": false,
      "hues": [
        0.6993911719939118,
        0.7142857142857143,
        0.7162162162162162
      ],
      "lightness": 0.1801801801801802,
      "sats": [
        0.47096774193548385,
        0.45121951219512196,
        0.4285714285714286
      ],
      "vals": [
        0.14027149321266968,
        0.19215686274509805,
        0.3215686274509804
      ],
      "variance": 0.780158751050993
    }
  ]
}