{
  "group_name": "extratic\\assets\\extratic\\textures\\items\\pickaxe\\tcon\\glue_pickaxe_accessory.png",
  "segment_dicts": [
    {
      "equivalent": false,
      "hues": [
        0.0
      ],
      "lightness": 0.1838235294117647,
      "sats": [
        0.0
      ],
      "vals": [
        0.047058823529411764,
        0.22745098039215686,
        0.6
      ],
      "variance": 0.6831884348406375
    }
  ]
}