{
  "group_name": "extratic\\assets\\extratic\\textures\\items\\crossbow\\ae\\certus_quartz_crossbow_bow_2.png",
  "segment_dicts": [
    {
      "equivalent": false,
      "hues": [
        0.5284552845528455
      ],
      "lightness": 0.30980392156862746,
      "sats": [
        0.5189873417721519
      ],
      "vals": [
        0.30980392156862746
      ],
      "variance": 0.444414502317164
    },
    {
      "equivalent": false,
      "hues": [
        0.525,
        0.5258620689655173,
        0.5263157894736841
      ],
      "lightness": 0.7473856209150327,
      "sats": [
        0.517857142857143,
        0.3174603174603175,
        0.07949790794979097
      ],
      "vals": [
        0.43921568627450985,
        0.7411764705882353,
        0.9372549019607844
      ],
      "variance": 0.18421729260895123
    }
  ]
}