{
  "group_name": "chisel\\assets\\chisel\\textures\\blocks\\icepillar\\carved-top.png",
  "segment_dicts": [
    {
      "equivalent": true,
      "hues": [
        0.5913682277318643,
        0.5974146626320539,
        0.6005897771952817
      ],
      "lightness": 0.8513020833333326,
      "sats": [
        0.3074753173483781,
        0.23194562446898895,
        0.16963337439993204
      ],
      "vals": [
        0.7785098039215687,
        0.8359116875096495,
        0.8875942684766215
      ],
      "variance": 0.04522589416197143
    }
  ]
}