{
  "group_name": "natura\\assets\\natura\\textures\\blocks\\willow_window.png",
  "segment_dicts": [
    {
      "equivalent": false,
      "hues": [
        0.6203703703703703,
        0.6238095238095238
      ],
      "lightness": 0.8874509803921569,
      "sats": [
        0.4046242774566474,
        0.3529411764705882
      ],
      "vals": [
        0.6784313725490196,
        1.0
      ],
      "variance": 0.4415055499915451
    },
    {
      "equivalent": false,
      "hues": [
        0.4999999999999976,
        0.5,
        0.6203703703703703
      ],
      "lightness": 0.24857685009487665,
      "sats": [
        0.3529411764705882,
        0.01754385964912287,
        0.017543859649122865
      ],
      "vals": [
        0.2235294117647059,
        0.22352941176470592,
        1.0
      ],
      "variance": 1.5762309846593825
    }
  ]
}