{
  "group_name": "extratic\\assets\\extratic\\textures\\items\\crossbow\\ae\\certus_quartz_crossbow_bow_2.png",
  "segment_dicts": [
    {
      "equivalent": false,
      "hues": [
        0.7475247524752476
      ],
      "lightness": 0.396078431372549,
      "sats": [
        1.0
      ],
      "vals": [
        0.396078431372549
      ],
      "variance": 0.31452494020539784
    },
    {
      "equivalent": false,
      "hues": [
        0.7492354740061162,
        0.7527777777777778,
        0.7570921985815603
      ],
      "lightness": 0.7241830065359477,
      "sats": [
        1.0,
        0.9944751381215471,
        0.40343347639484994
      ],
      "vals": [
        0.42745098039215684,
        0.7098039215686275,
        0.9137254901960784
      ],
      "variance": 0.17202356837948654
    }
  ]
}