{
  "group_name": "extratic\\assets\\extratic\\textures\\items\\crossbow\\metallurgy3\\fantasy\\oureclase_crossbow_binding.png",
  "segment_dicts": [
    {
      "equivalent": false,
      "hues": [
        0.27199074074074076,
        0.2724358974358974,
        0.27340823970037453
      ],
      "lightness": 0.5443627450980393,
      "sats": [
        0.7375886524822695,
        0.7355371900826446,
        0.7346938775510203
      ],
      "vals": [
        0.4745098039215686,
        0.5529411764705883,
        0.7686274509803922
      ],
      "variance": 0.17707936149684833
    }
  ]
}