{
  "group_name": "extratic\\assets\\extratic\\textures\\items\\crossbow\\ae\\certus_quartz_crossbow_bow_2.png",
  "segment_dicts": [
    {
      "equivalent": false,
      "hues": [
        0.6242937853107344
      ],
      "lightness": 0.3137254901960784,
      "sats": [
        0.7375
      ],
      "vals": [
        0.3137254901960784
      ],
      "variance": 0.27710388986919626
    },
    {
      "equivalent": false,
      "hues": [
        0.6217948717948718,
        0.6225895316804407,
        0.6228956228956228
      ],
      "lightness": 0.676470588235294,
      "sats": [
        0.7428571428571428,
        0.7333333333333334,
        0.452054794520548
      ],
      "vals": [
        0.41176470588235287,
        0.6470588235294118,
        0.8588235294117648
      ],
      "variance": 0.12851194892484466
    }
  ]
}