{
  "group_name": "extratic\\assets\\extratic\\textures\\items\\crossbow\\generic\\sapphire_crossbow_bow_1.png",
  "segment_dicts": [
    {
      "equivalent": false,
      "hues": [
        0.6217948717948718,
        0.6225244571701265,
        0.6228693181818182
      ],
      "lightness": 0.6534901960784314,
      "sats": [
        0.7428571428571428,
        0.7344900105152471,
        0.46043165467625885
      ],
      "vals": [
        0.41176470588235303,
        0.6780748663101605,
        0.8565826330532211
      ],
      "variance": 0.12375054255148177
    }
  ]
}