{
  "group_name": "extratic\\assets\\extratic\\textures\\items\\chisel\\metallurgy3\\fantasy\\astral_silver_chisel_head_broken.png",
  "segment_dicts": [
    {
      "equivalent": false,
      "hues": [
        0.0,
        0.055118110236220465
      ],
      "lightness": 0.655594002306805,
      "sats": [
        1.0,
        0.900763358778626
      ],
      "vals": [
        0.5137254901960784,
        0.996078431372549
      ],
      "variance": 0.15675679559160074
    }
  ]
}