{
  "group_name": "extratic\\assets\\tinker\\textures\\items\\parts\\terrasteel_chunk.png",
  "segment_dicts": [
    {
      "equivalent": false,
      "hues": [
        0.0907335907335907,
        0.09126126126126126,
        0.09614930309473185
      ],
      "lightness": 0.3864871249704701,
      "sats": [
        0.6051401869158878,
        0.5952380952380951,
        0.5634984025559103
      ],
      "vals": [
        0.3167615433270082,
        0.4202839756592292,
        0.43785166240409207
      ],
      "variance": 0.4978679168897069
    }
  ]
}