{
  "group_name": "extratic\\assets\\extratic\\textures\\items\\battlesign\\natura\\netherquartz_battlesign_head_broken.png",
  "segment_dicts": [
    {
      "equivalent": false,
      "hues": [
        0.07139188495120696,
        0.07450907283122053,
        0.0793010752688172
      ],
      "lightness": 0.45688073394495415,
      "sats": [
        0.6358974358974359,
        0.6042830540037243,
        0.5076660988074957
      ],
      "vals": [
        0.3396335583413693,
        0.5264705882352941,
        0.7647058823529411
      ],
      "variance": 0.6274008127320692
    }
  ]
}