{
  "group_name": "extratic\\assets\\extratic\\textures\\items\\parts\\ae\\certus_quartz_hammer_head.png",
  "segment_dicts": [
    {
      "equivalent": false,
      "hues": [
        0.6666666666666666
      ],
      "lightness": 0.22352941176470587,
      "sats": [
        0.19298245614035092
      ],
      "vals": [
        0.2235294117647059
      ],
      "variance": 0.5280114771100982
    },
    {
      "equivalent": false,
      "hues": [
        0.6584699453551913,
        0.6610845295055819,
        0.6625
      ],
      "lightness": 0.5997936016511867,
      "sats": [
        0.18047337278106496,
        0.17924528301886797,
        0.1652892561983471
      ],
      "vals": [
        0.4418300653594771,
        0.6532212885154062,
        0.9490196078431372
      ],
      "variance": 0.19677784917764501
    }
  ]
}