{
  "group_name": "extratic\\assets\\tinker\\textures\\items\\parts\\terrasteel_chunk.png",
  "segment_dicts": [
    {
      "equivalent": false,
      "hues": [
        0.6613475177304965,
        0.6625240847784198,
        0.6648793565683637
      ],
      "lightness": 0.66227261989133,
      "sats": [
        0.19079283887468038,
        0.17613991255465336,
        0.16537615906701053
      ],
      "vals": [
        0.24731182795698914,
        0.69760348583878,
        0.9540355677154579
      ],
      "variance": 0.34651878395495994
    }
  ]
}