{
  "group_name": "extratic\\assets\\extratic\\textures\\items\\longsword\\natura\\netherquartz_longsword_accessory.png",
  "segment_dicts": [
    {
      "equivalent": false,
      "hues": [
        0.08796296296296295,
        0.09962756052141526,
        0.09989023051591654
      ],
      "lightness": 0.5980392156862746,
      "sats": [
        1.0,
        0.9908256880733944,
        0.7145098039215686
      ],
      "vals": [
        0.42745098039215684,
        0.7019607843137254,
        1.0
      ],
      "variance": 0.21384018415052763
    }
  ]
}