{
  "group_name": "extratic\\assets\\extratic\\textures\\items\\broadsword\\metallurgy3\\nether\\kalendrite_sword_handle.png",
  "segment_dicts": [
    {
      "equivalent": false,
      "hues": [
        0.2705905205905206,
        0.2712643678160919,
        0.2714285714285714
      ],
      "lightness": 0.8037151702786376,
      "sats": [
        0.9931506849315068,
        0.9265658747300216,
        0.27450980392156865
      ],
      "vals": [
        0.5725490196078431,
        0.907843137254902,
        1.0
      ],
      "variance": 0.08911938044252483
    }
  ]
}