{
  "group_name": "extratic\\assets\\extratic\\textures\\items\\longsword\\natura\\darkwood_longsword_blade.png",
  "segment_dicts": [
    {
      "equivalent": false,
      "hues": [
        0.27011494252873564,
        0.27072310405643735,
        0.2714285714285714
      ],
      "lightness": 0.6296631473102061,
      "sats": [
        0.988636363636364,
        0.7440944881889764,
        0.27450980392156876
      ],
      "vals": [
        0.34509803921568627,
        0.996078431372549,
        1.0
      ],
      "variance": 0.29144099275866603
    }
  ]
}