{
  "group_name": "extratic\\assets\\extratic\\textures\\items\\mattock\\metallurgy3\\nether\\vyroxeres_mattock_back.png",
  "segment_dicts": [
    {
      "equivalent": false,
      "hues": [
        0.7469879518072289,
        0.7476913911230265,
        0.7570921985815603
      ],
      "lightness": 0.5286764705882353,
      "sats": [
        1.0,
        0.9279503105590062,
        0.40343347639484983
      ],
      "vals": [
        0.39893048128342246,
        0.7892156862745098,
        0.9137254901960784
      ],
      "variance": 0.23485152418560148
    }
  ]
}