{
  "group_name": "extratic\\assets\\extratic\\textures\\items\\mattock\\metallurgy3\\precious\\brass_mattock_head.png",
  "segment_dicts": [
    {
      "equivalent": false,
      "hues": [
        0.0
      ],
      "lightness": 0.14681372549019608,
      "sats": [
        0.0
      ],
      "vals": [
        0.06405228758169937,
        0.17254901960784313,
        0.5490196078431373
      ],
      "variance": 1.4670252192453654
    }
  ]
}