{
  "group_name": "chisel\\assets\\chisel\\textures\\blocks\\icepillar\\carved-top.png",
  "segment_dicts": [
    {
      "equivalent": false,
      "hues": [
        0.7053333333333335,
        0.029824561403508493,
        0.1532690246516608
      ],
      "lightness": 0.7105545343137305,
      "sats": [
        0.10721137569123108,
        0.0718494036499497,
        0.01355296988713121
      ],
      "vals": [
        0.5991210277214334,
        0.681729055258467,
        0.8269756387403445
      ],
      "variance": 0.1243272772551724
    }
  ]
}