{
  "group_name": "extratic\\assets\\extratic\\textures\\items\\scythe\\natura\\netherquartz_scythe_head.png",
  "segment_dicts": [
    {
      "equivalent": false,
      "hues": [
        0.09956709956709957,
        0.10015835312747427,
        0.10124888492417483
      ],
      "lightness": 0.5695781342840167,
      "sats": [
        0.797864768683274,
        0.7626811594202899,
        0.326271186440678
      ],
      "vals": [
        0.32410611303344866,
        0.7871657754010696,
        0.9254901960784314
      ],
      "variance": 0.3032223305634373
    }
  ]
}