{
  "group_name": "extratic\\assets\\extratic\\textures\\items\\scythe\\metallurgy3\\precious\\brass_scythe_binding.png",
  "segment_dicts": [
    {
      "equivalent": false,
      "hues": [
        0.11992945326278663,
        0.12028985507246377,
        0.1269841269841271
      ],
      "lightness": 0.8054901960784314,
      "sats": [
        0.6216216216216216,
        0.2921174652241113,
        0.08713692946058084
      ],
      "vals": [
        0.7254901960784313,
        0.8457516339869281,
        0.9450980392156862
      ],
      "variance": 0.05150680699519252
    }
  ]
}