{
  "group_name": "extratic\\assets\\extratic\\textures\\items\\throwingknife\\ae\\certus_quartz_knife_handle.png",
  "segment_dicts": [
    {
      "equivalent": false,
      "hues": [
        0.06060606060606063
      ],
      "lightness": 0.5372549019607844,
      "sats": [
        0.16058394160583936
      ],
      "vals": [
        0.5372549019607843
      ],
      "variance": 0.039359196437485096
    },
    {
      "equivalent": false,
      "hues": [
        0.06111111111111115
      ],
      "lightness": 0.3647058823529412,
      "sats": [
        0.32258064516129026
      ],
      "vals": [
        0.36470588235294116
      ],
      "variance": 0.05798075174124149
    }
  ]
}