{
  "group_name": "extratic\\assets\\extratic\\textures\\items\\longbow\\generic\\sapphire_bow_bottom.png",
  "segment_dicts": [
    {
      "equivalent": false,
      "hues": [
        0.23737373737373738,
        0.23809523809523805,
        0.23873873873873874
      ],
      "lightness": 0.7229803921568627,
      "sats": [
        0.7184466019417475,
        0.6470588235294118,
        0.2575757575757575
      ],
      "vals": [
        0.403921568627451,
        0.8,
        0.9058823529411765
      ],
      "variance": 0.09090937458163478
    }
  ]
}