{
  "group_name": "extratic\\assets\\extratic\\textures\\items\\axe\\natura\\ghostwood_axe_handle.png",
  "segment_dicts": [
    {
      "equivalent": false,
      "hues": [
        0.27903469079939663,
        0.28571428571428564,
        0.2965686274509804
      ],
      "lightness": 0.4137254901960784,
      "sats": [
        0.546875,
        0.5127610208816705,
        0.419753086419753
      ],
      "vals": [
        0.25098039215686274,
        0.4609625668449198,
        0.6352941176470588
      ],
      "variance": 0.4425812908549609
    }
  ]
}