{
  "group_name": "extratic\\assets\\extratic\\textures\\items\\dagger\\bop\\mud_dagger_blade.png",
  "segment_dicts": [
    {
      "equivalent": false,
      "hues": [
        0.0
      ],
      "lightness": 0.13903743315508021,
      "sats": [
        0.0
      ],
      "vals": [
        0.047058823529411736,
        0.19215686274509805,
        0.22745098039215683
      ],
      "variance": 2.0865569279991805
    }
  ]
}