{
  "group_name": "extratic\\assets\\extratic\\textures\\items\\dagger\\metallurgy3\\fantasy\\astral_silver_dagger_blade_broken.png",
  "segment_dicts": [
    {
      "equivalent": false,
      "hues": [
        0.0
      ],
      "lightness": 0.10808823529411765,
      "sats": [
        0.0
      ],
      "vals": [
        0.047058823529411764,
        0.19215686274509805,
        0.22745098039215686
      ],
      "variance": 2.7413631802609943
    }
  ]
}