{
  "group_name": "extratic\\assets\\tinker\\textures\\items\\parts\\terrasteel_chunk.png",
  "segment_dicts": [
    {
      "equivalent": false,
      "hues": [
        0.9683539094650205,
        0.96987087517934,
        0.9700239808153477
      ],
      "lightness": 0.7356012284431845,
      "sats": [
        0.6241325274233267,
        0.5340285400658616,
        0.43642241379310354
      ],
      "vals": [
        0.5650853889943075,
        0.7938997821350763,
        0.8463292293661652
      ],
      "variance": 0.14653602763052792
    }
  ]
}