{
  "group_name": "extratic\\assets\\extratic\\textures\\items\\parts\\twilightforest\\knightmetal_rod.png",
  "segment_dicts": [
    {
      "equivalent": false,
      "hues": [
        0.968421052631579,
        0.9698412698412698,
        0.9705882352941176
      ],
      "lightness": 0.7988064791133844,
      "sats": [
        0.6040609137055838,
        0.5147058823529412,
        0.4418604651162791
      ],
      "vals": [
        0.7725490196078432,
        0.8,
        0.8431372549019608
      ],
      "variance": 0.10255759348048693
    },
    {
      "equivalent": false,
      "hues": [
        0.9696969696969697
      ],
      "lightness": 0.5529411764705883,
      "sats": [
        0.6241134751773049
      ],
      "vals": [
        0.5529411764705883
      ],
      "variance": 0.14815982900280025
    }
  ]
}