{
  "group_name": "extratic\\assets\\extratic\\textures\\items\\parts\\bop\\mud_binding.png",
  "segment_dicts": [
    {
      "equivalent": false,
      "hues": [
        0.9694638694638694,
        0.9696969696969697,
        0.970873786407767
      ],
      "lightness": 0.6100980392156863,
      "sats": [
        0.6242424242424243,
        0.624113475177305,
        0.4931034482758621
      ],
      "vals": [
        0.5529411764705883,
        0.6470588235294118,
        0.8123249299719888
      ],
      "variance": 0.18283768045011545
    }
  ]
}