{
  "group_name": "extratic\\assets\\extratic\\textures\\items\\shovel\\natura\\darkwood_shovel_head.png",
  "segment_dicts": [
    {
      "equivalent": false,
      "hues": [
        0.0,
        1.850371707708594e-17,
        0.06384692849949647
      ],
      "lightness": 0.7390849673202614,
      "sats": [
        1.0,
        0.976470588235294,
        0.9007633587786259
      ],
      "vals": [
        0.5137254901960783,
        0.6666666666666666,
        0.9984917043740573
      ],
      "variance": 0.1560328601867225
    }
  ]
}