{
  "group_name": "extratic\\assets\\extratic\\textures\\items\\lumberaxe\\oodmod\\kroostyl_lumberaxe_head_broken.png",
  "segment_dicts": [
    {
      "equivalent": false,
      "hues": [
        0.0,
        0.2384615384615385,
        0.24257425742574265
      ],
      "lightness": 0.4010031919744642,
      "sats": [
        0.18773234200743483,
        0.18190298507462688,
        0.01960784313725415
      ],
      "vals": [
        0.1999999999999999,
        0.4203921568627451,
        0.8439215686274509
      ],
      "variance": 0.6218247503639942
    }
  ]
}