{
  "group_name": "extratic\\assets\\extratic\\textures\\items\\lumberaxe\\metallurgy3\\precious\\brass_lumberaxe_binding.png",
  "segment_dicts": [
    {
      "equivalent": false,
      "hues": [
        0.23958333333333318,
        0.24137931034482762,
        0.2450980392156863
      ],
      "lightness": 0.6506238859180036,
      "sats": [
        0.18994413407821226,
        0.18669527896995713,
        0.1797752808988764
      ],
      "vals": [
        0.34901960784313724,
        0.7019607843137254,
        0.9137254901960785
      ],
      "variance": 0.13434453084018058
    }
  ]
}