{
  "group_name": "extratic\\assets\\extratic\\textures\\items\\lumberaxe\\generic\\amethyst_lumberaxe_handle.png",
  "segment_dicts": [
    {
      "equivalent": false,
      "hues": [
        0.27989821882951654,
        0.28571428571428564,
        0.29656862745098045
      ],
      "lightness": 0.44663487016428194,
      "sats": [
        0.546875,
        0.532520325203252,
        0.419753086419753
      ],
      "vals": [
        0.25098039215686274,
        0.4823529411764706,
        0.6352941176470588
      ],
      "variance": 0.45259962718927454
    }
  ]
}