{
  "group_name": "enderio\\assets\\enderio\\textures\\items\\old\\ingotLead.png",
  "segment_dicts": [
    {
      "equivalent": false,
      "hues": [
        0.07118055555555551,
        0.07791405210115993,
        0.10105561277033977
      ],
      "lightness": 0.5460190136660725,
      "sats": [
        0.6363160648874936,
        0.6065743944636678,
        0.5656859889309642
      ],
      "vals": [
        0.362618595825427,
        0.6126126126126126,
        0.8159239453357101
      ],
      "variance": 0.562261422688504
    }
  ]
}