{
  "group_name": "extratic\\assets\\extratic\\textures\\items\\parts\\oodmod\\kroostyl_largeplate.png",
  "segment_dicts": [
    {
      "equivalent": false,
      "hues": [
        0.10000000000000002,
        0.10279767466002276,
        0.11178861788617879
      ],
      "lightness": 0.5282112845138055,
      "sats": [
        0.5157232704402517,
        0.5115501035526526,
        0.48589687086822386
      ],
      "vals": [
        0.4207809619574328,
        0.623529411764706,
        0.7263705482192877
      ],
      "variance": 0.4796031515239198
    }
  ]
}