{
  "group_name": "extratic\\assets\\extratic\\textures\\items\\rapier\\natura\\netherquartz_rapier_accessory.png",
  "segment_dicts": [
    {
      "equivalent": false,
      "hues": [
        0.5673758865248227,
        0.5698924731182796,
        0.5743371212121212
      ],
      "lightness": 0.33803921568627454,
      "sats": [
        0.5108695652173912,
        0.5072046109510085,
        0.4626865671641792
      ],
      "vals": [
        0.26274509803921575,
        0.3607843137254902,
        0.544313725490196
      ],
      "variance": 0.534993078093712
    }
  ]
}