{
  "group_name": "extratic\\assets\\extratic\\textures\\items\\rapier\\metallurgy3\\nether\\kalendrite_rapier_handle.png",
  "segment_dicts": [
    {
      "equivalent": false,
      "hues": [
        0.0
      ],
      "lightness": 0.2311661506707946,
      "sats": [
        0.0
      ],
      "vals": [
        0.1315233785822021,
        0.24313725490196078,
        0.5490196078431373
      ],
      "variance": 0.894183257110502
    }
  ]
}