{
  "group_name": "extratic\\assets\\extratic\\textures\\items\\cleaver\\erebus\\jade_cleaver_head_broken.png",
  "segment_dicts": [
    {
      "equivalent": false,
      "hues": [
        0.0
      ],
      "lightness": 0.1762001352265044,
      "sats": [
        0.0
      ],
      "vals": [
        0.02745098039215682,
        0.1568627450980392,
        0.4134158926728586
      ],
      "variance": 1.6680343735816823
    }
  ]
}