{
  "group_name": "extratic\\assets\\extratic\\textures\\items\\cleaver\\metallurgy3\\precious\\brass_cleaver_head.png",
  "segment_dicts": [
    {
      "equivalent": false,
      "hues": [
        0.30995260663507107,
        0.31018518518518534,
        0.3121212121212121
      ],
      "lightness": 0.5222011385199241,
      "sats": [
        0.43373493975903604,
        0.4296875,
        0.423354735152488
      ],
      "vals": [
        0.32549019607843144,
        0.5019607843137255,
        0.6980392156862745
      ],
      "variance": 0.5616624702486632
    }
  ]
}