{
  "group_name": "extratic\\assets\\extratic\\textures\\items\\cleaver\\natura\\netherquartz_cleaver_guard.png",
  "segment_dicts": [
    {
      "equivalent": false,
      "hues": [
        0.7045454545454546,
        0.7053571428571428,
        0.7058823529411765
      ],
      "lightness": 0.3668449197860963,
      "sats": [
        0.46861924686192463,
        0.3908045977011494,
        0.21674876847290633
      ],
      "vals": [
        0.2343137254901961,
        0.6823529411764706,
        0.796078431372549
      ],
      "variance": 0.23821506734686482
    }
  ]
}