{
  "group_name": "extratic\\assets\\extratic\\textures\\items\\cleaver\\natura\\netherquartz_cleaver_guard.png",
  "segment_dicts": [
    {
      "equivalent": false,
      "hues": [
        0.10576923076923078,
        0.10919540229885057,
        0.1094632768361582
      ],
      "lightness": 0.30267379679144385,
      "sats": [
        0.725,
        0.7129909365558913,
        0.7123287671232877
      ],
      "vals": [
        0.1568627450980392,
        0.28627450980392155,
        0.4326797385620915
      ],
      "variance": 0.8919209585372895
    }
  ]
}