{
  "group_name": "extratic\\assets\\extratic\\textures\\items\\parts\\ae\\certus_quartz_hammer_head.png",
  "segment_dicts": [
    {
      "equivalent": true,
      "hues": [
        0.10416666666666667
      ],
      "lightness": 0.2156862745098039,
      "sats": [
        0.2909090909090909
      ],
      "vals": [
        0.21568627450980393
      ],
      "variance": 1.1376936729905631
    },
    {
      "equivalent": true,
      "hues": [
        0.57981220657277,
        0.5840978593272173,
        0.586682427107959
      ],
      "lightness": 0.7372549019607844,
      "sats": [
        0.36224489795918374,
        0.33176470588235296,
        0.2482915717539864
      ],
      "vals": [
        0.5738562091503269,
        0.7686274509803922,
        1.0
      ],
      "variance": 0.3328359149706434
    }
  ]
}