{
  "group_name": "extratic\\assets\\extratic\\textures\\items\\parts\\bop\\mud_shovel_head.png",
  "segment_dicts": [
    {
      "equivalent": false,
      "hues": [
        0.104166666666667,
        0.5866910866910867,
        0.5964912280701754
      ],
      "lightness": 0.581437908496732,
      "sats": [
        0.3294117647058824,
        0.2909090909090911,
        0.15702479338842967
      ],
      "vals": [
        0.21568627450980385,
        0.4745098039215686,
        1.0
      ],
      "variance": 0.3193181255996154
    }
  ]
}