{
  "group_name": "extratic\\assets\\extratic\\textures\\items\\parts\\natura\\netherquartz_medium_guard.png",
  "segment_dicts": [
    {
      "equivalent": false,
      "hues": [
        0.10416666666666663,
        0.5831390831390831,
        0.5964912280701754
      ],
      "lightness": 0.4029411764705883,
      "sats": [
        0.3907103825136612,
        0.290909090909091,
        0.15702479338842967
      ],
      "vals": [
        0.21568627450980393,
        0.4745098039215686,
        0.8611764705882352
      ],
      "variance": 0.44288594448720364
    }
  ]
}