{
  "group_name": "tinker\\assets\\tinker\\textures\\items\\fishingrod\\iron_fishingrod.png",
  "segment_dicts": [
    {
      "equivalent": false,
      "hues": [
        0.3947368421052631
      ],
      "lightness": 0.6078431372549019,
      "sats": [
        0.7354838709677419
      ],
      "vals": [
        0.6078431372549019
      ],
      "variance": 0.16241893439417668
    },
    {
      "equivalent": false,
      "hues": [
        0.39194139194139194,
        0.39291465378421897,
        0.3936231884057971
      ],
      "lightness": 0.6688057040998219,
      "sats": [
        0.858490566037736,
        0.6616800920598389,
        0.4882075471698113
      ],
      "vals": [
        0.41568627450980394,
        0.6815686274509803,
        0.8313725490196078
      ],
      "variance": 0.14761422342327885
    },
    {
      "equivalent": false,
      "hues": [
        0.3757309941520468
      ],
      "lightness": 0.5882352941176471,
      "sats": [
        0.76
      ],
      "vals": [
        0.5882352941176471
      ],
      "variance": 0.16783289887398253
    },
    {
      "equivalent": false,
      "hues": [
        0.39194139194139194
      ],
      "lightness": 0.41568627450980394,
      "sats": [
        0.8584905660377359
      ],
      "vals": [
        0.41568627450980394
      ],
      "variance": 0.23749938519903188
    }
  ]
}