{
  "group_name": "extratic\\assets\\extratic\\textures\\items\\shovel\\natura\\ghostwood_shovel_handle.png",
  "segment_dicts": [
    {
      "equivalent": false,
      "hues": [
        0.5436507936507936
      ],
      "lightness": 0.2784313725490196,
      "sats": [
        0.591549295774648
      ],
      "vals": [
        0.2784313725490196
      ],
      "variance": 1.038198584970953
    },
    {
      "equivalent": false,
      "hues": [
        0.5448717948717948,
        0.545751633986928,
        0.5465686274509803
      ],
      "lightness": 0.4704374057315234,
      "sats": [
        0.5977011494252873,
        0.5964912280701754,
        0.32692307692307687
      ],
      "vals": [
        0.3411764705882353,
        0.6705882352941176,
        0.8156862745098039
      ],
      "variance": 0.6144644398385314
    }
  ]
}