{
  "group_name": "extratic\\assets\\extratic\\textures\\items\\shovel\\natura\\ghostwood_shovel_handle.png",
  "segment_dicts": [
    {
      "equivalent": false,
      "hues": [
        0.06172839506172839
      ],
      "lightness": 0.19215686274509805,
      "sats": [
        0.5510204081632654
      ],
      "vals": [
        0.19215686274509805
      ],
      "variance": 1.620116637223228
    },
    {
      "equivalent": false,
      "hues": [
        0.06666666666666664,
        0.06666666666666671,
        0.06770833333333331
      ],
      "lightness": 0.2918552036199096,
      "sats": [
        0.47619047619047616,
        0.3368421052631579,
        0.2836879432624114
      ],
      "vals": [
        0.20588235294117646,
        0.37254901960784315,
        0.5529411764705883
      ],
      "variance": 1.0666814448694533
    }
  ]
}