{
  "group_name": "extratic\\assets\\extratic\\textures\\items\\shovel\\natura\\darkwood_shovel_head.png",
  "segment_dicts": [
    {
      "equivalent": false,
      "hues": [
        0.27011494252873564,
        0.2705328525641026,
        0.27072310405643735
      ],
      "lightness": 0.6452287581699347,
      "sats": [
        0.9952153110047847,
        0.9886363636363636,
        0.7440944881889764
      ],
      "vals": [
        0.3450980392156862,
        0.8196078431372549,
        0.996078431372549
      ],
      "variance": 0.3274682029473594
    }
  ]
}