{
  "group_name": "dye_powder_gray",
  "segment_dicts": [
    {
      "colorize": true,
      "hues": [
        0.6296296296296297,
        0.6296296296296297,
        0.6296296296296297,
        0.630718954248366,
        0.630718954248366,
        0.630718954248366,
        0.6385281385281386,
        0.6385281385281386,
        0.6463675213675214,
        0.6463675213675214
      ],
      "id": 0,
      "lightness": 0.7572549019607844,
      "sats": [
        0.7999999999999999,
        0.7999999999999999,
        0.7999999999999999,
        0.7708333333333333,
        0.735576923076923,
        0.735576923076923,
        0.6905829596412557,
        0.6905829596412557,
        0.6446280991735537,
        0.6446280991735537
      ],
      "vals": [
        0.7058823529411765,
        0.7058823529411765,
        0.7058823529411765,
        0.7529411764705882,
        0.8156862745098039,
        0.8156862745098039,
        0.8745098039215686,
        0.8745098039215686,
        0.9490196078431372,
        0.9490196078431372
      ],
      "variance": 0.48781017842481345
    }
  ]
}