{
  "group_name": "boat_item",
  "segment_dicts": [
    {
      "colorize": true,
      "hues": [
        0.11111111111111116,
        0.11111111111111116,
        0.11111111111111116,
        0.11111111111111116,
        0.11111111111111116,
        0.11111111111111116,
        0.11111111111111116,
        0.11111111111111116,
        0.11111111111111116,
        0.11111111111111116,
        0.11111111111111116
      ],
      "id": 0,
      "lightness": 0.15866609417489622,
      "sats": [
        0.75,
        0.7372881355932204,
        0.7352941176470589,
        0.7314814814814815,
        0.11764705882352941,
        0.11764705882352941,
        0.1111111111111111,
        0.1111111111111111,
        0.1111111111111111,
        0.1111111111111111,
        0.08888888888888888
      ],
      "vals": [
        0.10588235294117647,
        0.10588235294117647,
        0.10588235294117647,
        0.10588235294117647,
        0.10588235294117647,
        0.10588235294117647,
        0.10588235294117647,
        0.10588235294117647,
        0.10588235294117647,
        0.1568627450980392,
        0.17647058823529413
      ],
      "variance": 1.0985767381531464
    }
  ]
}