{
  "group_name": "record_ward",
  "segment_dicts": [
    {
      "colorize": true,
      "hues": [
        0.0,
        0.0,
        0.0,
        0.0,
        0.0,
        0.0,
        0.0,
        0.0,
        0.0,
        0.0,
        0.0
      ],
      "id": 0,
      "lightness": 0.20106285504856145,
      "sats": [
        0.0,
        0.0,
        0.0,
        0.0,
        0.0,
        0.0,
        0.0,
        0.0,
        0.0,
        0.0,
        0.0
      ],
      "vals": [
        0.06666666666666667,
        0.06666666666666667,
        0.12941176470588237,
        0.12941176470588237,
        0.12941176470588237,
        0.14901960784313725,
        0.25098039215686274,
        0.25098039215686274,
        0.25098039215686274,
        0.25098039215686274,
        0.25098039215686274
      ],
      "variance": 2.0963755329866856
    },
    {
      "colorize": true,
      "hues": [
        0.7604166666666665,
        0.7604166666666665,
        0.9593023255813953,
        0.06334841628959276,
        0.11303630363036304,
        0.23907103825136616,
        0.23907103825136616,
        0.3863636363636364,
        0.47028423772609823,
        0.5545977011494252
      ],
      "id": 1,
      "lightness": 0.7482352941176471,
      "sats": [
        1.0,
        0.9525862068965518,
        0.9347826086956522,
        0.8730964467005077,
        0.830188679245283,
        0.830188679245283,
        0.8169014084507042,
        0.792156862745098,
        0.7093023255813954,
        0.7093023255813954
      ],
      "vals": [
        0.5411764705882353,
        0.5568627450980392,
        0.6745098039215687,
        0.6745098039215687,
        0.6901960784313725,
        0.7725490196078432,
        0.8313725490196079,
        0.8313725490196079,
        0.9098039215686274,
        1.0
      ],
      "variance": 0.5633298151396459
    }
  ]
}