{
  "group_name": "extratic\\assets\\extratic\\textures\\items\\broadsword\\natura\\netherquartz_sword_accessory.png",
  "segment_dicts": [
    {
      "equivalent": false,
      "hues": [
        0.0778985507246377,
        0.08003766478342748,
        0.15625
      ],
      "lightness": 0.8128342245989305,
      "sats": [
        0.8975609756097562,
        0.8634146341463415,
        0.5090909090909091
      ],
      "vals": [
        0.803921568627451,
        0.8627450980392157
      ],
      "variance": 0.042623636387023094
    }
  ]
}