{
  "group_name": "extratic\\assets\\extratic\\textures\\items\\mattock\\metallurgy3\\precious\\brass_mattock_head.png",
  "segment_dicts": [
    {
      "equivalent": false,
      "hues": [
        0.0,
        0.5
      ],
      "lightness": 0.6381127450980393,
      "sats": [
        0.0009499683343888504,
        0.0
      ],
      "vals": [
        0.3999999999999999,
        0.6784313725490196,
        0.884593837535014
      ],
      "variance": 0.22820602980407995
    }
  ]
}