{
  "group_name": "extratic\\assets\\extratic\\textures\\items\\excavator\\metallurgy3\\precious\\brass_excavator_head_broken.png",
  "segment_dicts": [
    {
      "equivalent": false,
      "hues": [
        0.39194139194139194,
        0.39236111111111116,
        0.3933770014556041
      ],
      "lightness": 0.5960784313725491,
      "sats": [
        0.8584905660377358,
        0.6487252124645891,
        0.44239631336405544
      ],
      "vals": [
        0.4156862745098039,
        0.692156862745098,
        0.8509803921568627
      ],
      "variance": 0.18030178551623785
    }
  ]
}