{
  "group_name": "extratic\\assets\\extratic\\textures\\items\\throwingknife\\ae\\certus_quartz_knife_handle.png",
  "segment_dicts": [
    {
      "equivalent": false,
      "hues": [
        0.5934959349593495
      ],
      "lightness": 0.30980392156862746,
      "sats": [
        0.5189873417721519
      ],
      "vals": [
        0.30980392156862746
      ],
      "variance": 0.42139787454050576
    },
    {
      "equivalent": false,
      "hues": [
        0.5919540229885057
      ],
      "lightness": 0.22352941176470587,
      "sats": [
        0.5087719298245614
      ],
      "vals": [
        0.2235294117647059
      ],
      "variance": 0.5840426682228063
    }
  ]
}