{
  "group_name": "extratic\\assets\\extratic\\textures\\items\\throwingknife\\aoa\\jade_knife_blade.png",
  "segment_dicts": [
    {
      "equivalent": false,
      "hues": [
        0.07899305555555554,
        0.07921810699588477,
        0.07927927927927929
      ],
      "lightness": 0.5166905786704926,
      "sats": [
        0.8852459016393442,
        0.878316559926807,
        0.8008658008658008
      ],
      "vals": [
        0.3429019607843138,
        0.7176470588235295,
        0.9058823529411764
      ],
      "variance": 0.34676012103995385
    }
  ]
}