{
  "group_name": "extratic\\assets\\extratic\\textures\\items\\throwingknife\\ae\\certus_quartz_knife_handle.png",
  "segment_dicts": [
    {
      "equivalent": false,
      "hues": [
        0.47303921568627455
      ],
      "lightness": 0.4000000000000001,
      "sats": [
        0.6666666666666667
      ],
      "vals": [
        0.4
      ],
      "variance": 0.3859419713272556
    },
    {
      "equivalent": false,
      "hues": [
        0.47385620915032683
      ],
      "lightness": 0.3019607843137255,
      "sats": [
        0.6623376623376623
      ],
      "vals": [
        0.30196078431372547
      ],
      "variance": 0.5112478061737672
    }
  ]
}