{
  "group_name": "extratic\\assets\\extratic\\textures\\items\\longsword\\natura\\darkwood_longsword_blade.png",
  "segment_dicts": [
    {
      "equivalent": false,
      "hues": [
        0.01807228915662649,
        0.018425460636515918,
        0.019900497512437814
      ],
      "lightness": 0.4853695324283559,
      "sats": [
        1.0,
        0.7803921568627451
      ],
      "vals": [
        0.2627450980392157,
        0.9764705882352942,
        1.0
      ],
      "variance": 0.36717968117471056
    }
  ]
}