{
  "group_name": "extratic\\assets\\extratic\\textures\\items\\longsword\\natura\\darkwood_longsword_blade.png",
  "segment_dicts": [
    {
      "equivalent": false,
      "hues": [
        0.0,
        0.0146198830409357,
        0.02777777777777768
      ],
      "lightness": 0.26586224233283057,
      "sats": [
        0.9827586206896555,
        0.09523809523809523,
        0.0
      ],
      "vals": [
        0.22745098039215683,
        0.24705882352941178,
        0.4274509803921569
      ],
      "variance": 0.6363772109745675
    }
  ]
}