{
  "group_name": "extratic\\assets\\extratic\\textures\\items\\longsword\\natura\\darkwood_longsword_blade.png",
  "segment_dicts": [
    {
      "equivalent": false,
      "hues": [
        0.34375,
        0.3448275862068966,
        0.3452380952380952
      ],
      "lightness": 0.44635495223730515,
      "sats": [
        0.6885245901639343,
        0.6863905325443787,
        0.649746192893401
      ],
      "vals": [
        0.23921568627450981,
        0.6627450980392157,
        0.7725490196078432
      ],
      "variance": 0.2562168247751026
    }
  ]
}