{
  "group_name": "extratic\\assets\\extratic\\textures\\items\\bucket\\bucket_fill_rosite.png",
  "segment_dicts": [
    {
      "equivalent": false,
      "hues": [
        0.672661870503597,
        0.6745718050065875,
        0.6759923481587756
      ],
      "lightness": 0.6855392156862745,
      "sats": [
        0.7642543859649124,
        0.695,
        0.2858757062146892
      ],
      "vals": [
        0.5784313725490196,
        0.7152941176470587,
        0.7843137254901961
      ],
      "variance": 0.34373845980658524
    },
    {
      "equivalent": false,
      "hues": [
        0.6746031746031745,
        0.6746031746031748,
        0.6785714285714285
      ],
      "lightness": 0.5794117647058823,
      "sats": [
        0.32812499999999994,
        0.31111111111111117,
        0.25609756097560976
      ],
      "vals": [
        0.5019607843137255,
        0.5294117647058824,
        0.6431372549019607
      ],
      "variance": 0.4066990152618524
    },
    {
      "equivalent": false,
      "hues": [
        0.672661870503597,
        0.6750599520383692,
        0.6773809523809523
      ],
      "lightness": 0.7235294117647059,
      "sats": [
        0.7909604519774011,
        0.7473118279569892,
        0.695
      ],
      "vals": [
        0.6941176470588235,
        0.7294117647058823,
        0.7843137254901961
      ],
      "variance": 0.32568986181538584
    }
  ]
}