{
  "group_name": "extratic\\assets\\extratic\\textures\\items\\bucket\\bucket_fill_rosite.png",
  "segment_dicts": [
    {
      "equivalent": false,
      "hues": [
        0.0
      ],
      "lightness": 0.6193627450980392,
      "sats": [
        0.7790209790209791,
        0.7551020408163266,
        0.2644230769230768
      ],
      "vals": [
        0.5437908496732026,
        0.5607843137254902,
        0.7686274509803922
      ],
      "variance": 0.22402307659336274
    },
    {
      "equivalent": false,
      "hues": [
        0.0
      ],
      "lightness": 0.5529411764705883,
      "sats": [
        0.33582089552238814,
        0.2719298245614035,
        0.2531645569620253
      ],
      "vals": [
        0.4470588235294118,
        0.5254901960784314,
        0.6196078431372549
      ],
      "variance": 0.25093365006712215
    },
    {
      "equivalent": false,
      "hues": [
        0.0
      ],
      "lightness": 0.5963585434173668,
      "sats": [
        0.7862595419847328,
        0.7748344370860928,
        0.7551020408163266
      ],
      "vals": [
        0.5137254901960784,
        0.592156862745098,
        0.7686274509803922
      ],
      "variance": 0.23266464313410018
    }
  ]
}