{
  "group_name": "extratic\\assets\\extratic\\textures\\items\\bucket\\bucket_fill_rosite.png",
  "segment_dicts": [
    {
      "equivalent": false,
      "hues": [
        0.647374062165059,
        0.6502732240437159,
        0.6712328767123288
      ],
      "lightness": 0.5928921568627451,
      "sats": [
        0.38826466916354546,
        0.2003659652333029,
        0.11619047619047611
      ],
      "vals": [
        0.5147058823529411,
        0.6123249299719888,
        0.628235294117647
      ],
      "variance": 0.3451491441957655
    },
    {
      "equivalent": false,
      "hues": [
        0.6376811594202899,
        0.6666666666666666,
        0.6818181818181818
      ],
      "lightness": 0.542156862745098,
      "sats": [
        0.18548387096774197,
        0.09016393442622954,
        0.08469055374592822
      ],
      "vals": [
        0.47843137254901963,
        0.48627450980392156,
        0.6019607843137255
      ],
      "variance": 0.37744836338587556
    },
    {
      "equivalent": false,
      "hues": [
        0.6403508771929824,
        0.6540880503144654,
        0.6756756756756758
      ],
      "lightness": 0.626890756302521,
      "sats": [
        0.4691358024691357,
        0.3333333333333333,
        0.23566878980891726
      ],
      "vals": [
        0.615686274509804,
        0.6235294117647059,
        0.6352941176470588
      ],
      "variance": 0.32643043223117163
    }
  ]
}