{
  "group_name": "extratic\\assets\\extratic\\textures\\items\\bucket\\bucket_fill_rosite.png",
  "segment_dicts": [
    {
      "equivalent": false,
      "hues": [
        0.5655913978494623,
        0.5659722222222222,
        0.5662745098039216
      ],
      "lightness": 0.7828431372549018,
      "sats": [
        0.39645522388059695,
        0.20779220779220778,
        0.1602895553257497
      ],
      "vals": [
        0.6320261437908496,
        0.8407843137254901,
        0.9058823529411765
      ],
      "variance": 0.3477467591200006
    },
    {
      "equivalent": false,
      "hues": [
        0.5625,
        0.568181818181818,
        0.5686274509803922
      ],
      "lightness": 0.634313725490196,
      "sats": [
        0.23776223776223782,
        0.12429378531073434,
        0.10666666666666666
      ],
      "vals": [
        0.5607843137254902,
        0.5882352941176471,
        0.6941176470588235
      ],
      "variance": 0.42917432327252
    },
    {
      "equivalent": false,
      "hues": [
        0.5652920962199314,
        0.5659722222222222,
        0.5670995670995671
      ],
      "lightness": 0.8507002801120447,
      "sats": [
        0.46411483253588515,
        0.35321100917431186,
        0.20779220779220778
      ],
      "vals": [
        0.8196078431372549,
        0.8549019607843137,
        0.9058823529411765
      ],
      "variance": 0.32000831578881184
    }
  ]
}