{
  "group_name": "extratic\\assets\\extratic\\textures\\items\\bucket\\bucket_fill_rosite.png",
  "segment_dicts": [
    {
      "equivalent": false,
      "hues": [
        0.10476190476190479,
        0.10760517799352749,
        0.10820413436692505
      ],
      "lightness": 0.6058823529411764,
      "sats": [
        0.7478260869565218,
        0.7291666666666667,
        0.2506082725060827
      ],
      "vals": [
        0.5372549019607843,
        0.5411764705882353,
        0.7529411764705882
      ],
      "variance": 0.33394103296595073
    },
    {
      "equivalent": false,
      "hues": [
        0.10317460317460314,
        0.10606060606060604,
        0.11538461538461538
      ],
      "lightness": 0.5470588235294118,
      "sats": [
        0.31578947368421056,
        0.2436708860759494,
        0.23853211009174305
      ],
      "vals": [
        0.42745098039215684,
        0.5215686274509804,
        0.6196078431372549
      ],
      "variance": 0.3698486709192787
    },
    {
      "equivalent": false,
      "hues": [
        0.10476190476190479,
        0.1067251461988304,
        0.11111111111111109
      ],
      "lightness": 0.5686274509803921,
      "sats": [
        0.763157894736842,
        0.7402597402597403,
        0.7291666666666667
      ],
      "vals": [
        0.4470588235294118,
        0.6039215686274509,
        0.7529411764705882
      ],
      "variance": 0.35581992822923714
    }
  ]
}