{
  "group_name": "extratic\\assets\\extratic\\textures\\items\\bucket\\bucket_fill_rosite.png",
  "segment_dicts": [
    {
      "equivalent": false,
      "hues": [
        0.67003367003367,
        0.6702898550724637,
        0.6717557251908396
      ],
      "lightness": 0.7960784313725491,
      "sats": [
        0.3477876106194691,
        0.19246861924686195,
        0.10725893824485373
      ],
      "vals": [
        0.6032679738562091,
        0.8862745098039216,
        0.9372549019607843
      ],
      "variance": 0.35261209164351814
    },
    {
      "equivalent": false,
      "hues": [
        0.6666666666666666,
        0.6728395061728395,
        0.6742424242424242
      ],
      "lightness": 0.6029411764705883,
      "sats": [
        0.164179104477612,
        0.07913669064748194,
        0.07894736842105267
      ],
      "vals": [
        0.5254901960784314,
        0.5450980392156862,
        0.6705882352941177
      ],
      "variance": 0.46556263156835237
    },
    {
      "equivalent": false,
      "hues": [
        0.6702898550724637,
        0.6714975845410628,
        0.6720430107526881
      ],
      "lightness": 0.8927170868347338,
      "sats": [
        0.42272727272727273,
        0.30000000000000004,
        0.19246861924686195
      ],
      "vals": [
        0.8627450980392157,
        0.9019607843137255,
        0.9372549019607843
      ],
      "variance": 0.3144410305776212
    }
  ]
}