{
  "group_name": "extratic\\assets\\extratic\\textures\\items\\bucket\\bucket_fill_rosite.png",
  "segment_dicts": [
    {
      "equivalent": false,
      "hues": [
        0.6666666666666666
      ],
      "lightness": 0.4852941176470588,
      "sats": [
        0.295774647887324,
        0.1290322580645161,
        0.08359374999999977
      ],
      "vals": [
        0.2784313725490196,
        0.4376470588235294,
        0.5577342047930283
      ],
      "variance": 0.3283298759507619
    },
    {
      "equivalent": false,
      "hues": [
        0.6666666666666666
      ],
      "lightness": 0.4970588235294118,
      "sats": [
        0.062499999999999924,
        0.04166666666666664,
        0.03780068728522323
      ],
      "vals": [
        0.3764705882352941,
        0.47058823529411764,
        0.5705882352941176
      ],
      "variance": 0.32055875462648353
    },
    {
      "equivalent": false,
      "hues": [
        0.6666666666666666
      ],
      "lightness": 0.40308123249299715,
      "sats": [
        0.295774647887324,
        0.17857142857142858,
        0.11258278145695362
      ],
      "vals": [
        0.2784313725490196,
        0.4392156862745098,
        0.592156862745098
      ],
      "variance": 0.3952963933875574
    }
  ]
}