{
  "group_name": "extratic\\assets\\extratic\\textures\\items\\bucket\\bucket_fill_rosite.png",
  "segment_dicts": [
    {
      "equivalent": false,
      "hues": [
        0.14257028112449807,
        0.14313725490196075,
        0.14373716632443534
      ],
      "lightness": 0.7384803921568628,
      "sats": [
        0.5078206465067778,
        0.3711790393013101,
        0.18261826182618263
      ],
      "vals": [
        0.5941176470588235,
        0.752156862745098,
        0.8980392156862745
      ],
      "variance": 0.34310169769870624
    },
    {
      "equivalent": false,
      "hues": [
        0.1410256410256411,
        0.14367816091954022,
        0.14506172839506146
      ],
      "lightness": 0.6000000000000001,
      "sats": [
        0.22834645669291334,
        0.1805555555555555,
        0.15835777126099715
      ],
      "vals": [
        0.4980392156862745,
        0.5647058823529412,
        0.6686274509803922
      ],
      "variance": 0.42228979377704323
    },
    {
      "equivalent": false,
      "hues": [
        0.14285714285714285,
        0.14313725490196075,
        0.1443298969072165
      ],
      "lightness": 0.7708683473389355,
      "sats": [
        0.56,
        0.47783251231527085,
        0.3711790393013101
      ],
      "vals": [
        0.6862745098039216,
        0.796078431372549,
        0.8980392156862745
      ],
      "variance": 0.32868631477849813
    }
  ]
}