{
  "group_name": "extratic\\assets\\extratic\\textures\\items\\bucket\\bucket_fill_rosite.png",
  "segment_dicts": [
    {
      "equivalent": false,
      "hues": [
        0.09887005649717495,
        0.09903381642512081,
        0.09958720330237358
      ],
      "lightness": 0.6247549019607843,
      "sats": [
        0.410941475826972,
        0.375,
        0.13997627520759204
      ],
      "vals": [
        0.5509803921568628,
        0.6164705882352941,
        0.7215686274509804
      ],
      "variance": 0.22755969444027144
    },
    {
      "equivalent": false,
      "hues": [
        0.09649122807017545,
        0.10000000000000007,
        0.10416666666666637
      ],
      "lightness": 0.553921568627451,
      "sats": [
        0.15833333333333335,
        0.15384615384615374,
        0.1269841269841269
      ],
      "vals": [
        0.47058823529411764,
        0.5098039215686274,
        0.6176470588235294
      ],
      "variance": 0.25665914209214685
    },
    {
      "equivalent": false,
      "hues": [
        0.09895833333333331,
        0.09903381642512081,
        0.10000000000000002
      ],
      "lightness": 0.6336134453781512,
      "sats": [
        0.42666666666666664,
        0.4012345679012346,
        0.375
      ],
      "vals": [
        0.5882352941176471,
        0.6352941176470588,
        0.7215686274509804
      ],
      "variance": 0.22437818456552627
    }
  ]
}