{
  "group_name": "extratic\\assets\\extratic\\textures\\items\\bucket\\bucket_fill_rosite.png",
  "segment_dicts": [
    {
      "equivalent": false,
      "hues": [
        0.9966996699669967,
        0.996947496947497,
        0.9982547993019197
      ],
      "lightness": 0.7399509803921569,
      "sats": [
        0.5492957746478874,
        0.45495495495495497,
        0.2087431693989071
      ],
      "vals": [
        0.5980392156862745,
        0.779607843137255,
        0.8705882352941177
      ],
      "variance": 0.34561265705234223
    },
    {
      "equivalent": false,
      "hues": [
        0.9944444444444445,
        0.9946236559139785,
        0.9950980392156862
      ],
      "lightness": 0.6000000000000001,
      "sats": [
        0.2595419847328244,
        0.21276595744680854,
        0.18235294117647058
      ],
      "vals": [
        0.5137254901960784,
        0.5529411764705883,
        0.6666666666666667
      ],
      "variance": 0.42622737403636485
    },
    {
      "equivalent": false,
      "hues": [
        0.9966996699669967,
        0.9968553459119497,
        0.9970760233918129
      ],
      "lightness": 0.7910364145658264,
      "sats": [
        0.6063829787234043,
        0.5145631067961165,
        0.45495495495495497
      ],
      "vals": [
        0.7372549019607844,
        0.807843137254902,
        0.8705882352941177
      ],
      "variance": 0.3232928594850898
    }
  ]
}