{
  "group_name": "extratic\\assets\\extratic\\textures\\items\\bucket\\bucket_fill_rosite.png",
  "segment_dicts": [
    {
      "equivalent": false,
      "hues": [
        0.47190379860642845,
        0.4847883597883597,
        0.49615975422427033
      ],
      "lightness": 0.8259803921568627,
      "sats": [
        0.882212968471148,
        0.8509803921568627,
        0.27631578947368424
      ],
      "vals": [
        0.596078431372549,
        0.9417366946778711,
        1.0
      ],
      "variance": 0.35300563732153434
    },
    {
      "equivalent": false,
      "hues": [
        0.463768115942029,
        0.4764492753623187,
        0.5045045045045046
      ],
      "lightness": 0.5990196078431373,
      "sats": [
        0.3357664233576642,
        0.2890625,
        0.26589595375722547
      ],
      "vals": [
        0.5019607843137255,
        0.5372549019607843,
        0.6784313725490196
      ],
      "variance": 0.4867549090726557
    },
    {
      "equivalent": false,
      "hues": [
        0.4618208516886931,
        0.49615975422427033,
        0.5046554934823092
      ],
      "lightness": 0.9210084033613444,
      "sats": [
        0.8901960784313725,
        0.860576923076923,
        0.8509803921568627
      ],
      "vals": [
        0.8156862745098039,
        1.0
      ],
      "variance": 0.3165831426556796
    }
  ]
}