{
  "group_name": "extratic\\assets\\extratic\\textures\\items\\bucket\\bucket_fill_rosite.png",
  "segment_dicts": [
    {
      "equivalent": false,
      "hues": [
        0.0
      ],
      "lightness": 0.7617647058823529,
      "sats": [
        0.9990817263544536,
        0.4352941176470588,
        0.3671641791044777
      ],
      "vals": [
        0.5833333333333333,
        0.6568627450980392,
        0.8541176470588235
      ],
      "variance": 0.3475140211908409
    },
    {
      "equivalent": false,
      "hues": [
        0.0
      ],
      "lightness": 0.6088235294117648,
      "sats": [
        0.4755244755244755,
        0.43703703703703706,
        0.3819241982507289
      ],
      "vals": [
        0.5294117647058824,
        0.5607843137254902,
        0.6725490196078432
      ],
      "variance": 0.4348122294126946
    },
    {
      "equivalent": false,
      "hues": [
        0.0
      ],
      "lightness": 0.8263305322128851,
      "sats": [
        1.0,
        0.9950248756218906
      ],
      "vals": [
        0.788235294117647,
        0.8313725490196079,
        0.8941176470588236
      ],
      "variance": 0.3203608069927091
    }
  ]
}