{
  "group_name": "extratic\\assets\\extratic\\textures\\items\\mattock\\natura\\netherquartz_mattock_head_broken.png",
  "segment_dicts": [
    {
      "equivalent": false,
      "hues": [
        0.5924219150025601,
        0.6035521725340945,
        0.6372549019607844
      ],
      "lightness": 0.5002801120448178,
      "sats": [
        0.9877819548872181,
        0.8421733505821475,
        0.6891891891891891
      ],
      "vals": [
        0.2901960784313725,
        0.596078431372549,
        0.7578431372549019
      ],
      "variance": 0.34093455901179887
    }
  ]
}