{
  "group_name": "extratic\\assets\\extratic\\textures\\items\\mattock\\metallurgy3\\precious\\brass_mattock_head.png",
  "segment_dicts": [
    {
      "equivalent": false,
      "hues": [
        0.0
      ],
      "lightness": 0.544485294117647,
      "sats": [
        0.0
      ],
      "vals": [
        0.27686274509803926,
        0.7147058823529412,
        0.9388235294117647
      ],
      "variance": 0.37397450358451784
    }
  ]
}