{
  "group_name": "extratic\\assets\\extratic\\textures\\items\\mattock\\metallurgy3\\nether\\vyroxeres_mattock_back.png",
  "segment_dicts": [
    {
      "equivalent": false,
      "hues": [
        0.0
      ],
      "lightness": 0.47205882352941175,
      "sats": [
        0.0
      ],
      "vals": [
        0.26666666666666666,
        0.5882352941176471,
        0.8596078431372549
      ],
      "variance": 0.2827158154095253
    }
  ]
}