{
  "group_name": "extratic\\assets\\extratic\\textures\\items\\mattock\\metallurgy3\\precious\\brass_mattock_head.png",
  "segment_dicts": [
    {
      "equivalent": false,
      "hues": [
        0.7415730337078652,
        0.7667173252279635,
        0.8777777777777779
      ],
      "lightness": 0.3488970588235294,
      "sats": [
        0.9999999999999998,
        0.7262693156732891,
        0.45641025641025634
      ],
      "vals": [
        0.11764705882352941,
        0.507563025210084,
        0.7647058823529411
      ],
      "variance": 0.4101982134707808
    }
  ]
}