{
  "group_name": "extratic\\assets\\extratic\\textures\\items\\mattock\\natura\\netherquartz_mattock_head_broken.png",
  "segment_dicts": [
    {
      "equivalent": false,
      "hues": [
        0.7170542635658914,
        0.717948717948718,
        0.733220530174845
      ],
      "lightness": 0.36470588235294116,
      "sats": [
        0.5016977928692699,
        0.43434343434343436,
        0.4062499999999999
      ],
      "vals": [
        0.2509803921568627,
        0.38823529411764707,
        0.5132897603485839
      ],
      "variance": 0.33000694966779254
    }
  ]
}