{
  "group_name": "extratic\\assets\\extratic\\textures\\items\\mattock\\metallurgy3\\nether\\vyroxeres_mattock_back.png",
  "segment_dicts": [
    {
      "equivalent": false,
      "hues": [
        0.3101851851851852,
        0.3113456464379947,
        0.3121212121212121
      ],
      "lightness": 0.45294117647058824,
      "sats": [
        0.43373493975903604,
        0.4296875,
        0.4258426966292135
      ],
      "vals": [
        0.3254901960784313,
        0.5019607843137255,
        0.6980392156862745
      ],
      "variance": 0.26013776739011424
    }
  ]
}