{
  "group_name": "extratic\\assets\\extratic\\textures\\items\\mattock\\metallurgy3\\nether\\vyroxeres_mattock_back.png",
  "segment_dicts": [
    {
      "equivalent": false,
      "hues": [
        0.0
      ],
      "lightness": 0.25049019607843137,
      "sats": [
        0.0
      ],
      "vals": [
        0.09019607843137259,
        0.3509803921568627,
        0.6009803921568627
      ],
      "variance": 1.0800356456653588
    }
  ]
}