{
  "group_name": "tinker\\assets\\tinker\\textures\\blocks\\glass\\stainedglass_gray.png",
  "segment_dicts": [
    {
      "equivalent": false,
      "hues": [
        0.0
      ],
      "lightness": 0.8140056022408959,
      "sats": [
        0.0
      ],
      "vals": [
        0.796078431372549,
        0.8088235294117647,
        0.819327731092437
      ],
      "variance": 0.1461755281218135
    },
    {
      "equivalent": false,
      "hues": [
        0.0
      ],
      "lightness": 0.6588235294117663,
      "sats": [
        0.0
      ],
      "vals": [
        0.6588235294117647
      ],
      "variance": 0.18060632853826056
    },
    {
      "equivalent": false,
      "hues": [
        0.0
      ],
      "lightness": 0.34117647058823525,
      "sats": [
        0.0
      ],
      "vals": [
        0.33385620915032677,
        0.35163398692810455,
        0.36732026143790847
      ],
      "variance": 0.34875704821181436
    },
    {
      "equivalent": false,
      "hues": [
        0.0
      ],
      "lightness": 0.5540774577131432,
      "sats": [
        0.0
      ],
      "vals": [
        0.3416666666666667,
        0.43529411764705883,
        0.8132352941176471
      ],
      "variance": 0.214749214474053
    }
  ]
}