{
  "group_name": "chisel\\assets\\chisel\\textures\\blocks\\glassdyed\\blue-bubble.png",
  "segment_dicts": [
    {
      "equivalent": false,
      "hues": [
        0.9896296296296296,
        0.9896954667568432,
        0.9917629439452288
      ],
      "lightness": 0.900656976891662,
      "sats": [
        0.527241962774958,
        0.39452560425143984,
        0.20071364852809978
      ],
      "vals": [
        0.6263910969793325,
        0.96374156219865,
        0.9769063180827886
      ],
      "variance": 0.13386098816605924
    }
  ]
}