{
  "group_name": "tinker\\assets\\tinker\\textures\\items\\fishingrod\\slime_fishingrod_bobber.png",
  "segment_dicts": [
    {
      "equivalent": false,
      "hues": [
        0.7399999999999999,
        0.0
      ],
      "lightness": 0.0392156862745098,
      "sats": [
        0.7142857142857143,
        0.0
      ],
      "vals": [
        0.0,
        0.27450980392156865
      ],
      "variance": 2.2385701097965662
    }
  ]
}