{
  "group_name": "buildcraft\\assets\\buildcraft\\textures\\blocks\\pipeAllIron_solid.png",
  "segment_dicts": [
    {
      "equivalent": false,
      "hues": [
        0.6666666666666666,
        0.14041994750656162,
        0.14041994750656164
      ],
      "lightness": 0.8393861892583121,
      "sats": [
        0.671957671957672,
        0.6719576719576715,
        1.236274547071681e-16
      ],
      "vals": [
        0.7411764705882353,
        0.8980392156862745
      ],
      "variance": 0.16345657530249177
    },
    {
      "equivalent": false,
      "hues": [
        0.14041994750656164,
        0.16666666666666666
      ],
      "lightness": 0.7717838354854136,
      "sats": [
        0.671957671957672,
        1.236274547071681e-16
      ],
      "vals": [
        0.7411764705882353,
        0.8980392156862745
      ],
      "variance": 0.17777411957077194
    }
  ]
}