{
  "group_name": "stick",
  "segment_dicts": [
    {
      "colorize": true,
      "hues": [
        0.09624413145539906,
        0.09624413145539906,
        0.09624413145539906,
        0.09624413145539906,
        0.09624413145539906,
        0.09624413145539906,
        0.09624413145539906,
        0.09624413145539906,
        0.09624413145539906,
        0.09624413145539906,
        0.09624413145539906,
        0.09624413145539906,
        0.09624413145539906
      ],
      "id": 0,
      "lightness": 0.20392156862745098,
      "sats": [
        0.7395833333333334,
        0.7395833333333334,
        0.7395833333333334,
        0.7395833333333334,
        0.7395833333333334,
        0.7395833333333334,
        0.7395833333333334,
        0.7395833333333334,
        0.7395833333333334,
        0.7395833333333334,
        0.7395833333333334,
        0.7395833333333334,
        0.7395833333333334
      ],
      "vals": [
        0.3764705882352941,
        0.3764705882352941,
        0.3764705882352941,
        0.3764705882352941,
        0.3764705882352941,
        0.3764705882352941,
        0.3764705882352941,
        0.3764705882352941,
        0.3764705882352941,
        0.3764705882352941,
        0.3764705882352941,
        0.3764705882352941,
        0.3764705882352941
      ],
      "variance": 0.6371019284809748
    }
  ]
}