{
  "group_name": "chisel\\assets\\chisel\\textures\\blocks\\lavastone\\black.png",
  "segment_dicts": [
    {
      "equivalent": true,
      "hues": [
        0.01988693720977393,
        0.03321328531412565,
        0.06793629580131415
      ],
      "lightness": 0.16583843426669562,
      "sats": [
        0.6248434237995827,
        0.5988497483824586,
        0.43527550751384475
      ],
      "vals": [
        0.0821796121763625,
        0.38963585434173664,
        0.9886480908152739
      ],
      "variance": 2.166683934424175
    }
  ]
}