{
  "group_name": "extratic\\assets\\extratic\\textures\\items\\longbow\\metallurgy3\\nether\\ceruclase_bow_bottom_3.png",
  "segment_dicts": [
    {
      "equivalent": false,
      "hues": [
        0.7593440122044242,
        0.7611111111111111,
        0.7638888888888888
      ],
      "lightness": 0.5738140417457305,
      "sats": [
        0.40000000000000013,
        0.39999999999999997,
        0.2045880149812735
      ],
      "vals": [
        0.35294117647058826,
        0.5882352941176471,
        0.7614973262032086
      ],
      "variance": 0.15665109454163936
    }
  ]
}