{
  "group_name": "extratic\\assets\\extratic\\textures\\items\\battlesign\\natura\\netherquartz_battlesign_handle.png",
  "segment_dicts": [
    {
      "equivalent": false,
      "hues": [
        0.0
      ],
      "lightness": 0.10823529411764707,
      "sats": [
        0.0
      ],
      "vals": [
        0.04705882352941178,
        0.11372549019607843,
        0.20980392156862746
      ],
      "variance": 1.9411288018720014
    }
  ]
}