{
  "group_name": "extratic\\assets\\extratic\\textures\\items\\pickmattock\\aoa\\jade_pickmattock_head.png",
  "segment_dicts": [
    {
      "equivalent": false,
      "hues": [
        0.07183908045977011,
        0.0729166666666667,
        0.07504363001745196
      ],
      "lightness": 0.31058823529411766,
      "sats": [
        0.49804432855280306,
        0.2929292929292929,
        0.14349775784753363
      ],
      "vals": [
        0.18799019607843134,
        0.7764705882352941,
        0.8745098039215686
      ],
      "variance": 0.38539844036520843
    }
  ]
}