{
  "group_name": "extratic\\assets\\extratic\\textures\\items\\pickaxe\\tcon\\glue_pickaxe_accessory.png",
  "segment_dicts": [
    {
      "equivalent": false,
      "hues": [
        0.07183908045977011,
        0.0729166666666667,
        0.07500000000000001
      ],
      "lightness": 0.42156862745098034,
      "sats": [
        0.49792531120331945,
        0.2929292929292929,
        0.14349775784753363
      ],
      "vals": [
        0.18901960784313726,
        0.7764705882352941,
        0.8745098039215686
      ],
      "variance": 0.16433850708038727
    }
  ]
}