{
  "group_name": "extratic\\assets\\extratic\\textures\\items\\arrow\\metallurgy3\\fantasy\\mithril_arrow_shaft.png",
  "segment_dicts": [
    {
      "equivalent": false,
      "hues": [
        0.11949685534591196,
        0.12096774193548387,
        0.1269841269841271
      ],
      "lightness": 0.5568627450980392,
      "sats": [
        0.62,
        0.23766816143497774,
        0.08713692946058084
      ],
      "vals": [
        0.392156862745098,
        0.8745098039215686,
        0.9450980392156862
      ],
      "variance": 0.17932270755907176
    }
  ]
}