{
  "group_name": "extratic\\assets\\extratic\\textures\\items\\bolt\\generic\\sapphire_bolt_head.png",
  "segment_dicts": [
    {
      "equivalent": false,
      "hues": [
        0.3757309941520468,
        0.3925318761384335,
        0.39278752436647174
      ],
      "lightness": 0.7424836601307189,
      "sats": [
        0.76,
        0.6184448462929475,
        0.4084821428571429
      ],
      "vals": [
        0.5882352941176471,
        0.722875816993464,
        0.8784313725490196
      ],
      "variance": 0.031179586765123713
    }
  ]
}