{
  "group_name": "extratic\\assets\\extratic\\textures\\items\\dagger\\ae\\certus_quartz_dagger_accessory.png",
  "segment_dicts": [
    {
      "equivalent": false,
      "hues": [
        0.0
      ],
      "lightness": 0.15735294117647058,
      "sats": [
        0.0
      ],
      "vals": [
        0.10588235294117646,
        0.23529411764705882,
        0.38823529411764707
      ],
      "variance": 1.3054025770535334
    }
  ]
}