{
  "group_name": "extratic\\assets\\extratic\\textures\\items\\dagger\\metallurgy3\\fantasy\\astral_silver_dagger_blade_broken.png",
  "segment_dicts": [
    {
      "equivalent": false,
      "hues": [
        0.984375,
        0.0,
        0.016666666666666663
      ],
      "lightness": 0.34215686274509804,
      "sats": [
        1.0,
        0.7843137254901961,
        0.5000000000000001
      ],
      "vals": [
        0.25098039215686274,
        0.4,
        0.5882352941176471
      ],
      "variance": 0.6501140592531972
    }
  ]
}