{
  "group_name": "extratic\\assets\\extratic\\textures\\items\\dagger\\ae\\certus_quartz_dagger_accessory.png",
  "segment_dicts": [
    {
      "equivalent": false,
      "hues": [
        0.0,
        0.046113306982872214
      ],
      "lightness": 0.5926470588235293,
      "sats": [
        1.0,
        0.976470588235294,
        0.900763358778626
      ],
      "vals": [
        0.5137254901960784,
        0.6666666666666666,
        0.9921568627450981
      ],
      "variance": 0.17940329595756443
    }
  ]
}