{
  "group_name": "extratic\\assets\\extratic\\textures\\items\\dagger\\metallurgy3\\precious\\brass_dagger_handle.png",
  "segment_dicts": [
    {
      "equivalent": false,
      "hues": [
        0.10119047619047623,
        0.10135135135135138,
        0.14382402707275802
      ],
      "lightness": 0.9837535014005602,
      "sats": [
        0.7817460317460319,
        0.296,
        0.08400000000000005
      ],
      "vals": [
        0.9803921568627451,
        0.9882352941176471
      ],
      "variance": 0.0038666541024900076
    }
  ]
}