{
  "group_name": "thermalfoundation\\assets\\thermalfoundation\\textures\\items\\material\\DustLead.png",
  "segment_dicts": [
    {
      "equivalent": false,
      "hues": [
        0.5536407390156808,
        0.5624882893011055,
        0.5680763740185583
      ],
      "lightness": 0.6575335397316822,
      "sats": [
        0.5123847926267281,
        0.4790272199910754,
        0.3900605554395489
      ],
      "vals": [
        0.48154851684263444,
        0.7166150670794633,
        0.9764705882352941
      ],
      "variance": 0.4368469136308541
    }
  ]
}