{
  "group_name": "enderio\\assets\\enderio\\textures\\items\\old\\ingotLead.png",
  "segment_dicts": [
    {
      "equivalent": false,
      "hues": [
        0.5478756348321565,
        0.5610069827269387,
        0.5626733222407099
      ],
      "lightness": 0.5476530005941771,
      "sats": [
        0.4354368932038834,
        0.42282256929787526,
        0.35243831358072686
      ],
      "vals": [
        0.3308903889424623,
        0.6058823529411764,
        0.9694117647058822
      ],
      "variance": 0.5292334138042958
    }
  ]
}