{
  "group_name": "agricraft\\assets\\agricraft\\textures\\items\\nuggetCopper.png",
  "segment_dicts": [
    {
      "equivalent": false,
      "hues": [
        0.559311981020166,
        0.562962962962963,
        0.5647721454173067
      ],
      "lightness": 0.7058823529411764,
      "sats": [
        0.41950519899605593,
        0.4122862571247625,
        0.1603881278538813
      ],
      "vals": [
        0.5160130718954249,
        0.7291503267973857,
        0.9815126050420168
      ],
      "variance": 0.25759456009820225
    }
  ]
}