{
  "group_name": "extratic\\assets\\extratic\\textures\\items\\frypan\\metallurgy3\\precious\\brass_frypan_head_broken.png",
  "segment_dicts": [
    {
      "equivalent": false,
      "hues": [
        0.0975454930173512,
        0.11111111111111165,
        0.11728395061728403
      ],
      "lightness": 0.5451960784313725,
      "sats": [
        0.29347826086956513,
        0.2916666666666668,
        0.19772403982930295
      ],
      "vals": [
        0.2823529411764704,
        0.36078431372549014,
        0.7943502824858755
      ],
      "variance": 0.3205391542590797
    }
  ]
}