{
  "group_name": "extratic\\assets\\extratic\\textures\\items\\frypan\\metallurgy3\\nether\\kalendrite_frypan_handle.png",
  "segment_dicts": [
    {
      "equivalent": false,
      "hues": [
        0.0968992248062015,
        0.11085972850678727,
        0.11728395061728393
      ],
      "lightness": 0.6426312460468058,
      "sats": [
        0.29347826086956513,
        0.21827411167512697,
        0.21067683508102955
      ],
      "vals": [
        0.36078431372549014,
        0.7725490196078432,
        0.8227450980392157
      ],
      "variance": 0.11387058063603835
    }
  ]
}