{
  "group_name": "extratic\\assets\\extratic\\textures\\items\\pickaxe\\natura\\netherquartz_pickaxe_head_broken.png",
  "segment_dicts": [
    {
      "equivalent": false,
      "hues": [
        0.10416666666666678,
        0.5864197530864197,
        0.5964912280701754
      ],
      "lightness": 0.3583807716635041,
      "sats": [
        0.42352941176470593,
        0.29090909090909106,
        0.15702479338842967
      ],
      "vals": [
        0.2156862745098039,
        0.4745098039215686,
        1.0
      ],
      "variance": 0.6279858768018538
    }
  ]
}