{
  "group_name": "agricraft\\assets\\agricraft\\textures\\items\\nuggetCopper.png",
  "segment_dicts": [
    {
      "equivalent": false,
      "hues": [
        0.6262626262626262,
        0.6346153846153847,
        0.6347222222222223
      ],
      "lightness": 0.398154555940023,
      "sats": [
        0.3300000000000001,
        0.26865671641791045,
        0.22807017543859653
      ],
      "vals": [
        0.2627450980392157,
        0.4470588235294118,
        0.7843137254901961
      ],
      "variance": 0.43860376904118703
    }
  ]
}