{
  "group_name": "agricraft\\assets\\agricraft\\textures\\items\\seedTulipRed.png",
  "segment_dicts": [
    {
      "equivalent": false,
      "hues": [
        0.8430145963658029,
        0.8479120336051397,
        0.07575757575757579
      ],
      "lightness": 0.8290694055399938,
      "sats": [
        0.6644295302013423,
        0.42579908675799094,
        0.3763425861347469
      ],
      "vals": [
        0.7011764705882353,
        0.803249299719888,
        0.8961636828644501
      ],
      "variance": 0.3048981745239644
    }
  ]
}