{
  "group_name": "agricraft\\assets\\agricraft\\textures\\items\\seedShroomBrown.png",
  "segment_dicts": [
    {
      "equivalent": true,
      "hues": [
        0.09166196122717857,
        0.09665358010843143,
        0.10430021367521362
      ],
      "lightness": 0.6563418649902707,
      "sats": [
        0.34255319148936175,
        0.32394622093023256,
        0.3145161290322581
      ],
      "vals": [
        0.5792717086834734,
        0.6348327566320646,
        0.666890756302521
      ],
      "variance": 0.5014127777170315
    }
  ]
}