{
  "group_name": "agricraft\\assets\\agricraft\\textures\\items\\seedBotaniaPink.png",
  "segment_dicts": [
    {
      "equivalent": false,
      "hues": [
        0.6634972380693652,
        0.6745681734656377,
        0.6843434343434343
      ],
      "lightness": 0.5660191073806984,
      "sats": [
        0.7845268542199487,
        0.4743723849372385,
        0.12571428571428558
      ],
      "vals": [
        0.5111111111111111,
        0.6816399286987522,
        0.6862745098039216
      ],
      "variance": 0.6401261682761572
    }
  ]
}