{
  "group_name": "agricraft\\assets\\agricraft\\textures\\items\\seedPetinia.png",
  "segment_dicts": [
    {
      "equivalent": false,
      "hues": [
        0.58130081300813
      ],
      "lightness": 0.6627450980392157,
      "sats": [
        0.24260355029585798
      ],
      "vals": [
        0.6627450980392157
      ],
      "variance": 0.24543449079907398
    },
    {
      "equivalent": false,
      "hues": [
        0.58130081300813,
        0.5915492957746479,
        0.6058558558558559
      ],
      "lightness": 0.5473968897903989,
      "sats": [
        0.6379310344827586,
        0.5144927536231884,
        0.24260355029585798
      ],
      "vals": [
        0.4549019607843137,
        0.5411764705882353,
        0.6627450980392157
      ],
      "variance": 0.2971527765331674
    }
  ]
}