{
  "group_name": "extratic\\assets\\extratic\\textures\\items\\cleaver\\natura\\darkwood_cleaver_shield.png",
  "segment_dicts": [
    {
      "equivalent": false,
      "hues": [
        0.0
      ],
      "lightness": 0.4503862150920975,
      "sats": [
        0.0
      ],
      "vals": [
        0.15686274509803927,
        0.6078431372549019,
        0.6745098039215687
      ],
      "variance": 0.35827667463217366
    }
  ]
}