{
  "group_name": "natura\\assets\\natura\\textures\\items\\fusewood_stick.png",
  "segment_dicts": [
    {
      "equivalent": false,
      "hues": [
        0.9166666666666666,
        0.1411177644710579,
        0.1411791801013358
      ],
      "lightness": 0.45638579756226816,
      "sats": [
        0.8584420719652035,
        0.6895127993393889,
        4.751793775891239e-16
      ],
      "vals": [
        0.1168214654282766,
        0.7628959276018099,
        0.9498039215686274
      ],
      "variance": 0.4606899908523837
    }
  ]
}