{
  "group_name": "minecraft\\assets\\minecraft\\textures\\items\\ender_eye.png",
  "segment_dicts": [
    {
      "equivalent": false,
      "hues": [
        0.1339616927852222,
        0.16148263348885425,
        0.16542816702052368
      ],
      "lightness": 0.7485982822881219,
      "sats": [
        0.6516205416605001,
        0.49916729750189254,
        0.21221122112211216
      ],
      "vals": [
        0.616233470132239,
        0.7969834087481147,
        0.914027149321267
      ],
      "variance": 0.5156622409829451
    }
  ]
}