{
  "group_name": "advancedsolarpanel\\assets\\advancedsolarpanel\\textures\\items\\SunnariumAlloy.png",
  "segment_dicts": [
    {
      "equivalent": false,
      "hues": [
        0.0,
        0.08534126590646178,
        0.34208116444958564
      ],
      "lightness": 0.5610052471692903,
      "sats": [
        0.9921298573536645,
        0.9847643457212027,
        0.0
      ],
      "vals": [
        0.3530920060331825,
        0.5107843137254902,
        0.99656862745098
      ],
      "variance": 0.574092307387743
    },
    {
      "equivalent": false,
      "hues": [
        0.3443526170798898
      ],
      "lightness": 0.4901960784313726,
      "sats": [
        0.9758064516129032,
        0.9603174603174603
      ],
      "vals": [
        0.48627450980392156,
        0.49411764705882355
      ],
      "variance": 0.6570203454802598
    }
  ]
}