{
  "group_name": "extratic\\assets\\extratic\\textures\\items\\crossbow\\metallurgy3\\fantasy\\oureclase_crossbow_binding.png",
  "segment_dicts": [
    {
      "equivalent": false,
      "hues": [
        0.7748917748917749,
        0.7760736196319019,
        0.7765700483091788
      ],
      "lightness": 0.41151960784313724,
      "sats": [
        1.0,
        0.9939024390243902,
        0.9928057553956835
      ],
      "vals": [
        0.30196078431372547,
        0.5450980392156862,
        0.6431372549019608
      ],
      "variance": 0.0885744965777692
    }
  ]
}