{
  "group_name": "extratic\\assets\\extratic\\textures\\items\\crossbow\\metallurgy3\\fantasy\\oureclase_crossbow_binding.png",
  "segment_dicts": [
    {
      "equivalent": false,
      "hues": [
        0.0
      ],
      "lightness": 0.40955882352941175,
      "sats": [
        0.0
      ],
      "vals": [
        0.38823529411764707,
        0.4196078431372549,
        0.47058823529411764
      ],
      "variance": 0.11620133610458865
    }
  ]
}