{
  "group_name": "extratic\\assets\\extratic\\textures\\items\\lumberaxe\\generic\\amethyst_lumberaxe_handle.png",
  "segment_dicts": [
    {
      "equivalent": false,
      "hues": [
        0.752607425949103,
        0.7535211267605634,
        0.7540983606557377
      ],
      "lightness": 0.9432962374138846,
      "sats": [
        0.3155555555555556,
        0.2552301255230126,
        0.18694431445952273
      ],
      "vals": [
        0.8823529411764706,
        0.9372549019607843,
        0.9859284890426758
      ],
      "variance": 0.04944526550015939
    }
  ]
}