{
  "group_name": "extratic\\assets\\extratic\\textures\\items\\javelin\\ae\\certus_quartz_javelin_head.png",
  "segment_dicts": [
    {
      "equivalent": false,
      "hues": [
        0.0
      ],
      "lightness": 0.047058823529411764,
      "sats": [
        0.0
      ],
      "vals": [
        0.047058823529411764
      ],
      "variance": 4.854709360241053
    },
    {
      "equivalent": false,
      "hues": [
        0.0
      ],
      "lightness": 0.4117647058823529,
      "sats": [
        0.0
      ],
      "vals": [
        0.18823529411764706,
        0.4470588235294118,
        0.6
      ],
      "variance": 0.5548239268846917
    }
  ]
}