{
  "group_name": "tinker\\assets\\tinker\\textures\\items\\fishingrod\\pigiron_fishingrod_flail.png",
  "segment_dicts": [
    {
      "equivalent": false,
      "hues": [
        0.6666666666666666,
        0.7142857142857143
      ],
      "lightness": 0.12418300653594772,
      "sats": [
        0.4285714285714286,
        0.2608695652173913
      ],
      "vals": [
        0.09019607843137255,
        0.19215686274509805
      ],
      "variance": 0.7041831978237004
    },
    {
      "equivalent": false,
      "hues": [
        0.7162162162162162,
        0.7192982456140351
      ],
      "lightness": 0.2091503267973856,
      "sats": [
        0.4871794871794872,
        0.45121951219512196
      ],
      "vals": [
        0.15294117647058825,
        0.3215686274509804
      ],
      "variance": 0.4181087737078222
    }
  ]
}