{
  "group_name": "logisticspipes\\assets\\logisticspipes\\textures\\items\\remoteOrdererItem\\14.png",
  "segment_dicts": [
    {
      "equivalent": false,
      "hues": [
        0.0
      ],
      "lightness": 0.35822021116138764,
      "sats": [
        0.0
      ],
      "vals": [
        0.0,
        0.37254901960784315
      ],
      "variance": 0.89692183803494
    },
    {
      "equivalent": false,
      "hues": [
        0.4539473684210526
      ],
      "lightness": 0.9098039215686273,
      "sats": [
        0.32758620689655166
      ],
      "vals": [
        0.9098039215686274
      ],
      "variance": 0.353148104332391
    },
    {
      "equivalent": false,
      "hues": [
        0.0
      ],
      "lightness": 0.0,
      "sats": [
        0.0
      ],
      "vals": [
        0.0
      ],
      "variance": Infinity
    }
  ]
}