{
  "group_name": "logisticspipes\\assets\\logisticspipes\\textures\\items\\remoteOrdererItem\\14.png",
  "segment_dicts": [
    {
      "equivalent": false,
      "hues": [
        0.0
      ],
      "lightness": 0.35822021116138764,
      "sats": [
        0.0
      ],
      "vals": [
        0.0,
        0.37254901960784315
      ],
      "variance": 0.8957214783396694
    },
    {
      "equivalent": false,
      "hues": [
        0.16666666666666666
      ],
      "lightness": 0.9019607843137256,
      "sats": [
        0.8217391304347826
      ],
      "vals": [
        0.9019607843137255
      ],
      "variance": 0.35574222592921645
    },
    {
      "equivalent": false,
      "hues": [
        0.0
      ],
      "lightness": 0.0,
      "sats": [
        0.0
      ],
      "vals": [
        0.0
      ],
      "variance": Infinity
    }
  ]
}