{
  "group_name": "logisticspipes\\assets\\logisticspipes\\textures\\items\\remoteOrdererItem\\14.png",
  "segment_dicts": [
    {
      "equivalent": false,
      "hues": [
        0.0
      ],
      "lightness": 0.35822021116138764,
      "sats": [
        0.0
      ],
      "vals": [
        0.0,
        0.37254901960784315
      ],
      "variance": 0.9041732476478348
    },
    {
      "equivalent": false,
      "hues": [
        0.7751937984496124
      ],
      "lightness": 0.6,
      "sats": [
        0.5620915032679739
      ],
      "vals": [
        0.6
      ],
      "variance": 0.5398218861648084
    },
    {
      "equivalent": false,
      "hues": [
        0.0
      ],
      "lightness": 0.0,
      "sats": [
        0.0
      ],
      "vals": [
        0.0
      ],
      "variance": Infinity
    }
  ]
}