{
  "group_name": "extratic\\assets\\extratic\\textures\\items\\battleaxe\\oodmod\\kroostyl_battleaxe_back.png",
  "segment_dicts": [
    {
      "equivalent": false,
      "hues": [
        0.09289617486338797,
        0.09523809523809519,
        0.09629629629629631
      ],
      "lightness": 0.34422657952069713,
      "sats": [
        0.5922330097087378,
        0.5697674418604651,
        0.5625
      ],
      "vals": [
        0.3137254901960784,
        0.33725490196078434,
        0.403921568627451
      ],
      "variance": 0.24035462374666358
    }
  ]
}