{
  "group_name": "extratic\\assets\\extratic\\textures\\items\\lumberaxe\\generic\\amethyst_lumberaxe_handle.png",
  "segment_dicts": [
    {
      "equivalent": false,
      "hues": [
        0.0
      ],
      "lightness": 0.39618441971383145,
      "sats": [
        0.0
      ],
      "vals": [
        0.2352941176470588,
        0.403921568627451,
        0.6
      ],
      "variance": 0.5501733181539027
    }
  ]
}