{
  "group_name": "extratic\\assets\\extratic\\textures\\items\\lumberaxe\\metallurgy3\\precious\\brass_lumberaxe_binding.png",
  "segment_dicts": [
    {
      "equivalent": false,
      "hues": [
        0.10135135135135138,
        0.10185185185185187,
        0.14382402707275802
      ],
      "lightness": 0.9832442067736185,
      "sats": [
        0.7817460317460317,
        0.296,
        0.10799999999999996
      ],
      "vals": [
        0.9803921568627451,
        0.9882352941176471
      ],
      "variance": 0.0035461138937537048
    }
  ]
}