{
  "group_name": "extratic\\assets\\extratic\\textures\\items\\lumberaxe\\generic\\amethyst_lumberaxe_handle.png",
  "segment_dicts": [
    {
      "equivalent": false,
      "hues": [
        0.38395638629283485,
        0.43715846994535523,
        0.4471014492753623
      ],
      "lightness": 0.8889242183359831,
      "sats": [
        0.9727272727272727,
        0.9552572706935123,
        0.9465020576131686
      ],
      "vals": [
        0.8627450980392157,
        0.8764705882352941,
        0.9529411764705882
      ],
      "variance": 0.046303426196157835
    }
  ]
}