{
  "group_name": "extratic\\assets\\extratic\\textures\\items\\longbow\\generic\\sapphire_bow_bottom.png",
  "segment_dicts": [
    {
      "equivalent": true,
      "hues": [
        0.6217948717948718,
        0.6225215114104002,
        0.6228956228956228
      ],
      "lightness": 0.6332549019607844,
      "sats": [
        0.7428571428571428,
        0.7345424567188787,
        0.4520547945205479
      ],
      "vals": [
        0.4117647058823529,
        0.6795518207282913,
        0.8588235294117647
      ],
      "variance": 0.08859644600343236
    }
  ]
}